transaction_id,region,product_category,quantity,unit_price,discount_percent,transaction_date
TXN-10001,West,Electronics,20,120.62,10,2025-05-03
TXN-10002,South,Electronics,9,70.99,12,2025-04-25
TXN-10003,North,Groceries,12,339.60,3,2025-04-19
TXN-10004,South,Groceries,6,106.32,3,2025-05-15
TXN-10005,South,Electronics,10,428.55,2,2025-05-24
TXN-10006,West,Groceries,18,496.00,28,2025-04-05
TXN-10007,South,Apparel,9,92.28,29,2025-05-27
TXN-10008,East,Fitness,10,339.89,16,2025-04-15
TXN-10009,South,Books,2,136.43,24,2025-04-25
TXN-10010,South,Apparel,7,202.47,20,2025-04-18
TXN-10011,North,Books,13,371.01,2,2025-05-08
TXN-10012,West,Apparel,3,196.05,13,2025-03-21
TXN-10013,West,Apparel,12,500.36,21,2025-05-28
TXN-10014,South,Electronics,11,146.34,14,2025-03-23
TXN-10015,East,Books,18,482.57,14,2025-05-13
TXN-10007,South,Apparel,14,310.98,29,2025-05-04
TXN-10017,North,Home & Kitchen,11,327.94,3,2025-05-19
TXN-10018,North,Apparel,19,93.00,29,2025-03-21
TXN-10019,East,Fitness,15,404.85,27,2025-03-12
TXN-10020,East,Apparel,2,451.16,3,2025-05-07
TXN-10021,East,Fitness,18,21.68,3,2025-04-02
TXN-10022,South,Electronics,16,88.32,24,2025-05-08
TXN-10023,North,Home & Kitchen,18,432.70,29,2025-03-29
TXN-10024,North,Apparel,3,314.83,17,2025-04-28
TXN-10025,East,Fitness,18,460.07,24,2025-03-19
TXN-10026,West,Electronics,3,204.18,0,2025-04-04
TXN-10027,West,Home & Kitchen,17,245.42,19,2025-05-24
TXN-10028,East,Books,16,398.12,10,2025-05-08
TXN-10029,West,Fitness,16,349.32,11,2025-04-14
TXN-10030,North,Apparel,5,465.90,6,2025-04-20
TXN-10031,South,Fitness,13,260.73,7,2025-04-07
TXN-10032,West,Fitness,2,290.76,20,2025-06-01
TXN-10033,North,Fitness,1,29.49,2,2025-05-16
TXN-10034,West,Apparel,6,260.45,11,2025-04-15
TXN-10035,East,Books,16,205.84,5,2025-04-24
TXN-10036,North,Apparel,18,314.02,2,2025-04-10
TXN-10037,East,Groceries,-1,53.14,28,2025-05-17
TXN-10038,North,Fitness,13,424.11,2,2025-04-28
TXN-10039,West,Electronics,4,23.27,27,2025-05-21
TXN-10040,East,Apparel,14,406.85,15,2025-04-10
TXN-10041,South,Books,17,272.47,11,2025-04-10
TXN-10042,North,Groceries,9,343.78,25,2025-03-16
TXN-10043,East,Fitness,19,336.33,5,2025-05-03
TXN-10044,West,Electronics,5,247.70,18,2025-05-22
TXN-10045,North,Apparel,3,257.15,10,2025-03-24
TXN-10046,South,Groceries,9,205.00,15,2099-12-31
TXN-10047,East,Books,8,105.25,23,2025-03-30
TXN-10048,North,Fitness,16,89.83,11,2025-05-10
TXN-10049,East,Apparel,1,313.96,5,2025-05-24
TXN-10050,North,Home & Kitchen,9,301.76,6,2025-03-05
TXN-10051,East,Electronics,1,21.55,15,2025-04-30
TXN-10052,West,Groceries,5,93.29,7,2025-05-28
TXN-10053,West,Apparel,4,300.11,7,2025-03-15
TXN-10054,North,Electronics,11,326.30,11,2025-05-30
TXN-10055,East,Apparel,20,435.75,3,2025-04-06
TXN-10056,South,Home & Kitchen,15,428.46,14,2025-05-01
TXN-10057,East,Books,13,423.56,25,2025-03-25
TXN-10058,West,Home & Kitchen,20,250.45,25,2025-05-16
TXN-10059,East,Home & Kitchen,1,187.79,15,2025-03-23
TXN-10060,West,Home & Kitchen,4,402.19,28,2025-03-27
TXN-10061,South,Fitness,12,450.88,7,2025-05-07
TXN-10062,North,Home & Kitchen,2,497.56,21,2025-05-07
TXN-10063,South,Apparel,12,204.90,24,2025-05-17
TXN-10064,South,Fitness,9,436.73,28,2025-03-05
TXN-10065,East,Home & Kitchen,7,407.18,3,2025-05-28
TXN-10066,North,Home & Kitchen,1,221.50,1,2025-03-30
TXN-10067,South,Books,4,176.02,13,2025-05-18
TXN-10068,East,Electronics,7,50.64,21,2025-03-28
TXN-10069,North,Groceries,20,22.03,26,2025-03-19
TXN-10070,East,Home & Kitchen,6,399.92,22,2025-05-29
TXN-10071,North,Apparel,9,63.65,2,2025-03-09
TXN-10072,West,Groceries,10,105.50,3,2025-04-26
TXN-10073,East,Groceries,1,160.83,3,2025-05-11
TXN-10074,East,Fitness,15,305.97,20,2025-04-19
TXN-10075,North,Groceries,4,493.31,13,2025-05-22
TXN-10076,South,Books,9,187.47,23,2025-05-30
TXN-10040,East,Books,12,217.22,6,2025-05-24
TXN-10078,West,Groceries,8,53.39,28,2025-05-29
TXN-10079,West,Home & Kitchen,20,153.90,27,2025-04-24
TXN-10080,North,Fitness,13,61.85,11,2025-03-19
TXN-10081,South,Apparel,11,103.78,20,2025-04-20
TXN-10082,West,Home & Kitchen,12,293.17,28,2025-03-13
TXN-10083,West,Electronics,4,438.27,27,2025-04-18
TXN-10084,East,Books,10,61.98,22,2025-05-14
TXN-10085,South,Electronics,7,278.23,26,2025-05-12
TXN-10086,West,Home & Kitchen,11,31.74,16,2025-03-30
TXN-10087,South,Electronics,12,375.89,23,2025-05-06
TXN-10088,East,Books,6,249.03,3,2025-03-15
TXN-10089,North,Electronics,8,246.57,11,2025-05-23
TXN-10090,East,Home & Kitchen,12,323.21,30,2025-05-03
TXN-10091,East,Groceries,11,200.20,3,2025-04-09
TXN-10092,East,Apparel,2,37.52,18,2025-05-08
TXN-10093,West,Electronics,6,498.01,21,2025-03-14
TXN-10094,East,Groceries,19,184.63,5,2025-04-02
TXN-10095,East,Groceries,7,193.56,4,2025-04-10
TXN-10096,West,Electronics,12,241.42,27,2025-05-24
TXN-10097,West,Apparel,8,309.92,2,2025-05-10
TXN-10098,West,Books,14,256.32,11,2099-12-31
TXN-10099,East,Fitness,5,340.74,3,2025-03-04
TXN-10100,East,Apparel,2,429.15,29,2025-03-08
TXN-10101,East,Electronics,14,241.15,29,2025-04-07
TXN-10102,North,Books,17,499.77,24,2025-04-21
TXN-10103,West,Apparel,2,166.53,12,2025-04-30
TXN-10104,East,Apparel,9,246.71,28,2025-05-31
TXN-10105,North,Groceries,6,153.79,30,2025-05-03
TXN-10106,West,Books,13,338.91,16,2025-05-18
TXN-10107,South,Groceries,11,119.72,24,2025-03-05
TXN-10108,South,Fitness,11,428.69,4,2025-04-21
TXN-10109,East,Home & Kitchen,18,21.53,27,2025-05-22
TXN-10110,South,Home & Kitchen,19,26.88,27,2025-04-29
TXN-10111,West,Home & Kitchen,16,322.75,1,2025-03-27
TXN-10112,East,Groceries,2,57.32,6,2025-04-25
TXN-10113,South,Fitness,3,171.06,27,2025-04-24
TXN-10114,North,Electronics,13,463.04,20,2025-05-28
TXN-10115,North,Electronics,17,449.63,2,2025-05-17
TXN-10116,East,Electronics,3,472.13,15,2025-05-22
TXN-10117,North,Groceries,15,47.67,26,2025-04-15
TXN-10118,West,Electronics,18,352.59,16,2025-05-30
TXN-10119,North,Fitness,17,40.01,20,2025-05-21
TXN-10120,East,Electronics,10,11.28,21,2025-05-24
TXN-10121,East,Fitness,16,445.39,9,2025-05-30
TXN-10122,West,Fitness,18,14.58,13,2025-04-15
TXN-10123,West,Books,16,139.09,29,2025-05-05
TXN-10124,South,Groceries,19,471.59,5,2025-04-10
TXN-10125,East,Apparel,16,96.76,3,2025-04-25
TXN-10126,West,Home & Kitchen,2,38.42,1,2025-05-26
TXN-10127,West,Electronics,9,309.40,14,2025-05-29
TXN-10128,West,Books,2,285.11,17,2025-05-17
TXN-10129,North,Home & Kitchen,11,460.64,29,2025-04-11
TXN-10130,East,Home & Kitchen,15,71.95,23,2025-04-01
TXN-10131,East,Fitness,11,60.15,28,2099-12-31
TXN-10132,West,Books,9,331.97,14,2025-04-20
TXN-10133,North,Home & Kitchen,2,428.76,10,2025-03-23
TXN-10133,South,Apparel,15,324.41,17,2025-05-12
TXN-10135,South,Electronics,6,130.30,18,2025-04-15
TXN-10136,North,Electronics,18,363.30,17,2025-05-07
TXN-10137,South,Fitness,11,45.90,27,2025-05-09
TXN-10138,North,Home & Kitchen,20,391.29,21,2025-03-07
TXN-10139,South,Books,20,INVALID_PRICE,3,2025-05-21
TXN-10140,East,Electronics,10,317.76,3,2025-04-19
TXN-10141,East,Groceries,8,454.28,14,2025-05-05
TXN-10142,East,Fitness,17,137.73,11,2025-04-27
TXN-10143,South,Books,9,172.44,3,2025-05-17
TXN-10144,North,Books,19,352.52,11,2025-03-06
TXN-10145,South,Groceries,17,219.32,13,2025-06-01
TXN-10146,East,Apparel,19,256.24,29,2025-05-28
TXN-10147,South,Books,6,232.92,23,2025-04-26
TXN-10148,North,Books,7,217.28,10,2025-04-22
TXN-10149,North,Electronics,20,28.16,14,2025-05-30
TXN-10150,East,Electronics,5,457.78,6,2025-05-14
TXN-10151,East,Electronics,9,182.37,28,2025-03-06
TXN-10152,East,Groceries,4,23.72,28,2025-03-04
TXN-10153,North,Apparel,5,456.84,9,2025-04-03
TXN-10154,West,Fitness,8,502.82,4,2025-03-08
TXN-10155,West,Books,11,468.04,17,2025-05-15
TXN-10156,East,Home & Kitchen,17,260.77,19,2025-05-15
TXN-10157,East,Home & Kitchen,11,413.05,11,2025-03-16
TXN-10158,South,Books,5,346.62,7,2025-03-25
TXN-10159,West,Groceries,4,256.79,19,2025-03-18
TXN-10160,North,Books,2,397.99,28,2025-05-11
TXN-10161,South,Apparel,1,23.52,2,2025-05-29
TXN-10139,East,Fitness,3,377.56,21,2025-05-11
TXN-10163,West,Home & Kitchen,2,427.56,9,2025-03-16
TXN-10164,South,Books,6,317.38,7,2025-05-26
TXN-10165,East,Electronics,17,215.74,22,2025-04-15
TXN-10166,North,Books,9,118.04,29,2025-04-29
TXN-10167,West,Fitness,16,88.53,8,2025-05-06
TXN-10168,North,Electronics,9,28.14,4,2025-04-30
TXN-10169,South,Home & Kitchen,6,192.49,3,2025-03-31
TXN-10170,North,Groceries,3,474.18,18,2025-04-16
TXN-10171,West,Fitness,7,120.73,10,2025-05-26
TXN-10172,North,Fitness,12,405.49,150,2025-04-20
TXN-10173,North,Home & Kitchen,15,120.85,21,2025-05-14
TXN-10174,West,Electronics,16,390.31,22,2025-05-14
TXN-10175,South,Apparel,19,213.52,30,2025-04-30
TXN-10176,East,Electronics,7,148.23,26,2025-03-15
TXN-10177,West,Electronics,3,440.05,12,2025-04-20
TXN-10178,East,Apparel,3,22.89,19,2025-04-19
TXN-10179,West,Books,16,237.77,9,2025-03-29
TXN-10180,West,Fitness,5,167.14,12,2025-04-18
TXN-10181,North,Electronics,5,87.13,23,2025-04-17
TXN-10182,West,Fitness,10,369.54,24,2025-05-02
TXN-10183,South,Groceries,18,326.00,2,2025-04-21
TXN-10184,North,Groceries,15,198.70,24,2025-03-29
TXN-10185,South,Home & Kitchen,14,64.02,25,2025-03-23
TXN-10186,East,Apparel,8,183.64,24,2025-04-09
TXN-10187,North,Fitness,20,54.02,7,2025-03-04
TXN-10188,North,Groceries,18,30.40,19,2025-05-29
TXN-10189,South,Electronics,1,289.24,1,2025-05-02
TXN-10190,South,Apparel,20,85.41,25,2025-03-10
TXN-10191,South,Home & Kitchen,18,397.75,13,2099-12-31
TXN-10192,East,Home & Kitchen,19,400.06,18,2025-04-30
TXN-10193,West,Fitness,4,105.30,12,2025-03-28
TXN-10016,South,Electronics,4,240.10,18,2025-05-01
TXN-10195,South,Fitness,5,102.72,7,2025-04-11
TXN-10196,West,Groceries,2,493.00,20,2025-05-21
TXN-10197,South,Electronics,1,11.18,15,2025-05-09
TXN-10198,North,Groceries,1,268.71,22,2025-05-17
TXN-10199,North,Home & Kitchen,10,41.07,29,2025-04-08
TXN-10200,West,Electronics,6,329.32,4,2025-05-06
TXN-10201,East,Electronics,15,14.42,24,2025-04-03
TXN-10202,North,Home & Kitchen,13,497.03,26,2025-05-04
TXN-10203,North,Home & Kitchen,1,496.77,3,2025-05-16
TXN-10204,East,Books,10,222.02,27,2025-04-23
TXN-10205,South,Electronics,11,229.77,24,2025-05-11
TXN-10206,South,Home & Kitchen,13,156.59,5,2025-05-29
TXN-10207,South,Fitness,4,477.04,1,2025-05-03
TXN-10208,North,Apparel,19,10.31,28,2025-03-24
TXN-10209,South,Books,18,258.43,18,2025-04-13
TXN-10210,South,Home & Kitchen,14,311.54,2,2025-04-23
TXN-10211,West,Groceries,20,83.84,25,2025-03-31
TXN-10212,South,Groceries,10,133.04,27,2025-04-24
TXN-10213,North,Books,14,361.05,20,2025-05-07
TXN-10214,South,Fitness,1,173.00,10,2025-04-06
TXN-10215,East,Groceries,20,331.59,11,2025-04-13
TXN-10216,North,Groceries,5,343.40,12,2025-05-21
TXN-10217,South,Apparel,6,482.14,6,2025-04-08
TXN-10218,East,Fitness,7,432.91,11,2025-03-29
TXN-10219,West,Books,12,416.46,12,2025-04-01
TXN-10220,East,Groceries,15,8.70,6,2025-04-04
TXN-10221,North,Apparel,1,334.08,7,2025-03-11
TXN-10222,East,Home & Kitchen,14,130.54,19,2025-05-18
TXN-10223,West,Home & Kitchen,7,273.94,20,2025-04-20
TXN-10224,South,Home & Kitchen,8,167.11,13,2025-04-03
TXN-10225,South,Books,4,461.67,10,2025-05-04
TXN-10226,East,Fitness,15,291.50,25,2025-05-06
TXN-10227,West,Apparel,13,162.97,15,2025-04-30
TXN-10228,North,Books,9,384.30,23,2025-03-09
TXN-10229,North,Home & Kitchen,19,166.30,10,2025-04-12
TXN-10230,South,Home & Kitchen,13,13.14,6,2025-05-28
TXN-10231,North,Apparel,17,495.57,3,2025-03-30
TXN-10232,South,Electronics,7,212.39,23,2025-05-26
TXN-10233,South,Groceries,12,194.15,12,2025-05-07
TXN-10234,East,Electronics,13,444.20,27,2025-03-27
TXN-10235,West,Fitness,3,385.22,8,2025-05-22
TXN-10236,West,Apparel,20,141.40,16,2025-03-06
TXN-10237,West,Fitness,14,398.52,24,2025-04-05
TXN-10238,North,Apparel,18,13.05,20,2025-03-17
TXN-10239,South,Home & Kitchen,3,311.20,22,2025-04-16
TXN-10240,West,Groceries,9,36.73,3,2025-04-06
TXN-10241,North,Fitness,9,64.51,22,2099-12-31
TXN-10242,North,Books,1,42.30,18,2025-04-07
TXN-10243,East,Groceries,18,146.23,23,2025-05-20
TXN-10244,East,Electronics,19,499.80,4,2025-05-31
TXN-10245,South,Apparel,3,283.77,30,2025-03-16
TXN-10246,East,Books,4,400.93,12,2025-04-20
TXN-10247,North,Electronics,12,250.71,18,2025-03-05
TXN-10248,North,Electronics,8,119.11,4,2025-04-03
TXN-10249,East,Apparel,14,364.71,0,2025-03-22
TXN-10250,East,Home & Kitchen,17,221.48,30,2025-04-10
TXN-10251,North,Groceries,8,322.93,19,2025-03-17
TXN-10252,West,Apparel,8,95.33,12,2025-04-05
TXN-10253,North,Fitness,19,438.31,28,2025-04-24
TXN-10254,East,Home & Kitchen,20,433.09,15,2025-03-13
TXN-10255,South,Home & Kitchen,20,30.89,29,2025-03-18
TXN-10256,North,Electronics,1,414.89,24,2025-03-31
TXN-10257,East,Books,11,470.62,17,2025-05-12
TXN-10258,East,Groceries,4,27.79,15,2025-06-01
TXN-10259,East,Fitness,17,58.08,9,2025-03-11
TXN-10260,East,Electronics,15,304.38,11,2025-05-31
TXN-10261,West,Home & Kitchen,4,293.42,24,2025-05-28
TXN-10262,West,Electronics,5,245.30,11,2025-04-10
TXN-10263,East,Books,3,285.16,17,2025-04-22
TXN-10264,South,Groceries,20,349.42,11,2025-03-23
TXN-10265,North,Electronics,11,134.51,23,2025-03-05
TXN-10266,West,Fitness,13,113.95,7,2025-03-09
TXN-10267,East,Books,2,261.25,2,2025-04-21
TXN-10268,North,Fitness,7,43.09,2,2025-03-22
TXN-10269,South,Electronics,10,157.89,19,2025-04-25
TXN-10270,East,Groceries,17,114.45,6,2025-03-31
TXN-10271,South,Apparel,11,363.92,24,2025-04-24
TXN-10272,East,Fitness,12,202.70,14,2025-05-02
TXN-10273,West,Home & Kitchen,8,390.55,4,2025-05-16
TXN-10274,South,Groceries,19,394.95,15,2025-04-01
TXN-10275,East,Electronics,6,411.90,14,2025-03-27
TXN-10276,West,Groceries,16,81.46,22,2025-04-24
TXN-10277,East,Electronics,16,478.49,2,2025-03-06
TXN-10278,South,Books,15,354.11,5,2025-05-29
TXN-10279,North,Fitness,2,207.22,16,2025-04-07
TXN-10280,East,Apparel,16,161.34,4,2025-04-30
TXN-10281,East,Apparel,2,310.56,14,2025-03-21
TXN-10282,West,Books,19,460.28,10,2025-04-17
TXN-10283,West,Books,11,INVALID_PRICE,30,2025-05-18
TXN-10284,South,Books,7,5.46,29,2025-04-26
TXN-10285,North,Home & Kitchen,11,416.56,16,2025-03-04
TXN-10286,East,Electronics,6,15.84,24,2025-05-14
TXN-10287,East,Groceries,11,122.99,3,2025-03-12
TXN-10288,East,Books,19,281.88,10,2025-04-21
TXN-10289,West,Books,16,260.46,7,2025-05-13
TXN-10290,East,Home & Kitchen,15,184.41,28,2025-04-13
TXN-10291,East,Groceries,19,281.80,28,2025-05-08
TXN-10292,North,Apparel,4,139.20,9,2025-04-24
TXN-10293,East,Books,19,83.40,7,2025-03-29
TXN-10294,West,Home & Kitchen,13,96.44,0,2025-04-15
TXN-10295,West,Apparel,13,192.79,4,2025-04-04
TXN-10296,South,Apparel,16,293.69,9,2025-05-04
TXN-10297,North,Groceries,3,62.74,11,2025-04-23
TXN-10298,East,Groceries,16,322.65,24,2025-03-18
TXN-10299,South,Home & Kitchen,5,280.42,25,2025-03-19
TXN-10300,South,Apparel,4,61.74,14,2025-03-25
TXN-10301,East,Apparel,3,242.81,22,2025-04-15
TXN-10302,East,Books,14,83.79,5,2025-04-09
TXN-10303,West,Apparel,15,373.71,3,2025-04-24
TXN-10304,North,Apparel,15,429.31,3,2025-04-21
TXN-10305,East,Fitness,12,24.78,6,2025-05-05
TXN-10306,North,Groceries,13,385.28,12,2025-04-27
TXN-10307,North,Home & Kitchen,6,425.46,22,2025-05-29
TXN-10308,West,Home & Kitchen,19,296.92,5,2025-03-10
TXN-10309,North,Fitness,19,212.94,5,2025-04-15
TXN-10310,South,Electronics,5,430.62,12,2025-05-24
TXN-10311,East,Home & Kitchen,5,450.31,30,2025-04-06
TXN-10312,North,Books,5,83.29,18,2025-05-22
TXN-10313,West,Electronics,11,90.88,12,2025-03-25
TXN-10314,North,Electronics,9,220.09,24,2025-05-25
TXN-10315,South,Books,4,108.56,16,2025-03-08
TXN-10316,West,Home & Kitchen,4,221.11,30,2099-12-31
TXN-10317,West,Home & Kitchen,20,326.80,17,2025-05-18
TXN-10318,South,Apparel,12,397.94,29,2025-03-08
TXN-10319,West,Electronics,17,180.42,12,2025-03-22
TXN-10320,West,Groceries,17,385.64,29,2025-05-24
TXN-10321,East,Fitness,18,100.34,20,2025-04-21
TXN-10322,South,Apparel,18,315.14,26,2025-04-16
TXN-10323,West,Fitness,8,155.21,0,2025-05-15
TXN-10324,West,Apparel,13,203.17,28,2025-04-21
TXN-10325,West,Electronics,14,492.31,6,2025-05-10
TXN-10326,West,Fitness,10,186.65,2,2025-05-13
TXN-10327,North,Groceries,14,388.34,28,2025-04-07
TXN-10328,East,Electronics,17,429.12,24,2025-05-07
TXN-10329,East,Groceries,1,218.21,23,2025-04-06
TXN-10330,South,Groceries,13,257.66,28,2025-04-12
TXN-10331,West,Electronics,19,13.28,8,2025-05-02
TXN-10332,East,Home & Kitchen,8,122.84,5,2025-05-17
TXN-10333,East,Books,9,415.92,27,2025-04-24
TXN-10334,South,Fitness,3,7.74,22,2025-03-06
TXN-10335,East,Apparel,4,431.29,10,2025-04-03
TXN-10336,North,Groceries,20,225.31,8,2025-05-15
TXN-10337,South,Books,18,164.34,4,2025-04-04
TXN-10338,South,Groceries,18,466.00,7,2025-03-21
TXN-10339,East,Electronics,12,384.56,3,2025-03-06
TXN-10340,East,Electronics,7,14.74,7,2025-05-27
TXN-10341,East,Home & Kitchen,14,455.05,22,2025-05-17
TXN-10342,West,Apparel,17,49.65,18,2025-04-11
TXN-10343,West,Home & Kitchen,11,345.65,22,2025-03-26
TXN-10344,East,Apparel,16,77.74,20,2025-05-21
TXN-10345,South,Groceries,3,210.26,3,2025-03-14
TXN-10346,West,Home & Kitchen,18,485.12,9,2025-05-19
TXN-10347,East,Books,8,176.49,14,2025-04-17
TXN-10348,East,Apparel,2,57.53,2,2025-03-14
TXN-10349,West,Home & Kitchen,2,287.22,3,2025-03-19
TXN-10350,North,Electronics,10,251.43,11,2025-05-10
TXN-10351,East,Electronics,3,52.13,2,2025-05-02
TXN-10352,West,Fitness,18,410.52,24,2025-04-09
TXN-10353,South,Books,17,259.63,2,2025-05-18
TXN-10354,East,Apparel,4,232.08,3,2025-04-24
TXN-10355,South,Groceries,15,102.36,30,2025-03-27
TXN-10356,North,Home & Kitchen,13,102.95,27,2025-05-26
TXN-10357,North,Books,8,369.24,16,2099-12-31
TXN-10358,West,Fitness,19,197.32,23,2025-05-18
TXN-10359,North,Fitness,20,187.07,1,2025-05-06
TXN-10360,West,Home & Kitchen,19,438.09,18,2025-04-04
TXN-10361,East,Fitness,8,125.04,13,2025-04-15
TXN-10362,North,Groceries,13,97.08,25,2025-03-15
TXN-10363,East,Groceries,12,191.95,22,2025-04-06
TXN-10364,North,Fitness,19,335.92,21,2025-04-25
TXN-10365,South,Books,2,315.22,15,2025-03-06
TXN-10366,West,Fitness,16,502.56,7,2025-05-19
TXN-10367,West,Apparel,5,490.98,3,2025-03-22
TXN-10368,North,Apparel,11,304.69,10,2025-04-19
TXN-10369,East,Apparel,3,61.00,5,2025-03-25
TXN-10370,North,Fitness,14,59.29,5,2025-05-03
TXN-10371,West,Apparel,2,116.04,22,2025-04-05
TXN-10372,West,Home & Kitchen,2,161.23,11,2025-05-11
TXN-10373,North,Books,19,252.49,5,2025-05-29
TXN-10374,South,Home & Kitchen,16,280.08,24,2025-03-14
TXN-10375,South,Books,11,284.81,27,2025-05-22
TXN-10376,North,Electronics,15,99.83,0,2025-03-17
TXN-10377,West,Electronics,5,465.16,5,2025-04-29
TXN-10378,East,Apparel,3,130.44,18,2025-05-16
TXN-10379,North,Fitness,20,INVALID_PRICE,0,2025-03-10
TXN-10380,West,Fitness,5,490.59,8,2025-05-14
TXN-10381,East,Electronics,1,250.56,29,2025-05-04
TXN-10382,East,Books,6,146.04,27,2025-03-18
TXN-10383,East,Apparel,14,26.54,9,2025-05-29
TXN-10384,South,Books,4,91.59,2,2025-03-30
TXN-10385,South,Home & Kitchen,14,176.59,26,2025-04-19
TXN-10386,West,Groceries,4,289.30,22,2025-04-28
TXN-10387,East,Apparel,9,350.82,12,2025-03-23
TXN-10388,South,Fitness,20,498.55,11,2025-05-09
TXN-10389,West,Apparel,14,247.91,12,2025-03-16
TXN-10390,South,Books,12,27.68,24,2025-04-16
TXN-10391,South,Fitness,11,115.92,5,2025-05-21
TXN-10392,East,Home & Kitchen,17,100.77,15,2025-03-09
TXN-10393,North,Electronics,5,342.90,12,2025-05-04
TXN-10394,East,Electronics,18,429.82,21,2025-03-19
TXN-10395,West,Groceries,18,143.04,24,2025-05-02
TXN-10396,South,Books,5,443.88,5,2025-05-10
TXN-10397,North,Electronics,4,141.83,27,2025-04-27
TXN-10398,East,Apparel,16,415.77,23,2025-04-20
TXN-10399,West,Apparel,3,417.04,28,2025-04-04
TXN-10400,East,Books,3,194.29,0,2025-05-16
TXN-10401,North,Electronics,10,95.01,18,2025-04-19
TXN-10402,North,Groceries,15,327.32,18,2025-03-10
TXN-10403,North,Home & Kitchen,19,103.06,30,2025-04-13
TXN-10404,South,Books,15,347.97,19,2099-12-31
TXN-10405,South,Home & Kitchen,13,130.12,1,2025-04-09
TXN-10406,South,Home & Kitchen,16,181.60,26,2025-05-02
TXN-10407,South,Apparel,19,462.52,9,2025-05-13
TXN-10408,West,Home & Kitchen,6,435.27,23,2025-04-25
TXN-10409,East,Books,20,119.90,3,2025-04-09
TXN-10410,North,Home & Kitchen,4,304.61,12,2025-03-25
TXN-10411,South,Fitness,8,57.37,26,2025-03-16
TXN-10412,North,Fitness,5,108.95,0,2025-03-22
TXN-10413,North,Apparel,19,495.89,18,2025-05-08
TXN-10414,North,Electronics,13,101.92,18,2025-05-02
TXN-10415,South,Groceries,18,413.49,29,2025-05-13
TXN-10416,East,Groceries,2,29.43,1,2025-04-13
TXN-10417,North,Fitness,12,119.56,8,2025-03-20
TXN-10418,West,Home & Kitchen,3,78.36,9,2025-03-06
TXN-10419,East,Home & Kitchen,3,426.82,28,2025-03-04
TXN-10420,East,Apparel,5,145.67,12,2025-05-01
TXN-10421,East,Groceries,4,70.64,21,2025-05-02
TXN-10422,North,Apparel,12,231.54,3,2025-04-08
TXN-10423,North,Home & Kitchen,12,30.56,1,2025-03-06
TXN-10424,North,Groceries,5,408.09,8,2025-03-21
TXN-10425,East,Fitness,20,442.84,21,2025-04-11
TXN-10426,North,Fitness,4,34.90,27,2025-05-19
TXN-10427,South,Home & Kitchen,3,422.83,13,2025-04-18
TXN-10428,West,Home & Kitchen,17,117.21,26,2025-04-11
TXN-10429,North,Books,10,269.82,19,2025-04-09
TXN-10430,North,Home & Kitchen,20,148.59,28,2025-05-06
TXN-10431,East,Groceries,19,427.38,13,2025-04-19
TXN-10432,West,Home & Kitchen,3,498.28,2,2025-05-23
TXN-10433,East,Fitness,13,168.13,1,2025-05-10
TXN-10434,North,Books,15,15.55,18,2025-03-23
TXN-10435,North,Groceries,18,201.80,6,2025-05-15
TXN-10436,North,Apparel,17,89.66,24,2025-05-28
TXN-10437,North,Home & Kitchen,18,129.95,14,2025-05-10
TXN-10438,North,Books,15,289.92,2,2025-03-24
TXN-10439,South,Home & Kitchen,13,81.60,7,2025-05-19
TXN-10440,East,Apparel,10,370.16,14,2025-04-08
TXN-10441,East,Apparel,19,421.71,3,2025-04-07
TXN-10442,East,Home & Kitchen,13,382.28,1,2025-03-17
TXN-10443,West,Home & Kitchen,18,365.72,6,2025-05-09
TXN-10444,North,Fitness,5,211.47,16,2025-05-10
TXN-10445,East,Apparel,6,416.51,24,2025-04-14
TXN-10446,North,Electronics,20,154.61,5,2025-05-09
TXN-10447,East,Home & Kitchen,16,166.89,21,2025-05-11
TXN-10448,North,Electronics,3,237.05,2,2025-05-12
TXN-10449,East,Fitness,8,218.36,8,2025-03-17
TXN-10450,West,Electronics,4,207.41,5,2025-03-17
TXN-10451,East,Books,18,164.71,26,2025-04-29
TXN-10452,North,Apparel,4,165.55,1,2025-05-03
TXN-10453,East,Fitness,7,229.36,0,2025-05-25
TXN-10454,West,Fitness,13,416.68,16,2025-03-25
TXN-10455,West,Home & Kitchen,2,6.52,26,2025-05-26
TXN-10456,East,Fitness,8,111.19,9,2025-03-24
TXN-10457,West,Groceries,16,175.61,11,2025-03-04
TXN-10458,East,Apparel,9,227.50,7,2025-03-19
TXN-10459,East,Home & Kitchen,8,396.90,11,2025-05-16
TXN-10460,East,Apparel,8,318.60,2,2025-04-04
TXN-10461,West,Apparel,8,478.37,25,2025-05-31
TXN-10462,North,Books,5,394.17,12,2025-05-10
TXN-10463,North,Apparel,3,487.83,3,2025-03-06
TXN-10057,West,Books,20,105.81,28,2025-03-10
TXN-10465,West,Fitness,13,INVALID_PRICE,5,2025-05-09
TXN-10466,North,Home & Kitchen,12,63.32,4,2025-05-09
TXN-10467,South,Fitness,6,422.64,27,2025-05-29
TXN-10468,West,Apparel,6,190.22,20,2025-03-26
TXN-10469,North,Home & Kitchen,10,329.26,0,2025-03-12
TXN-10470,East,Groceries,6,327.64,1,2025-04-20
TXN-10471,East,Electronics,20,433.39,12,2025-04-28
TXN-10472,South,Fitness,2,207.48,21,2025-04-22
TXN-10473,East,Apparel,2,482.26,22,2025-05-16
TXN-10474,West,Home & Kitchen,9,367.69,22,2025-03-12
TXN-10475,East,Books,11,473.86,7,2025-03-29
TXN-10476,East,Groceries,13,24.15,17,2025-03-09
TXN-10477,South,Electronics,15,458.56,28,2025-05-24
TXN-10478,North,Apparel,17,247.03,1,2025-05-11
TXN-10479,East,Home & Kitchen,9,91.71,24,2025-04-15
TXN-10480,South,Fitness,3,198.56,25,2025-05-19
TXN-10481,South,Home & Kitchen,19,208.16,22,2025-04-25
TXN-10482,South,Home & Kitchen,15,320.50,28,2025-05-31
TXN-10483,East,Fitness,20,421.34,5,2025-03-21
TXN-10484,West,Fitness,4,482.79,27,2025-03-17
TXN-10485,North,Electronics,8,355.85,25,2025-04-02
TXN-10486,South,Fitness,11,342.65,6,2025-05-15
TXN-10487,East,Fitness,19,22.62,12,2025-03-27
TXN-10488,North,Electronics,9,143.26,13,2025-05-01
TXN-10489,West,Home & Kitchen,14,391.78,4,2025-03-18
TXN-10490,North,Books,16,168.68,6,2025-05-25
TXN-10491,West,Apparel,14,436.52,21,2025-05-08
TXN-10492,North,Groceries,8,381.71,16,2025-03-06
TXN-10493,East,Electronics,3,INVALID_PRICE,10,2025-05-27
TXN-10494,West,Apparel,2,249.17,11,2025-03-12
TXN-10495,East,Home & Kitchen,5,322.13,14,2025-05-01
TXN-10496,South,Electronics,-1,373.22,10,2025-05-28
TXN-10497,East,Fitness,15,223.32,18,2025-05-10
TXN-10498,South,Groceries,10,133.12,5,2025-04-16
TXN-10499,East,Home & Kitchen,3,482.11,13,2025-05-08
TXN-10500,North,Fitness,15,343.48,21,2025-05-17
TXN-10501,South,Electronics,3,202.19,16,2025-03-12
TXN-10502,East,Electronics,16,5.97,27,2025-03-13
TXN-10503,East,Electronics,12,373.78,2,2025-03-15
TXN-10504,South,Electronics,10,183.26,14,2025-05-10
TXN-10505,West,Groceries,6,87.74,9,2025-05-02
TXN-10506,South,Apparel,11,231.24,26,2025-04-18
TXN-10507,North,Fitness,17,472.50,15,2025-03-28
TXN-10508,East,Books,15,405.20,11,2025-05-11
TXN-10509,East,Electronics,20,367.14,23,2025-05-30
TXN-10510,North,Books,3,10.56,8,2025-04-13
TXN-10511,West,Apparel,1,120.11,9,2025-04-17
TXN-10512,East,Apparel,10,449.77,9,2025-04-18
TXN-10513,North,Books,3,20.07,18,2025-06-01
TXN-10514,East,Books,14,126.35,26,2025-05-08
TXN-10515,South,Books,13,425.49,17,2025-03-22
TXN-10516,West,Apparel,14,INVALID_PRICE,24,2025-03-04
TXN-10517,South,Fitness,2,442.74,3,2025-03-25
TXN-10072,North,Apparel,2,41.85,4,2025-03-12
TXN-10519,West,Books,15,336.06,13,2025-05-24
TXN-10520,West,Fitness,19,412.98,12,2025-04-24
TXN-10521,North,Groceries,12,342.13,24,2025-05-03
TXN-10522,South,Electronics,6,259.36,17,2025-04-21
TXN-10523,East,Home & Kitchen,3,453.80,10,2025-04-21
TXN-10524,North,Electronics,12,489.64,10,2025-04-08
TXN-10525,West,Fitness,16,247.68,21,2025-03-10
TXN-10526,West,Groceries,4,130.72,8,2025-04-14
TXN-10527,West,Fitness,11,148.48,27,2025-05-17
TXN-10528,South,Books,2,271.18,28,2025-03-23
TXN-10529,North,Apparel,8,222.85,7,2025-04-15
TXN-10530,North,Apparel,13,374.42,5,2025-03-15
TXN-10531,West,Electronics,17,27.31,30,2025-03-12
TXN-10532,South,Electronics,14,410.07,16,2025-04-19
TXN-10533,East,Fitness,8,25.15,14,2025-03-13
TXN-10534,South,Fitness,1,490.15,15,2025-03-26
TXN-10535,North,Groceries,17,312.75,23,2025-03-27
TXN-10536,North,Apparel,2,33.63,8,2025-05-14
TXN-10537,North,Groceries,17,377.52,13,2025-03-08
TXN-10538,East,Books,15,329.99,2,2025-03-17
TXN-10539,North,Electronics,16,11.99,4,2025-03-14
TXN-10540,West,Groceries,4,79.73,23,2025-05-30
TXN-10541,North,Groceries,9,282.22,0,2025-04-18
TXN-10542,West,Home & Kitchen,7,146.60,15,2025-05-26
TXN-10543,South,Apparel,5,280.49,8,2025-05-25
TXN-10544,South,Groceries,9,479.35,8,2025-03-15
TXN-10545,North,Home & Kitchen,4,270.57,27,2025-04-28
TXN-10546,North,Fitness,17,130.90,14,2025-04-29
TXN-10547,North,Home & Kitchen,14,171.25,22,2025-05-09
TXN-10548,South,Electronics,2,280.09,15,2025-03-12
TXN-10549,West,Books,2,214.41,5,2025-03-30
TXN-10550,South,Home & Kitchen,20,260.80,9,2025-03-10
TXN-10551,West,Fitness,13,17.12,13,2025-03-20
TXN-10552,West,Electronics,20,355.89,3,2025-03-08
TXN-10553,South,Books,20,108.97,28,2025-05-23
TXN-10554,North,Home & Kitchen,18,6.11,5,2025-03-31
TXN-10555,West,Apparel,18,403.25,18,2025-04-04
TXN-10556,West,Home & Kitchen,6,7.24,24,2025-05-10
TXN-10557,South,Groceries,12,247.41,21,2025-05-21
TXN-10558,East,Groceries,17,64.75,23,2025-05-27
TXN-10559,North,Books,6,140.86,19,2025-05-26
TXN-10560,East,Apparel,3,46.05,24,2025-04-14
TXN-10561,East,Fitness,11,204.81,7,2025-05-26
TXN-10562,South,Apparel,16,111.14,14,2025-03-18
TXN-10563,West,Groceries,4,393.64,30,2025-05-30
TXN-10564,East,Groceries,16,135.29,15,2025-05-19
TXN-10565,East,Electronics,12,271.43,29,2025-04-22
TXN-10566,North,Fitness,4,221.06,25,2025-05-16
TXN-10567,East,Fitness,6,78.84,7,2025-03-08
TXN-10568,North,Home & Kitchen,9,195.82,21,2025-04-11
TXN-10569,South,Groceries,11,47.61,9,2025-03-19
TXN-10570,North,Groceries,12,317.19,5,2025-03-25
TXN-10571,South,Home & Kitchen,16,282.09,6,2025-04-15
TXN-10572,South,Home & Kitchen,20,461.86,9,2025-04-08
TXN-10573,West,Fitness,12,401.72,4,2025-05-31
TXN-10574,East,Electronics,19,356.66,19,2025-04-21
TXN-10575,North,Home & Kitchen,3,76.95,11,2025-03-16
TXN-10576,West,Electronics,17,85.09,6,2025-04-03
TXN-10577,North,Electronics,13,446.41,26,2025-04-25
TXN-10578,East,Apparel,14,249.30,6,2025-05-23
TXN-10549,North,Books,6,319.24,6,2025-05-24
TXN-10580,South,Groceries,6,353.87,18,2099-12-31
TXN-10581,East,Electronics,14,219.30,17,2025-04-14
TXN-10582,South,Apparel,12,388.93,1,2025-04-30
TXN-10583,West,Home & Kitchen,8,57.18,0,2025-03-19
TXN-10584,West,Apparel,11,258.32,24,2025-03-06
TXN-10585,South,Groceries,-1,70.23,29,2025-04-09
TXN-10586,South,Fitness,2,294.25,30,2025-03-21
TXN-10587,East,Groceries,10,320.56,5,2025-04-02
TXN-10588,East,Home & Kitchen,8,116.42,6,2025-04-12
TXN-10224,North,Apparel,12,340.03,20,2025-04-09
TXN-10590,North,Home & Kitchen,13,217.71,27,2025-03-26
TXN-10591,North,Books,16,22.82,29,2025-05-10
TXN-10592,South,Apparel,15,417.27,14,2025-03-25
TXN-10593,South,Electronics,15,228.88,1,2025-05-07
TXN-10594,North,Fitness,9,424.54,12,2025-03-17
TXN-10595,North,Home & Kitchen,7,350.44,1,2025-05-08
TXN-10596,North,Home & Kitchen,11,340.85,12,2025-05-25
TXN-10597,West,Books,12,175.76,25,2025-03-26
TXN-10598,West,Books,15,405.45,27,2025-03-23
TXN-10599,East,Groceries,5,119.51,8,2025-03-05
TXN-10600,West,Apparel,7,13.90,24,2025-04-02
TXN-10601,West,Apparel,19,452.13,4,2025-03-12
TXN-10602,North,Groceries,18,104.59,21,2025-04-07
TXN-10603,West,Home & Kitchen,7,9.53,13,2025-05-03
TXN-10604,North,Apparel,10,329.28,13,2025-04-30
TXN-10605,South,Electronics,15,241.55,19,2025-04-03
TXN-10606,North,Groceries,5,339.53,24,2025-05-23
TXN-10607,South,Electronics,5,273.96,17,2025-03-25
TXN-10608,South,Apparel,10,243.32,26,2025-05-31
TXN-10609,East,Books,8,119.45,24,2025-05-07
TXN-10610,North,Electronics,11,243.56,18,2025-05-26
TXN-10611,South,Apparel,9,132.38,27,2025-05-06
TXN-10612,West,Fitness,20,36.60,7,2025-03-19
TXN-10613,North,Books,4,294.72,11,2025-05-24
TXN-10614,East,Electronics,2,163.04,13,2025-05-12
TXN-10615,North,Electronics,15,44.90,16,2025-05-30
TXN-10616,South,Apparel,8,409.22,10,2025-05-10
TXN-10617,North,Home & Kitchen,17,143.45,12,2025-03-24
TXN-10618,East,Electronics,15,216.11,7,2025-03-15
TXN-10619,East,Apparel,13,481.55,25,2025-05-04
TXN-10620,West,Groceries,9,381.77,7,2025-03-15
TXN-10621,East,Fitness,16,237.26,27,2025-05-06
TXN-10622,South,Books,19,48.13,24,2025-05-16
TXN-10623,East,Apparel,10,103.73,19,2025-05-23
TXN-10624,South,Fitness,16,239.47,27,2025-05-10
TXN-10625,West,Apparel,11,6.36,0,2025-03-10
TXN-10626,West,Books,16,292.42,16,2025-04-22
TXN-10627,West,Apparel,12,172.80,23,2025-03-22
TXN-10359,South,Books,6,362.52,29,2025-04-12
TXN-10629,West,Groceries,3,60.15,27,2099-12-31
TXN-10630,West,Groceries,10,321.81,6,2025-03-21
TXN-10631,South,Books,16,185.46,3,2025-05-04
TXN-10632,North,Apparel,6,21.02,25,2025-04-01
TXN-10633,South,Apparel,18,494.68,24,2025-04-18
TXN-10634,North,Books,7,339.51,5,2025-04-19
TXN-10635,North,Groceries,6,30.03,7,2025-04-20
TXN-10636,North,Home & Kitchen,6,166.07,21,2025-03-29
TXN-10637,West,Electronics,14,358.87,22,2025-04-25
TXN-10638,East,Electronics,4,334.11,12,2025-05-11
TXN-10639,North,Electronics,13,21.56,19,2025-04-24
TXN-10640,South,Groceries,13,322.70,27,2025-05-30
TXN-10641,North,Books,5,95.38,5,2025-05-06
TXN-10642,North,Electronics,8,374.22,6,2025-03-30
TXN-10643,East,Home & Kitchen,7,483.82,22,2025-03-16
TXN-10644,East,Home & Kitchen,9,66.69,27,2025-05-04
TXN-10645,West,Apparel,2,150.41,10,2025-05-26
TXN-10646,West,Home & Kitchen,3,465.00,23,2025-04-12
TXN-10647,North,Apparel,12,410.59,3,2025-04-19
TXN-10648,West,Books,18,17.69,27,2025-03-16
TXN-10649,North,Home & Kitchen,14,479.56,12,2025-03-23
TXN-10650,North,Books,19,358.71,13,2025-05-10
TXN-10651,North,Books,12,91.69,13,2025-03-10
TXN-10652,East,Fitness,5,341.85,30,2025-05-02
TXN-10653,North,Electronics,14,463.10,4,2025-03-07
TXN-10654,West,Electronics,9,110.66,10,2099-12-31
TXN-10655,South,Groceries,17,17.30,2,2025-05-31
TXN-10656,South,Fitness,17,265.87,17,2025-04-16
TXN-10657,East,Home & Kitchen,1,252.37,7,2025-03-16
TXN-10658,North,Electronics,7,145.32,29,2025-05-01
TXN-10659,East,Books,10,157.44,18,2025-03-06
TXN-10660,North,Home & Kitchen,3,298.91,6,2025-05-04
TXN-10661,South,Books,6,448.06,10,2025-04-30
TXN-10662,South,Books,17,283.29,15,2025-03-20
TXN-10663,East,Apparel,8,159.11,0,2025-03-22
TXN-10664,North,Fitness,13,280.45,14,2025-03-14
TXN-10665,North,Home & Kitchen,16,44.63,25,2025-04-27
TXN-10305,West,Books,17,5.89,5,2025-05-05
TXN-10667,South,Groceries,13,183.75,11,2025-04-13
TXN-10668,East,Electronics,6,363.35,21,2025-03-30
TXN-10669,West,Books,17,53.12,12,2025-05-23
TXN-10670,West,Electronics,11,30.12,26,2025-03-06
TXN-10671,East,Electronics,6,209.21,25,2025-03-06
TXN-10672,South,Books,9,156.76,19,2025-03-27
TXN-10673,North,Apparel,8,193.84,4,2025-04-11
TXN-10674,North,Books,18,298.23,4,2025-04-24
TXN-10675,East,Home & Kitchen,2,348.76,0,2025-03-10
TXN-10676,North,Groceries,3,469.15,5,2025-04-04
TXN-10677,West,Groceries,8,164.96,20,2025-03-25
TXN-10678,East,Books,18,88.48,1,2025-04-09
TXN-10679,West,Home & Kitchen,13,315.22,17,2025-03-21
TXN-10680,West,Books,3,93.63,8,2025-05-01
TXN-10681,North,Home & Kitchen,14,177.96,14,2025-03-13
TXN-10682,South,Books,16,122.44,5,2025-03-24
TXN-10285,West,Electronics,16,52.33,8,2025-03-16
TXN-10684,West,Books,20,147.20,18,2025-03-12
TXN-10685,North,Fitness,17,338.11,21,2025-04-23
TXN-10686,East,Books,16,184.52,17,2025-04-16
TXN-10687,South,Fitness,16,INVALID_PRICE,10,2025-03-25
TXN-10688,East,Electronics,9,344.80,29,2025-05-04
TXN-10689,North,Electronics,5,73.13,28,2025-04-22
TXN-10690,North,Fitness,19,266.80,13,2025-03-15
TXN-10691,West,Electronics,12,200.62,12,2025-03-12
TXN-10692,South,Fitness,1,142.35,17,2025-05-20
TXN-10693,North,Fitness,19,44.80,26,2025-03-09
TXN-10694,West,Apparel,13,113.69,19,2025-04-06
TXN-10695,East,Home & Kitchen,14,424.68,28,2025-05-03
TXN-10696,South,Electronics,7,135.31,14,2025-03-04
TXN-10697,West,Home & Kitchen,10,32.16,8,2025-05-22
TXN-10698,West,Books,6,245.37,4,2025-03-06
TXN-10699,East,Groceries,8,346.67,7,2025-04-26
TXN-10700,East,Groceries,11,112.79,13,2025-05-29
TXN-10701,West,Fitness,15,209.50,9,2025-04-28
TXN-10702,North,Books,10,278.16,8,2025-03-23
TXN-10703,South,Electronics,3,215.61,10,2025-03-09
TXN-10704,West,Groceries,20,431.64,26,2025-04-04
TXN-10705,East,Books,5,330.90,21,2025-03-21
TXN-10706,North,Home & Kitchen,14,307.63,19,2025-03-10
TXN-10707,South,Home & Kitchen,18,456.22,25,2025-05-17
TXN-10708,East,Fitness,19,153.93,18,2025-05-01
TXN-10709,North,Groceries,2,122.29,19,2025-04-10
TXN-10710,South,Groceries,18,25.19,3,2025-04-15
TXN-10711,West,Fitness,9,312.36,12,2025-05-30
TXN-10712,North,Groceries,5,247.96,2,2025-03-09
TXN-10713,West,Home & Kitchen,16,61.64,17,2025-04-27
TXN-10714,North,Electronics,7,62.00,21,2025-03-11
TXN-10715,North,Apparel,9,272.15,14,2025-05-18
TXN-10716,South,Groceries,16,416.14,2,2025-04-16
TXN-10717,West,Electronics,9,201.70,10,2025-05-16
TXN-10718,South,Books,12,464.72,12,2025-05-07
TXN-10719,North,Groceries,14,427.70,6,2025-03-28
TXN-10720,East,Groceries,17,31.02,18,2025-05-04
TXN-10721,East,Apparel,17,190.61,16,2025-03-06
TXN-10722,West,Groceries,7,301.51,24,2025-05-20
TXN-10723,West,Fitness,17,21.61,2,2025-04-30
TXN-10724,South,Groceries,9,168.49,25,2025-03-19
TXN-10725,South,Apparel,17,56.05,19,2025-05-31
TXN-10726,South,Electronics,3,172.93,8,2025-03-08
TXN-10727,South,Books,18,25.03,24,2025-04-30
TXN-10728,East,Books,18,47.42,25,2025-03-24
TXN-10729,South,Groceries,3,423.56,20,2025-04-08
TXN-10730,South,Fitness,7,17.67,1,2025-03-25
TXN-10731,East,Apparel,8,40.06,17,2025-05-05
TXN-10732,West,Books,7,471.33,15,2025-04-21
TXN-10733,South,Home & Kitchen,10,83.48,9,2025-04-11
TXN-10734,North,Groceries,9,376.62,28,2025-05-12
TXN-10735,North,Books,12,90.57,1,2025-03-15
TXN-10736,West,Electronics,2,148.39,11,2025-03-08
TXN-10737,East,Groceries,1,490.32,17,2025-04-25
TXN-10738,East,Electronics,12,114.28,15,2025-05-02
TXN-10739,West,Apparel,3,294.96,6,2025-05-07
TXN-10740,South,Fitness,16,173.84,2,2025-04-02
TXN-10741,East,Groceries,9,385.41,6,2025-04-01
TXN-10742,East,Home & Kitchen,2,298.51,24,2025-03-04
TXN-10743,West,Home & Kitchen,6,365.30,23,2025-04-09
TXN-10744,South,Books,5,327.22,17,2025-04-22
TXN-10745,West,Electronics,2,259.31,27,2025-06-01
TXN-10746,West,Books,2,348.77,13,2025-05-24
TXN-10747,East,Groceries,13,377.71,19,2025-04-10
TXN-10748,West,Home & Kitchen,9,62.13,17,2025-04-21
TXN-10749,East,Groceries,6,440.40,24,2025-04-02
TXN-10750,West,Groceries,11,418.34,25,2025-04-23
TXN-10751,South,Home & Kitchen,12,167.18,20,2025-05-23
TXN-10752,North,Books,5,313.08,28,2025-05-13
TXN-10753,North,Groceries,-2,419.40,15,2025-04-02
TXN-10754,North,Groceries,-4,453.62,1,2025-03-11
TXN-10755,South,Groceries,1,459.26,13,2025-04-19
TXN-10756,North,Home & Kitchen,4,220.76,6,2025-05-22
TXN-10757,West,Apparel,20,484.35,9,2025-05-01
TXN-10758,South,Home & Kitchen,5,402.72,28,2025-05-25
TXN-10759,North,Apparel,2,352.00,9,2025-05-29
TXN-10760,North,Apparel,11,352.81,2,2025-03-29
TXN-10761,East,Books,20,483.73,3,2025-03-08
TXN-10762,South,Groceries,13,407.05,17,2025-04-10
TXN-10763,South,Books,11,278.75,19,2025-05-01
TXN-10764,South,Groceries,15,242.75,25,2025-03-15
TXN-10765,North,Fitness,15,315.32,11,2025-03-09
TXN-10766,East,Home & Kitchen,4,101.12,14,2025-05-04
TXN-10767,South,Electronics,17,256.37,1,2025-04-03
TXN-10768,North,Fitness,14,218.16,16,2025-05-16
TXN-10769,South,Books,14,182.54,5,2025-03-16
TXN-10770,West,Apparel,8,23.12,8,2025-04-13
TXN-10771,West,Fitness,3,225.56,19,2025-03-13
TXN-10314,West,Apparel,10,221.64,9,2025-05-12
TXN-10773,East,Apparel,-5,381.54,4,2025-05-23
TXN-10774,West,Groceries,2,354.87,30,2025-05-30
TXN-10306,West,Apparel,1,164.39,15,2025-05-02
TXN-10776,East,Fitness,1,267.22,15,2025-03-24
TXN-10777,South,Apparel,20,282.79,23,2025-05-15
TXN-10778,North,Apparel,11,200.22,18,2025-03-16
TXN-10779,East,Books,5,405.06,0,2025-04-02
TXN-10780,East,Fitness,4,330.24,14,2025-03-26
TXN-10781,East,Electronics,19,54.61,24,2025-04-22
TXN-10782,South,Fitness,9,136.91,29,2025-04-20
TXN-10783,South,Fitness,4,208.93,22,2025-03-11
TXN-10784,South,Books,13,138.71,15,2025-04-08
TXN-10785,West,Groceries,12,418.08,18,2025-03-16
TXN-10786,North,Apparel,4,77.21,29,2025-04-07
TXN-10787,South,Groceries,16,116.37,19,2025-03-23
TXN-10788,South,Home & Kitchen,9,47.56,18,2025-05-02
TXN-10789,South,Groceries,14,270.69,11,2025-03-27
TXN-10790,North,Home & Kitchen,4,296.73,19,2025-06-01
TXN-10791,North,Groceries,12,214.26,20,2025-03-28
TXN-10792,South,Home & Kitchen,7,22.86,2,2025-03-21
TXN-10793,South,Fitness,9,35.90,1,2025-03-06
TXN-10794,North,Books,5,62.94,11,2025-04-06
TXN-10795,East,Groceries,8,40.57,5,2025-03-09
TXN-10796,South,Books,8,45.52,26,2025-03-29
TXN-10797,North,Electronics,3,462.49,23,2025-03-26
TXN-10798,South,Fitness,1,137.23,8,2025-03-20
TXN-10799,East,Apparel,16,44.91,5,2025-05-04
TXN-10800,South,Fitness,-5,77.73,15,2025-03-07
TXN-10801,North,Apparel,16,307.22,16,2025-03-24
TXN-10802,North,Electronics,5,151.94,17,2025-03-04
TXN-10803,West,Electronics,3,97.24,26,2025-04-17
TXN-10804,East,Electronics,18,289.12,28,2025-03-11
TXN-10805,South,Electronics,20,54.64,11,2025-03-26
TXN-10806,South,Electronics,16,270.52,28,2025-05-17
TXN-10807,North,Home & Kitchen,14,270.57,24,2025-04-14
TXN-10808,South,Fitness,18,179.52,19,2025-04-13
TXN-10809,North,Fitness,5,346.62,9,2025-03-10
TXN-10810,West,Books,8,371.51,11,2025-05-18
TXN-10811,North,Groceries,8,332.58,25,2025-04-08
TXN-10812,West,Home & Kitchen,15,86.86,28,2025-05-21
TXN-10813,North,Groceries,4,181.46,8,2025-05-07
TXN-10814,South,Groceries,1,369.18,11,2025-04-26
TXN-10815,East,Apparel,10,172.02,17,2025-04-03
TXN-10816,North,Electronics,13,218.81,16,2025-03-12
TXN-10817,East,Electronics,9,451.95,16,2025-03-08
TXN-10818,North,Fitness,11,232.49,23,2025-04-13
TXN-10819,West,Books,5,367.27,13,2025-05-21
TXN-10820,North,Electronics,9,77.80,8,2025-04-28
TXN-10821,West,Groceries,16,326.49,17,2025-04-03
TXN-10822,East,Fitness,6,419.17,18,2025-05-01
TXN-10823,North,Groceries,5,378.55,2,2025-05-24
TXN-10824,East,Home & Kitchen,16,425.28,12,2025-05-01
TXN-10825,West,Books,13,116.84,13,2025-03-25
TXN-10826,South,Books,5,35.80,17,2025-03-04
TXN-10827,East,Fitness,15,451.98,15,2025-04-28
TXN-10828,North,Home & Kitchen,19,489.64,150,2025-03-13
TXN-10829,East,Electronics,10,284.10,8,2025-04-30
TXN-10830,South,Electronics,5,201.13,2,2025-05-18
TXN-10831,West,Books,8,352.00,11,2025-05-03
TXN-10832,East,Home & Kitchen,15,160.72,2,2025-05-08
TXN-10833,South,Fitness,19,482.45,15,2025-05-08
TXN-10834,South,Groceries,15,243.00,15,2099-12-31
TXN-10835,West,Home & Kitchen,16,402.59,9,2025-05-23
TXN-10836,South,Electronics,18,327.59,0,2025-05-31
TXN-10837,East,Books,15,253.16,23,2025-03-21
TXN-10838,North,Home & Kitchen,12,214.49,6,2025-04-15
TXN-10839,West,Books,19,381.43,22,2025-03-29
TXN-10840,South,Fitness,20,243.78,28,2025-03-23
TXN-10841,South,Apparel,5,142.38,25,2025-04-30
TXN-10842,West,Groceries,20,105.15,6,2025-03-19
TXN-10843,South,Books,11,14.58,14,2025-03-18
TXN-10844,West,Fitness,4,264.57,9,2025-03-16
TXN-10845,West,Groceries,11,182.61,5,2025-04-30
TXN-10846,South,Groceries,6,334.20,19,2025-04-16
TXN-10847,South,Apparel,8,207.39,13,2025-04-23
TXN-10848,North,Groceries,4,98.69,12,2025-03-05
TXN-10849,West,Home & Kitchen,10,418.69,11,2025-04-23
TXN-10850,North,Home & Kitchen,6,206.59,10,2025-05-02
TXN-10851,South,Electronics,6,317.31,8,2025-05-06
TXN-10852,South,Electronics,2,252.89,11,2025-05-02
TXN-10853,South,Electronics,5,446.11,18,2025-04-10
TXN-10854,South,Groceries,19,427.98,2,2025-03-28
TXN-10855,North,Books,12,146.80,0,2025-03-19
TXN-10856,West,Books,7,402.18,2,2025-04-06
TXN-10857,South,Home & Kitchen,13,388.86,28,2025-04-27
TXN-10858,West,Groceries,6,402.12,25,2025-05-03
TXN-10859,East,Books,14,268.67,22,2025-03-19
TXN-10860,North,Groceries,12,299.23,26,2025-04-03
TXN-10861,North,Electronics,15,362.96,26,2025-05-15
TXN-10862,North,Home & Kitchen,17,215.31,27,2025-04-22
TXN-10863,East,Fitness,10,113.20,30,2025-05-12
TXN-10864,South,Electronics,4,265.96,7,2025-03-17
TXN-10865,East,Electronics,15,113.97,5,2099-12-31
TXN-10866,West,Fitness,13,95.94,3,2025-04-12
TXN-10867,North,Groceries,13,127.00,3,2025-03-24
TXN-10868,West,Electronics,5,195.76,30,2025-04-12
TXN-10869,West,Books,11,232.93,9,2025-03-06
TXN-10870,East,Books,14,310.23,29,2025-05-22
TXN-10871,West,Books,9,35.99,29,2025-03-09
TXN-10872,North,Books,12,14.95,16,2099-12-31
TXN-10873,South,Apparel,11,314.47,4,2025-05-11
TXN-10874,South,Books,3,363.79,9,2025-04-07
TXN-10875,West,Apparel,18,282.84,17,2025-03-05
TXN-10876,East,Groceries,14,186.03,24,2025-03-13
TXN-10877,North,Apparel,9,313.67,17,2025-05-20
TXN-10878,West,Groceries,10,114.23,16,2025-03-05
TXN-10879,West,Home & Kitchen,16,420.64,25,2025-05-11
TXN-10880,South,Electronics,16,281.47,22,2025-05-25
TXN-10881,West,Fitness,4,389.01,16,2025-05-17
TXN-10882,West,Home & Kitchen,4,173.75,5,2025-03-09
TXN-10883,North,Books,8,364.26,10,2025-03-24
TXN-10884,South,Books,9,160.46,6,2025-04-05
TXN-10885,West,Books,2,119.38,17,2025-04-26
TXN-10886,South,Books,16,322.48,26,2025-04-30
TXN-10887,South,Fitness,17,298.59,26,2025-05-01
TXN-10888,North,Books,20,453.83,13,2025-04-17
TXN-10889,East,Electronics,8,356.56,2,2025-04-30
TXN-10890,West,Electronics,6,200.51,3,2025-04-19
TXN-10891,North,Apparel,17,321.01,0,2025-04-27
TXN-10892,West,Electronics,7,251.72,25,2025-03-04
TXN-10893,South,Home & Kitchen,5,228.72,29,2025-05-15
TXN-10894,East,Fitness,1,261.90,7,2025-05-14
TXN-10895,East,Groceries,1,67.27,11,2025-04-24
TXN-10896,East,Apparel,1,334.37,28,2025-03-19
TXN-10897,North,Fitness,9,466.95,24,2025-04-01
TXN-10898,North,Electronics,10,44.86,2,2025-03-19
TXN-10899,East,Books,12,172.97,18,2025-04-23
TXN-10900,South,Groceries,16,21.40,18,2025-04-03
TXN-10901,East,Fitness,19,294.29,29,2025-03-26
TXN-10902,North,Fitness,1,414.27,12,2025-05-04
TXN-10903,South,Fitness,5,58.76,3,2025-03-21
TXN-10904,South,Groceries,16,208.66,26,2025-03-18
TXN-10905,South,Apparel,1,215.35,11,2025-03-05
TXN-10906,East,Home & Kitchen,2,481.30,13,2025-04-25
TXN-10907,West,Apparel,4,296.89,6,2025-04-01
TXN-10908,West,Groceries,18,352.01,4,2025-05-29
TXN-10909,East,Apparel,1,113.99,29,2025-04-07
TXN-10910,South,Fitness,10,176.00,8,2025-04-04
TXN-10911,North,Groceries,15,383.01,23,2025-05-11
TXN-10912,South,Electronics,12,458.45,27,2025-04-04
TXN-10913,South,Groceries,3,INVALID_PRICE,18,2025-05-13
TXN-10914,North,Home & Kitchen,11,144.28,23,2025-03-19
TXN-10915,North,Electronics,11,301.69,2,2025-03-22
TXN-10916,South,Books,19,43.42,2,2025-03-14
TXN-10917,West,Fitness,9,320.71,0,2025-03-20
TXN-10918,South,Electronics,2,448.34,14,2025-03-21
TXN-10919,East,Apparel,19,169.45,6,2025-04-18
TXN-10920,North,Books,8,450.59,4,2025-05-26
TXN-10921,West,Apparel,11,33.48,24,2025-05-16
TXN-10922,North,Groceries,18,449.64,19,2025-03-09
TXN-10923,South,Home & Kitchen,2,299.01,12,2025-04-20
TXN-10924,South,Books,13,96.92,30,2025-05-08
TXN-10925,West,Fitness,10,147.45,16,2025-06-01
TXN-10926,North,Electronics,4,253.37,16,2025-03-11
TXN-10927,West,Apparel,10,359.34,27,2025-05-14
TXN-10928,North,Electronics,16,148.44,14,2025-03-15
TXN-10929,North,Home & Kitchen,20,281.39,6,2025-05-28
TXN-10930,North,Electronics,15,237.51,5,2025-04-12
TXN-10931,North,Groceries,9,210.54,8,2025-03-28
TXN-10932,South,Electronics,20,39.71,27,2025-04-02
TXN-10933,West,Books,17,311.92,21,2025-05-22
TXN-10934,North,Electronics,20,395.58,28,2025-05-13
TXN-10935,West,Electronics,11,346.45,24,2025-04-07
TXN-10936,South,Books,9,308.13,11,2025-05-28
TXN-10937,North,Fitness,5,433.37,27,2025-04-26
TXN-10938,North,Books,7,59.89,3,2025-03-11
TXN-10939,North,Fitness,4,471.84,6,2025-05-20
TXN-10940,West,Home & Kitchen,17,160.81,8,2025-03-16
TXN-10941,North,Books,3,15.30,21,2025-04-02
TXN-10942,South,Home & Kitchen,18,309.32,28,2025-04-16
TXN-10943,West,Groceries,-1,134.13,18,2025-04-27
TXN-10944,East,Apparel,17,419.78,15,2025-03-27
TXN-10945,West,Fitness,3,381.86,28,2025-04-12
TXN-10946,South,Groceries,13,9.50,22,2025-03-15
TXN-10947,West,Books,12,204.50,27,2025-03-31
TXN-10948,East,Home & Kitchen,16,209.18,14,2025-05-05
TXN-10949,East,Fitness,8,241.42,12,2025-03-29
TXN-10950,North,Electronics,5,363.11,25,2025-05-04
TXN-10951,North,Apparel,14,95.11,27,2025-05-28
TXN-10952,West,Apparel,15,8.07,9,2025-05-03
TXN-10953,West,Books,1,58.36,5,2025-04-15
TXN-10954,South,Fitness,2,143.94,16,2025-05-24
TXN-10955,North,Home & Kitchen,12,494.44,6,2025-05-31
TXN-10956,West,Electronics,15,164.35,18,2025-03-11
TXN-10957,West,Home & Kitchen,12,454.21,18,2025-04-24
TXN-10958,East,Home & Kitchen,19,47.76,0,2025-05-30
TXN-10959,East,Groceries,4,239.37,2,2025-05-17
TXN-10960,South,Books,6,289.11,2,2099-12-31
TXN-10961,West,Books,16,87.68,29,2025-05-04
TXN-10962,North,Apparel,16,418.45,20,2025-05-09
TXN-10963,East,Books,15,482.81,11,2099-12-31
TXN-10964,South,Fitness,20,398.75,18,2025-05-06
TXN-10965,West,Home & Kitchen,15,350.37,7,2025-03-19
TXN-10966,North,Groceries,8,185.38,24,2025-05-14
TXN-10967,West,Home & Kitchen,5,72.03,28,2025-05-05
TXN-10968,West,Groceries,4,469.92,28,2025-05-04
TXN-10969,South,Books,11,204.03,27,2025-03-16
TXN-10970,South,Electronics,5,116.51,20,2025-04-20
TXN-10971,East,Apparel,20,477.98,27,2025-05-09
TXN-10972,East,Home & Kitchen,17,367.51,28,2025-05-22
TXN-10973,South,Groceries,5,496.17,6,2025-04-28
TXN-10974,North,Books,5,354.23,27,2025-03-16
TXN-10975,East,Electronics,15,428.82,18,2025-05-17
TXN-10976,South,Apparel,7,493.66,5,2025-04-29
TXN-10977,South,Apparel,15,207.79,6,2025-03-27
TXN-10978,East,Electronics,17,215.39,16,2025-03-31
TXN-10979,East,Groceries,7,211.13,3,2025-04-04
TXN-10980,North,Fitness,13,451.31,24,2025-04-08
TXN-10981,West,Fitness,10,390.66,18,2025-04-26
TXN-10982,South,Home & Kitchen,12,386.80,25,2025-06-01
TXN-10983,East,Books,11,311.02,29,2025-04-25
TXN-10984,East,Apparel,18,213.35,14,2025-05-30
TXN-10985,East,Electronics,11,26.73,22,2025-05-23
TXN-10986,East,Home & Kitchen,17,217.70,1,2025-03-08
TXN-10987,North,Groceries,12,28.85,4,2025-04-10
TXN-10988,South,Home & Kitchen,1,23.78,9,2025-05-26
TXN-10989,East,Apparel,15,88.77,30,2025-04-30
TXN-10990,South,Apparel,16,108.60,26,2025-03-12
TXN-10991,West,Books,19,502.73,17,2025-04-09
TXN-10992,South,Groceries,18,25.52,26,2025-05-21
TXN-10993,East,Fitness,14,483.92,1,2025-04-18
TXN-10994,South,Home & Kitchen,11,369.19,23,2025-03-06
TXN-10995,West,Electronics,8,73.69,13,2025-05-04
TXN-10996,West,Home & Kitchen,15,488.55,24,2025-03-25
TXN-10997,North,Apparel,11,469.86,1,2025-05-02
TXN-10998,West,Fitness,13,421.01,28,2025-05-16
TXN-10999,North,Groceries,15,384.42,13,2025-05-04
TXN-11000,North,Books,15,227.37,13,2025-03-08
TXN-11001,West,Electronics,14,132.21,19,2025-04-02
TXN-11002,East,Electronics,11,52.77,9,2025-05-12
TXN-11003,South,Books,16,191.63,4,2025-05-01
TXN-11004,South,Groceries,5,414.88,12,2025-05-22
TXN-11005,South,Fitness,20,197.77,15,2025-05-02
TXN-11006,East,Fitness,14,458.85,7,2025-04-11
TXN-11007,South,Groceries,6,16.57,9,2025-05-24
TXN-11008,East,Home & Kitchen,6,165.20,6,2025-05-16
TXN-11009,West,Books,18,104.27,5,2025-03-11
TXN-11010,East,Fitness,15,33.18,8,2025-05-07
TXN-11011,East,Apparel,1,155.47,15,2025-03-04
TXN-11012,South,Electronics,18,406.83,26,2025-04-11
TXN-11013,East,Home & Kitchen,11,199.13,6,2025-05-02
TXN-11014,North,Books,2,10.53,6,2025-05-21
TXN-11015,South,Groceries,14,215.98,19,2025-04-18
TXN-11016,West,Fitness,10,203.69,21,2025-03-14
TXN-11017,South,Apparel,10,324.65,10,2025-04-23
TXN-11018,East,Groceries,16,403.43,3,2025-05-30
TXN-11019,South,Apparel,5,275.25,27,2025-04-26
TXN-11020,East,Fitness,19,79.06,12,2025-04-08
TXN-11021,West,Fitness,14,342.79,9,2025-04-07
TXN-11022,West,Apparel,13,260.69,16,2025-05-29
TXN-11023,South,Groceries,17,434.61,9,2025-04-26
TXN-11024,West,Books,5,93.55,8,2025-03-17
TXN-11025,West,Groceries,18,20.05,17,2025-03-23
TXN-11026,West,Apparel,1,462.79,15,2025-04-01
TXN-11027,West,Apparel,16,432.47,16,2025-05-13
TXN-11028,East,Electronics,7,408.60,7,2025-05-10
TXN-11029,West,Books,15,188.71,25,2025-04-09
TXN-11030,West,Electronics,6,192.16,17,2025-04-28
TXN-11031,South,Home & Kitchen,3,233.91,3,2025-03-12
TXN-11032,South,Groceries,18,450.80,19,2025-03-17
TXN-11033,South,Books,3,284.41,26,2025-05-24
TXN-11034,South,Books,7,185.81,26,2025-04-28
TXN-11035,South,Electronics,10,298.49,30,2025-04-20
TXN-11036,West,Home & Kitchen,13,193.48,14,2025-05-24
TXN-11037,East,Books,9,14.24,11,2025-05-06
TXN-11038,West,Apparel,11,283.95,17,2025-03-23
TXN-11039,South,Fitness,7,197.80,20,2025-04-11
TXN-11040,West,Electronics,1,288.49,15,2025-05-09
TXN-11041,North,Books,14,457.19,10,2025-05-20
TXN-11042,West,Fitness,13,96.81,23,2025-05-05
TXN-11043,North,Electronics,18,348.22,18,2025-05-17
TXN-11044,South,Groceries,8,91.56,18,2025-03-18
TXN-11045,West,Groceries,14,385.67,9,2025-03-12
TXN-11046,North,Fitness,5,496.82,17,2025-04-06
TXN-11047,South,Books,16,410.87,16,2025-03-20
TXN-11048,North,Electronics,20,257.69,10,2025-04-17
TXN-11049,West,Electronics,12,114.98,16,2025-05-25
TXN-11050,West,Home & Kitchen,17,385.59,7,2025-04-21
TXN-11051,East,Fitness,9,20.30,20,2025-04-15
TXN-11052,West,Books,12,503.94,28,2025-04-19
TXN-11053,North,Electronics,2,103.29,1,2025-04-10
TXN-11054,North,Fitness,16,485.28,14,2025-04-23
TXN-11055,South,Home & Kitchen,8,261.95,10,2025-03-19
TXN-11056,South,Books,2,347.81,1,2025-05-16
TXN-11057,South,Fitness,3,74.08,25,2025-03-26
TXN-11058,North,Books,10,170.01,150,2025-05-09
TXN-11059,North,Home & Kitchen,20,71.47,18,2025-03-05
TXN-11060,North,Electronics,13,50.64,2,2025-04-07
TXN-11061,East,Groceries,10,235.70,22,2025-05-20
TXN-11062,South,Home & Kitchen,4,131.90,30,2025-04-10
TXN-11063,South,Fitness,18,153.62,11,2025-03-21
TXN-11064,West,Electronics,4,110.43,25,2025-05-23
TXN-11065,North,Groceries,3,48.00,23,2025-05-13
TXN-11066,North,Electronics,8,287.19,9,2025-04-04
TXN-11067,West,Electronics,14,368.18,14,2025-04-17
TXN-11068,West,Books,19,188.22,14,2025-04-07
TXN-11069,North,Books,11,247.92,5,2025-03-31
TXN-11070,South,Home & Kitchen,15,289.38,1,2025-03-08
TXN-11071,East,Fitness,1,337.29,6,2025-05-27
TXN-11072,North,Apparel,20,34.63,20,2025-05-21
TXN-11073,East,Books,2,189.08,10,2025-03-07
TXN-11074,North,Groceries,16,107.40,9,2025-03-14
TXN-11075,West,Books,18,149.20,19,2025-05-02
TXN-11076,West,Home & Kitchen,17,262.60,4,2025-05-12
TXN-11077,East,Fitness,2,67.85,2,2025-05-21
TXN-11078,South,Electronics,16,358.24,0,2025-05-14
TXN-11079,South,Apparel,6,37.50,22,2025-05-06
TXN-11080,North,Apparel,9,274.60,13,2025-05-02
TXN-11081,West,Books,9,159.12,12,2025-03-28
TXN-11082,North,Apparel,13,362.33,23,2025-05-08
TXN-11083,South,Home & Kitchen,20,389.30,19,2025-05-04
TXN-11084,North,Fitness,7,14.23,2,2025-04-01
TXN-11085,East,Electronics,1,105.12,18,2025-04-02
TXN-11086,North,Books,9,482.57,24,2025-03-27
TXN-11087,East,Groceries,7,445.72,15,2025-05-19
TXN-11088,East,Electronics,19,289.94,17,2025-04-15
TXN-11089,North,Books,15,197.39,29,2025-04-28
TXN-11090,South,Groceries,2,144.77,15,2025-04-18
TXN-11091,North,Books,5,314.76,27,2025-05-02
TXN-11092,East,Books,4,183.11,10,2025-05-10
TXN-11093,North,Groceries,10,427.58,14,2025-05-07
TXN-11094,East,Home & Kitchen,12,333.08,15,2025-05-10
TXN-11095,West,Apparel,2,167.55,15,2025-04-12
TXN-11096,East,Fitness,13,31.66,18,2025-05-28
TXN-11097,East,Books,16,344.49,27,2025-05-28
TXN-11098,East,Electronics,14,338.70,28,2025-05-23
TXN-11099,West,Books,1,501.98,11,2025-03-26
TXN-11100,West,Apparel,5,440.79,28,2025-04-01
TXN-11101,South,Groceries,9,113.32,14,2025-04-30
TXN-11102,West,Books,9,318.40,19,2025-05-15
TXN-11103,East,Fitness,10,441.97,21,2025-03-11
TXN-11104,North,Books,12,186.76,19,2025-04-19
TXN-11105,West,Home & Kitchen,1,166.68,12,2025-03-04
TXN-11106,South,Apparel,1,449.79,25,2025-03-24
TXN-10602,North,Home & Kitchen,7,292.27,1,2025-05-26
TXN-10079,East,Electronics,1,109.22,30,2025-05-30
TXN-11109,North,Groceries,12,386.12,13,2025-04-14
TXN-11110,North,Home & Kitchen,4,417.01,20,2025-05-11
TXN-11111,North,Apparel,20,356.58,26,2025-04-18
TXN-11112,West,Electronics,16,191.70,6,2025-05-15
TXN-11113,East,Books,18,173.75,15,2025-04-15
TXN-11114,East,Books,19,85.72,1,2025-04-21
TXN-11115,East,Books,6,493.29,6,2025-05-26
TXN-11116,East,Home & Kitchen,19,192.10,10,2025-04-13
TXN-11117,West,Fitness,9,142.99,2,2025-06-01
TXN-11118,North,Books,15,294.13,16,2025-04-27
TXN-11119,East,Groceries,7,258.97,27,2025-03-15
TXN-11120,East,Home & Kitchen,12,199.72,13,2025-05-25
TXN-11121,North,Home & Kitchen,12,394.46,14,2025-04-05
TXN-11122,East,Books,11,422.74,5,2025-03-04
TXN-11123,West,Groceries,10,493.26,27,2025-03-04
TXN-11124,East,Fitness,18,338.46,21,2025-05-30
TXN-11125,West,Home & Kitchen,1,469.67,3,2025-05-09
TXN-11126,North,Electronics,15,291.05,25,2025-04-03
TXN-11127,West,Home & Kitchen,11,29.73,18,2025-04-12
TXN-11128,West,Fitness,19,176.36,30,2025-03-16
TXN-11129,East,Apparel,17,285.06,19,2025-05-23
TXN-11130,East,Books,4,155.06,25,2099-12-31
TXN-11131,West,Apparel,13,381.91,4,2025-05-03
TXN-11132,North,Electronics,17,359.46,11,2025-03-13
TXN-11133,West,Apparel,1,41.13,23,2025-06-01
TXN-11134,West,Apparel,14,92.50,3,2025-04-10
TXN-11135,West,Groceries,12,140.26,23,2025-03-05
TXN-11136,North,Apparel,7,109.77,0,2025-03-12
TXN-11137,North,Electronics,19,270.95,25,2025-03-22
TXN-11138,West,Fitness,9,220.37,25,2025-04-20
TXN-11139,North,Fitness,13,107.02,2,2025-03-29
TXN-11011,West,Fitness,19,237.96,2,2025-04-23
TXN-11141,North,Apparel,9,377.65,20,2025-03-13
TXN-11142,North,Home & Kitchen,20,32.09,27,2025-03-23
TXN-11143,South,Groceries,2,285.30,12,2025-03-06
TXN-11144,North,Electronics,3,403.29,15,2025-03-05
TXN-11145,East,Apparel,14,346.64,11,2025-05-08
TXN-11146,North,Apparel,5,404.47,21,2025-03-15
TXN-11147,North,Home & Kitchen,1,258.50,0,2025-03-28
TXN-11148,South,Books,3,422.48,8,2025-05-02
TXN-11149,East,Books,10,81.72,9,2025-05-28
TXN-11150,East,Fitness,16,359.82,21,2025-05-18
TXN-11151,East,Home & Kitchen,4,100.31,14,2025-03-19
TXN-11152,South,Books,14,45.44,2,2025-04-22
TXN-11153,East,Groceries,7,INVALID_PRICE,15,2025-03-31
TXN-11154,South,Groceries,19,485.72,24,2025-05-27
TXN-11155,South,Groceries,15,476.57,16,2025-04-20
TXN-11156,South,Home & Kitchen,8,499.29,7,2025-04-09
TXN-11157,East,Groceries,3,500.52,2,2025-04-12
TXN-11158,West,Home & Kitchen,15,482.41,27,2025-03-23
TXN-11159,West,Home & Kitchen,12,62.94,6,2025-06-01
TXN-11160,West,Home & Kitchen,7,359.72,26,2025-05-22
TXN-11161,North,Home & Kitchen,6,249.99,14,2025-05-01
TXN-11162,North,Apparel,1,476.00,9,2025-04-21
TXN-11163,West,Apparel,7,112.24,23,2025-03-28
TXN-11164,East,Groceries,18,424.39,25,2025-03-14
TXN-11165,East,Books,3,211.07,30,2025-04-15
TXN-11166,East,Electronics,13,440.90,20,2025-03-30
TXN-11167,West,Groceries,14,173.98,4,2025-03-22
TXN-11168,West,Apparel,16,306.80,2,2025-04-12
TXN-11169,South,Books,5,401.33,10,2025-05-02
TXN-11170,North,Home & Kitchen,1,83.31,28,2025-05-27
TXN-11171,South,Groceries,15,88.56,14,2025-05-11
TXN-11172,North,Home & Kitchen,3,84.61,26,2025-03-15
TXN-11173,West,Fitness,14,381.60,150,2025-03-04
TXN-11174,North,Fitness,9,369.85,3,2025-05-12
TXN-11175,West,Groceries,2,360.76,3,2025-04-23
TXN-11176,West,Electronics,14,237.18,11,2099-12-31
TXN-11177,West,Home & Kitchen,16,52.85,17,2025-05-29
TXN-11178,South,Fitness,5,301.05,4,2025-05-22
TXN-11179,South,Groceries,20,334.35,23,2025-05-17
TXN-11180,South,Books,1,253.96,9,2025-05-10
TXN-11181,South,Books,14,97.28,6,2025-04-15
TXN-11182,West,Apparel,6,70.56,17,2025-05-08
TXN-11183,West,Fitness,6,483.08,4,2025-04-08
TXN-11184,South,Apparel,8,315.85,22,2025-05-14
TXN-11185,East,Fitness,2,427.63,23,2025-03-23
TXN-11186,West,Electronics,10,16.49,30,2025-04-23
TXN-11187,East,Groceries,20,28.00,22,2025-03-26
TXN-11188,East,Home & Kitchen,14,359.70,5,2025-04-26
TXN-11189,East,Home & Kitchen,12,442.08,29,2025-04-05
TXN-11190,North,Fitness,20,39.65,8,2025-03-06
TXN-11191,South,Books,9,443.06,11,2025-05-12
TXN-11192,East,Books,20,450.89,18,2025-04-20
TXN-11193,North,Electronics,19,118.01,14,2025-03-25
TXN-11194,South,Groceries,11,132.98,21,2025-04-20
TXN-11195,West,Fitness,5,17.98,6,2025-04-22
TXN-11196,South,Groceries,19,122.73,1,2025-04-28
TXN-11197,East,Electronics,16,179.19,23,2025-05-21
TXN-11198,West,Apparel,16,397.51,23,2025-05-25
TXN-11199,North,Groceries,15,295.11,4,2025-04-20
TXN-11200,West,Home & Kitchen,11,163.00,8,2025-03-22
TXN-11201,North,Fitness,14,327.05,12,2025-05-22
TXN-11202,East,Books,2,8.20,14,2025-05-30
TXN-11203,West,Groceries,12,317.09,23,2025-04-21
TXN-11204,North,Groceries,6,332.26,19,2025-04-24
TXN-11205,South,Home & Kitchen,18,89.27,29,2025-03-15
TXN-11206,East,Electronics,4,292.20,21,2025-05-08
TXN-11207,North,Apparel,14,216.79,8,2025-05-18
TXN-11208,South,Books,13,130.58,24,2025-05-08
TXN-11209,North,Apparel,13,19.67,1,2025-05-31
TXN-11210,East,Apparel,5,315.35,3,2025-05-21
TXN-11211,West,Books,12,39.35,16,2025-05-18
TXN-11212,West,Electronics,2,57.73,14,2025-05-23
TXN-11213,East,Books,16,193.57,3,2025-05-20
TXN-11214,South,Fitness,4,239.85,6,2025-04-05
TXN-11215,West,Groceries,14,450.86,11,2025-03-16
TXN-11216,North,Apparel,7,292.60,22,2025-03-18
TXN-11217,West,Electronics,2,501.73,6,2025-05-21
TXN-11218,East,Groceries,15,6.63,8,2025-04-04
TXN-11219,South,Apparel,7,385.48,23,2025-04-21
TXN-11220,South,Home & Kitchen,4,INVALID_PRICE,1,2025-03-29
TXN-11221,West,Apparel,16,304.79,22,2025-04-04
TXN-11222,South,Groceries,6,446.02,11,2025-05-19
TXN-11223,North,Electronics,11,21.83,13,2025-04-27
TXN-11224,East,Apparel,12,359.43,16,2025-04-09
TXN-11225,North,Electronics,18,403.78,23,2025-04-22
TXN-11226,North,Apparel,6,306.31,21,2025-03-22
TXN-11227,West,Groceries,16,21.15,22,2025-05-21
TXN-11228,South,Home & Kitchen,19,449.52,21,2025-05-20
TXN-11229,North,Groceries,6,25.15,9,2025-05-13
TXN-10454,East,Home & Kitchen,1,329.62,13,2025-03-27
TXN-11231,West,Fitness,1,371.00,27,2025-03-18
TXN-11232,East,Apparel,2,67.15,29,2025-03-17
TXN-11233,East,Groceries,11,47.09,7,2025-05-18
TXN-11234,South,Groceries,3,322.84,1,2025-04-14
TXN-11235,West,Home & Kitchen,13,474.91,1,2025-04-15
TXN-11236,East,Groceries,14,27.05,28,2025-04-23
TXN-11237,East,Groceries,9,270.43,16,2025-05-29
TXN-11238,East,Fitness,13,161.74,20,2025-04-24
TXN-11239,East,Home & Kitchen,20,426.88,12,2025-05-30
TXN-11240,West,Groceries,9,423.38,0,2025-03-29
TXN-11241,North,Groceries,20,INVALID_PRICE,28,2025-05-12
TXN-11242,West,Home & Kitchen,1,295.72,7,2025-05-08
TXN-11243,East,Electronics,8,339.13,22,2025-04-04
TXN-11244,West,Apparel,13,458.84,14,2025-04-10
TXN-11245,West,Apparel,6,104.56,18,2025-04-01
TXN-11246,North,Fitness,12,460.35,22,2025-03-30
TXN-11247,North,Fitness,11,INVALID_PRICE,22,2025-03-08
TXN-11248,South,Groceries,15,35.79,2,2025-04-06
TXN-11249,East,Books,15,230.87,12,2025-03-31
TXN-11250,West,Home & Kitchen,17,175.44,19,2025-03-26
TXN-11251,East,Electronics,6,353.15,26,2025-03-30
TXN-11252,West,Electronics,15,110.56,17,2025-05-26
TXN-11253,East,Groceries,13,275.22,10,2025-05-23
TXN-11254,West,Fitness,18,457.51,30,2025-06-01
TXN-11255,South,Apparel,19,191.44,12,2025-05-21
TXN-11256,East,Electronics,-3,129.67,24,2025-04-23
TXN-11257,South,Home & Kitchen,4,180.52,5,2025-05-26
TXN-11258,North,Books,20,205.35,0,2025-04-14
TXN-11259,East,Electronics,4,108.94,10,2025-04-16
TXN-11260,East,Electronics,11,301.14,6,2025-04-13
TXN-11261,North,Electronics,16,279.51,11,2025-05-16
TXN-11262,North,Apparel,17,225.99,28,2025-03-06
TXN-11263,South,Fitness,1,114.14,29,2025-03-28
TXN-11264,South,Groceries,12,16.90,23,2025-05-15
TXN-11265,North,Electronics,10,73.07,5,2025-05-21
TXN-11266,West,Groceries,12,155.78,29,2025-03-15
TXN-11267,West,Books,17,220.22,11,2025-03-09
TXN-11268,West,Apparel,9,463.47,11,2025-04-09
TXN-11269,West,Groceries,18,131.13,16,2025-03-12
TXN-11270,North,Groceries,5,49.30,6,2025-03-23
TXN-11271,North,Home & Kitchen,3,312.55,24,2025-04-24
TXN-11272,West,Fitness,15,150.81,27,2025-04-12
TXN-11273,South,Books,4,376.52,4,2025-04-29
TXN-11274,South,Electronics,10,208.87,28,2025-03-05
TXN-11275,North,Books,1,413.42,6,2025-04-10
TXN-11276,West,Home & Kitchen,19,401.38,21,2025-03-04
TXN-11277,North,Home & Kitchen,14,198.84,26,2025-03-17
TXN-11278,North,Electronics,15,46.14,5,2025-05-12
TXN-11279,West,Books,17,305.63,21,2025-03-14
TXN-11280,South,Electronics,14,426.83,9,2025-05-26
TXN-11281,East,Books,11,219.08,5,2025-04-03
TXN-11282,West,Fitness,16,285.33,13,2025-05-19
TXN-11283,South,Fitness,4,290.26,22,2025-05-04
TXN-11284,East,Fitness,13,422.01,7,2025-03-05
TXN-11285,East,Home & Kitchen,1,INVALID_PRICE,4,2025-04-10
TXN-11286,West,Groceries,11,297.30,13,2025-05-30
TXN-11287,West,Electronics,6,143.37,18,2025-04-17
TXN-11288,North,Books,16,154.69,12,2025-03-30
TXN-11289,South,Electronics,20,364.37,18,2025-05-13
TXN-11290,West,Apparel,18,46.57,10,2025-04-26
TXN-11291,North,Books,12,137.57,20,2025-05-12
TXN-11292,North,Electronics,18,309.46,9,2025-04-14
TXN-11293,East,Apparel,12,138.91,20,2025-04-06
TXN-11294,East,Groceries,7,353.94,10,2025-05-04
TXN-11295,South,Apparel,20,305.68,8,2025-04-26
TXN-11296,West,Books,15,489.99,16,2025-04-13
TXN-11297,South,Electronics,11,255.44,13,2025-05-06
TXN-11298,North,Groceries,10,436.85,25,2025-05-28
TXN-11299,East,Home & Kitchen,4,55.29,5,2025-03-12
TXN-11300,East,Electronics,4,469.08,7,2025-05-10
TXN-11301,West,Fitness,11,377.71,17,2025-04-19
TXN-11302,East,Books,7,487.41,22,2025-04-08
TXN-11303,East,Apparel,6,102.22,6,2025-03-09
TXN-11304,North,Electronics,19,5.71,12,2025-04-26
TXN-11305,West,Home & Kitchen,6,321.57,8,2025-03-07
TXN-11306,South,Home & Kitchen,1,453.15,6,2025-05-19
TXN-11307,South,Groceries,1,309.11,20,2025-03-17
TXN-11308,South,Apparel,6,408.75,17,2025-05-08
TXN-11309,South,Apparel,6,498.51,7,2025-03-31
TXN-11310,East,Home & Kitchen,7,188.20,27,2025-05-31
TXN-11311,East,Books,10,83.47,17,2025-05-01
TXN-11312,North,Home & Kitchen,1,189.92,29,2025-05-22
TXN-11313,North,Fitness,3,471.38,17,2025-04-13
TXN-11314,South,Groceries,1,20.14,27,2025-04-30
TXN-11315,East,Fitness,13,444.00,30,2025-03-05
TXN-11316,East,Books,18,419.30,17,2025-05-05
TXN-11317,West,Electronics,9,378.54,15,2025-03-12
TXN-11318,South,Apparel,12,335.68,4,2025-03-17
TXN-11319,South,Apparel,10,23.37,25,2025-04-24
TXN-11320,North,Electronics,11,355.12,5,2025-04-30
TXN-11321,South,Electronics,16,227.07,26,2025-04-07
TXN-11322,West,Groceries,8,11.20,28,2025-03-08
TXN-11323,North,Home & Kitchen,8,500.98,10,2025-05-06
TXN-11324,West,Home & Kitchen,16,12.39,9,2025-05-26
TXN-11325,South,Electronics,4,227.90,10,2025-05-31
TXN-11326,North,Home & Kitchen,13,303.47,1,2025-04-22
TXN-11327,North,Electronics,5,276.13,27,2025-05-18
TXN-11328,North,Apparel,6,485.70,19,2025-05-27
TXN-11329,West,Groceries,13,421.58,21,2025-04-07
TXN-11330,South,Apparel,15,421.16,5,2025-03-22
TXN-11331,West,Home & Kitchen,14,326.95,29,2025-03-15
TXN-11332,North,Books,3,158.75,13,2025-03-28
TXN-11333,West,Groceries,1,70.39,6,2025-05-03
TXN-11334,West,Home & Kitchen,2,381.64,25,2025-05-14
TXN-11335,South,Home & Kitchen,18,272.26,17,2025-03-19
TXN-11336,East,Books,14,175.37,24,2025-05-06
TXN-11337,West,Home & Kitchen,19,98.47,6,2025-03-12
TXN-11338,East,Fitness,18,341.20,18,2025-03-13
TXN-11339,South,Home & Kitchen,4,227.43,20,2025-04-15
TXN-11340,South,Home & Kitchen,20,262.23,9,2025-04-13
TXN-11341,North,Books,4,77.32,24,2025-03-15
TXN-11342,South,Home & Kitchen,14,253.51,20,2025-05-01
TXN-11343,West,Home & Kitchen,18,167.24,20,2025-04-28
TXN-11344,South,Apparel,18,213.04,16,2025-03-27
TXN-11345,North,Apparel,4,143.91,23,2025-03-21
TXN-11346,West,Groceries,2,261.53,12,2025-03-31
TXN-11347,East,Fitness,13,349.14,10,2025-04-18
TXN-11348,West,Electronics,1,421.09,23,2025-04-08
TXN-11349,West,Books,20,496.98,29,2025-04-22
TXN-11350,South,Books,12,380.75,25,2025-03-19
TXN-11351,West,Books,19,284.73,27,2025-04-08
TXN-11352,West,Home & Kitchen,15,187.49,23,2025-04-26
TXN-11353,East,Groceries,8,107.43,10,2025-04-27
TXN-11354,West,Home & Kitchen,20,86.67,1,2025-03-14
TXN-11355,South,Apparel,3,82.88,11,2025-03-07
TXN-11356,East,Fitness,9,106.22,26,2025-05-27
TXN-11357,North,Groceries,18,141.18,6,2025-04-10
TXN-11358,South,Groceries,9,298.17,25,2025-05-11
TXN-11359,South,Apparel,15,178.91,14,2025-04-27
TXN-11360,East,Electronics,17,190.66,10,2099-12-31
TXN-11361,West,Home & Kitchen,20,291.93,22,2025-04-06
TXN-11362,North,Groceries,16,286.96,9,2025-05-13
TXN-11363,South,Fitness,6,170.40,21,2025-05-28
TXN-11364,West,Groceries,5,148.71,13,2025-03-31
TXN-11365,West,Fitness,13,385.02,2,2025-05-24
TXN-11366,West,Groceries,4,352.53,5,2025-03-17
TXN-11367,West,Groceries,8,300.00,3,2025-03-23
TXN-11368,South,Books,20,102.03,3,2025-05-13
TXN-11369,South,Groceries,19,388.61,24,2025-05-03
TXN-11370,East,Electronics,15,271.23,9,2025-04-16
TXN-11371,North,Apparel,12,313.07,9,2025-05-12
TXN-11372,East,Groceries,17,303.22,14,2025-05-31
TXN-11373,North,Fitness,4,304.12,28,2025-03-27
TXN-11374,West,Apparel,6,266.78,22,2025-05-18
TXN-11375,West,Electronics,9,229.96,5,2025-04-13
TXN-11376,North,Fitness,5,154.79,10,2025-05-06
TXN-11377,South,Apparel,8,40.85,21,2025-03-20
TXN-11378,South,Fitness,7,75.28,24,2025-05-01
TXN-11379,West,Electronics,2,456.36,26,2025-04-15
TXN-11380,South,Books,5,148.81,6,2025-05-31
TXN-11381,North,Home & Kitchen,3,38.38,19,2025-05-14
TXN-11382,West,Apparel,12,484.73,23,2025-04-23
TXN-11383,West,Home & Kitchen,15,183.17,2,2025-03-13
TXN-11384,East,Fitness,15,480.30,20,2025-05-27
TXN-11385,East,Apparel,3,317.95,28,2025-03-07
TXN-11386,East,Groceries,6,493.69,7,2025-04-01
TXN-11387,North,Groceries,-5,311.79,14,2025-05-21
TXN-11388,North,Apparel,8,371.63,7,2025-05-20
TXN-11389,East,Books,2,60.68,16,2025-04-08
TXN-11390,East,Apparel,9,386.70,19,2025-05-14
TXN-11391,East,Home & Kitchen,19,456.97,4,2025-04-25
TXN-11392,East,Home & Kitchen,17,106.04,6,2025-04-01
TXN-11393,South,Home & Kitchen,12,117.32,9,2025-03-14
TXN-11394,South,Groceries,5,496.98,26,2025-04-27
TXN-11395,North,Apparel,17,407.27,2,2025-04-02
TXN-11396,South,Books,12,114.34,19,2025-03-19
TXN-11397,South,Apparel,20,378.01,7,2025-05-15
TXN-11398,East,Groceries,14,101.45,7,2025-04-23
TXN-11399,East,Electronics,18,474.25,24,2025-05-12
TXN-11400,West,Groceries,7,261.01,8,2025-05-22
TXN-11401,South,Apparel,12,249.75,16,2025-05-29
TXN-11402,East,Apparel,16,70.74,27,2025-05-04
TXN-11403,South,Fitness,20,208.98,5,2025-04-24
TXN-11404,East,Home & Kitchen,12,175.95,2,2025-05-11
TXN-11405,East,Apparel,2,316.17,21,2025-05-12
TXN-11406,North,Apparel,1,160.82,28,2025-04-09
TXN-11407,East,Home & Kitchen,8,289.01,18,2025-04-10
TXN-11408,North,Fitness,13,92.34,16,2025-03-29
TXN-11409,East,Groceries,4,370.30,4,2025-03-16
TXN-11410,West,Fitness,3,318.34,18,2025-04-23
TXN-11411,East,Books,5,346.26,16,2025-03-20
TXN-11412,West,Apparel,15,48.87,23,2025-03-19
TXN-11413,East,Home & Kitchen,16,34.32,30,2025-05-03
TXN-11414,East,Electronics,19,418.29,22,2025-04-27
TXN-11415,West,Home & Kitchen,1,265.62,1,2025-05-30
TXN-11416,North,Apparel,2,313.38,11,2025-03-22
TXN-11417,South,Fitness,6,90.31,25,2025-05-30
TXN-11418,East,Apparel,17,472.91,30,2025-03-28
TXN-11419,North,Groceries,8,121.99,16,2025-03-23
TXN-11420,West,Home & Kitchen,11,233.13,26,2025-05-14
TXN-11421,North,Home & Kitchen,19,398.46,20,2025-05-21
TXN-11422,South,Groceries,16,406.01,6,2025-04-12
TXN-11423,West,Home & Kitchen,20,255.83,2,2025-04-07
TXN-11424,South,Electronics,3,188.92,24,2025-03-05
TXN-11425,West,Groceries,20,291.11,4,2025-05-29
TXN-11426,North,Fitness,16,99.85,28,2025-04-03
TXN-11427,East,Fitness,6,301.28,30,2025-03-12
TXN-11428,East,Books,20,27.22,0,2025-05-04
TXN-11429,East,Apparel,19,241.13,3,2025-05-19
TXN-11430,East,Electronics,18,47.21,29,2025-04-16
TXN-11431,East,Home & Kitchen,5,73.38,2,2025-04-30
TXN-11432,West,Home & Kitchen,4,488.65,27,2025-03-22
TXN-11433,North,Fitness,1,208.22,20,2025-04-22
TXN-11434,East,Books,8,270.54,26,2025-05-17
TXN-11435,West,Electronics,15,488.23,28,2025-04-11
TXN-11436,South,Books,4,494.42,19,2025-04-09
TXN-11437,South,Apparel,6,99.81,1,2025-04-22
TXN-11438,East,Books,2,347.89,3,2025-04-26
TXN-11439,West,Apparel,18,209.17,9,2025-03-22
TXN-11440,East,Groceries,10,95.94,6,2025-05-14
TXN-11441,West,Groceries,1,170.85,6,2025-03-15
TXN-11442,West,Books,13,502.04,11,2025-05-06
TXN-11443,North,Groceries,15,285.52,24,2025-05-17
TXN-11444,North,Electronics,18,257.43,9,2025-03-09
TXN-11445,South,Home & Kitchen,4,408.03,0,2025-04-21
TXN-11446,North,Electronics,20,426.11,22,2025-04-25
TXN-11447,North,Groceries,13,281.36,2,2099-12-31
TXN-11448,South,Groceries,9,150.68,12,2025-05-28
TXN-11449,West,Home & Kitchen,11,294.76,24,2025-04-16
TXN-11450,East,Fitness,17,141.28,1,2025-05-04
TXN-11451,South,Groceries,20,190.45,8,2025-05-06
TXN-11452,South,Apparel,6,71.25,10,2025-03-25
TXN-11453,North,Books,8,111.04,18,2025-03-14
TXN-11454,East,Apparel,6,63.44,16,2025-06-01
TXN-11455,South,Books,6,317.00,12,2025-03-11
TXN-11456,North,Books,17,238.71,11,2025-04-23
TXN-11457,East,Apparel,1,151.71,11,2025-03-04
TXN-11458,South,Home & Kitchen,1,168.79,3,2025-05-24
TXN-11459,East,Home & Kitchen,3,190.52,18,2025-05-05
TXN-11460,South,Fitness,18,51.71,26,2025-05-04
TXN-11461,South,Books,14,7.10,1,2025-04-25
TXN-11462,West,Books,17,358.40,1,2025-04-10
TXN-11463,East,Books,-3,66.01,28,2025-05-15
TXN-11464,South,Apparel,4,297.78,14,2025-05-23
TXN-11465,West,Fitness,6,320.77,150,2025-05-12
TXN-11466,South,Fitness,18,49.48,0,2099-12-31
TXN-11467,East,Apparel,6,400.69,0,2025-05-09
TXN-10488,West,Groceries,3,91.82,2,2025-03-29
TXN-11469,East,Apparel,5,108.85,7,2025-04-28
TXN-11470,South,Electronics,5,38.01,26,2025-03-22
TXN-11471,East,Apparel,15,176.56,11,2025-03-05
TXN-11472,North,Home & Kitchen,2,466.50,17,2025-03-08
TXN-11473,East,Apparel,7,156.93,3,2025-05-25
TXN-11474,West,Fitness,2,332.20,5,2025-05-25
TXN-11475,West,Apparel,8,92.85,11,2025-04-04
TXN-11476,North,Fitness,19,323.45,25,2025-03-25
TXN-11477,East,Apparel,20,418.20,12,2025-04-06
TXN-11478,East,Books,6,86.87,24,2025-04-01
TXN-11479,South,Apparel,14,117.12,16,2025-05-23
TXN-11480,West,Home & Kitchen,16,423.45,25,2025-05-28
TXN-11481,East,Home & Kitchen,20,243.31,18,2025-05-05
TXN-11482,North,Books,2,499.16,27,2025-04-18
TXN-11483,East,Books,6,207.03,27,2025-05-06
TXN-11484,South,Home & Kitchen,18,74.99,13,2025-03-28
TXN-11485,North,Electronics,6,140.36,150,2025-03-18
TXN-11486,East,Groceries,10,479.41,13,2025-04-21
TXN-11487,East,Groceries,20,116.01,30,2025-04-25
TXN-11488,North,Electronics,8,413.27,25,2025-03-09
TXN-11489,South,Electronics,2,33.82,14,2025-05-06
TXN-11490,West,Apparel,11,430.98,9,2025-03-14
TXN-11491,West,Home & Kitchen,14,456.43,7,2025-05-31
TXN-11492,East,Groceries,17,190.61,11,2025-05-02
TXN-11493,East,Books,17,369.95,2,2025-05-23
TXN-11494,North,Books,5,90.59,2,2025-05-11
TXN-11495,East,Fitness,8,337.86,20,2025-04-06
TXN-11496,North,Home & Kitchen,19,433.55,0,2025-04-13
TXN-11497,East,Apparel,17,213.33,3,2025-04-09
TXN-11498,North,Apparel,9,17.81,16,2025-03-05
TXN-11499,East,Books,17,378.43,24,2025-05-24
TXN-11500,South,Books,8,280.29,18,2025-04-23
TXN-11501,South,Apparel,11,497.09,14,2025-05-12
TXN-10530,North,Fitness,14,406.61,25,2025-05-15
TXN-11503,South,Electronics,12,134.19,15,2025-03-08
TXN-11504,West,Home & Kitchen,8,7.57,26,2025-03-16
TXN-11505,East,Fitness,19,498.75,26,2025-05-08
TXN-11506,East,Electronics,2,496.35,29,2025-03-06
TXN-11507,East,Apparel,18,488.75,17,2025-03-04
TXN-11508,West,Groceries,1,222.53,22,2025-04-30
TXN-11509,South,Home & Kitchen,18,42.73,29,2025-05-14
TXN-11510,East,Groceries,9,412.58,6,2025-05-16
TXN-11511,South,Apparel,4,48.43,15,2025-04-09
TXN-11512,West,Books,5,31.09,14,2025-04-05
TXN-11513,South,Apparel,1,291.04,7,2025-05-03
TXN-11514,East,Groceries,4,332.98,21,2025-03-12
TXN-11515,East,Books,8,168.89,8,2025-03-17
TXN-11516,West,Groceries,2,464.08,15,2025-03-30
TXN-11517,East,Apparel,15,384.08,16,2025-05-02
TXN-11518,North,Fitness,4,151.41,12,2025-04-13
TXN-11519,East,Groceries,16,6.67,29,2025-05-24
TXN-11520,West,Electronics,14,31.24,13,2025-05-16
TXN-11521,South,Home & Kitchen,17,65.99,9,2025-03-06
TXN-11522,West,Electronics,11,99.78,20,2025-04-28
TXN-11523,South,Apparel,-1,213.37,7,2025-03-12
TXN-11524,West,Fitness,18,145.99,12,2025-03-10
TXN-11525,South,Electronics,12,377.92,16,2025-03-11
TXN-11526,South,Apparel,2,376.43,22,2025-04-05
TXN-11527,North,Books,6,151.76,10,2025-05-19
TXN-11528,North,Fitness,13,116.81,20,2025-03-23
TXN-11529,South,Books,6,218.82,24,2025-05-19
TXN-11530,South,Apparel,15,385.31,5,2025-03-07
TXN-11531,South,Electronics,10,119.51,14,2025-05-16
TXN-10359,North,Fitness,8,45.04,20,2025-05-20
TXN-11533,West,Fitness,12,500.03,12,2025-05-07
TXN-11534,South,Apparel,18,128.95,18,2025-05-23
TXN-11535,East,Electronics,5,238.16,0,2025-03-10
TXN-11536,East,Home & Kitchen,-5,58.72,7,2025-03-23
TXN-11537,North,Fitness,17,441.73,8,2025-04-08
TXN-11538,South,Apparel,16,485.51,8,2025-05-10
TXN-11539,South,Groceries,6,99.69,14,2025-03-05
TXN-11540,West,Home & Kitchen,6,132.73,8,2025-03-24
TXN-11541,East,Fitness,12,196.36,5,2025-03-23
TXN-11542,North,Books,18,479.60,12,2025-05-24
TXN-11543,North,Apparel,18,335.36,23,2025-04-05
TXN-11544,South,Groceries,2,424.18,3,2025-04-20
TXN-11545,East,Books,9,355.55,22,2025-05-29
TXN-11546,West,Apparel,6,212.06,18,2025-04-01
TXN-11547,South,Apparel,16,504.39,20,2025-03-13
TXN-11548,East,Books,7,305.58,17,2025-05-23
TXN-11549,East,Groceries,5,298.44,16,2025-04-19
TXN-11550,West,Apparel,10,221.49,3,2025-05-03
TXN-11551,North,Electronics,14,227.92,19,2025-03-11
TXN-11552,South,Books,-1,35.59,5,2025-05-15
TXN-11553,East,Home & Kitchen,15,183.25,15,2025-05-22
TXN-11554,East,Apparel,13,126.42,6,2025-04-29
TXN-11555,North,Groceries,10,480.98,5,2025-04-26
TXN-11556,West,Fitness,12,163.95,25,2025-05-14
TXN-11557,South,Fitness,4,311.96,24,2025-04-04
TXN-11558,East,Fitness,8,20.34,26,2025-03-30
TXN-11559,West,Apparel,4,58.68,20,2025-04-20
TXN-11560,South,Electronics,13,400.02,3,2025-05-30
TXN-11561,West,Electronics,1,391.33,7,2025-05-28
TXN-11562,West,Groceries,18,173.33,4,2025-04-18
TXN-11563,East,Fitness,11,403.82,3,2025-05-06
TXN-11564,North,Fitness,10,327.15,17,2025-05-07
TXN-11565,South,Electronics,11,200.26,14,2025-04-08
TXN-11566,North,Groceries,17,235.41,11,2025-04-21
TXN-11567,South,Electronics,11,232.19,23,2025-05-31
TXN-11568,South,Groceries,3,7.91,4,2025-05-16
TXN-11569,North,Books,13,48.10,17,2025-04-02
TXN-11570,North,Books,7,191.16,0,2025-04-17
TXN-11571,West,Electronics,14,18.50,16,2025-04-19
TXN-11572,North,Groceries,4,313.28,1,2025-05-20
TXN-11573,South,Groceries,10,447.16,8,2025-05-26
TXN-11574,South,Electronics,11,401.97,12,2025-03-19
TXN-11575,East,Apparel,9,18.49,0,2025-04-26
TXN-11576,North,Groceries,17,475.72,20,2025-04-06
TXN-11577,South,Apparel,15,420.23,150,2025-03-17
TXN-11578,South,Apparel,2,274.35,12,2025-04-10
TXN-11579,North,Books,2,25.36,13,2025-05-24
TXN-11580,West,Electronics,8,474.15,5,2025-04-19
TXN-11581,East,Books,9,241.83,27,2025-03-26
TXN-11582,East,Home & Kitchen,6,41.33,7,2025-03-23
TXN-11583,East,Groceries,16,55.19,24,2025-04-19
TXN-11584,South,Groceries,3,488.98,5,2025-05-08
TXN-11585,West,Apparel,9,434.63,20,2025-05-24
TXN-11586,North,Electronics,18,458.32,18,2025-04-21
TXN-11587,West,Home & Kitchen,11,249.87,27,2025-03-21
TXN-11588,North,Groceries,1,32.28,28,2025-04-11
TXN-11589,East,Groceries,17,193.48,24,2025-03-19
TXN-11590,South,Electronics,7,194.45,15,2025-03-21
TXN-11591,East,Apparel,13,347.07,21,2025-03-15
TXN-11592,North,Fitness,-4,128.04,16,2025-05-03
TXN-11593,West,Home & Kitchen,3,116.52,12,2025-03-20
TXN-11594,West,Electronics,19,447.84,14,2025-03-22
TXN-11595,South,Electronics,4,77.78,27,2025-06-01
TXN-11596,East,Electronics,4,446.57,22,2025-04-27
TXN-11597,West,Groceries,11,288.43,23,2025-05-07
TXN-11598,East,Apparel,8,225.18,24,2025-05-14
TXN-11599,West,Groceries,15,210.70,10,2025-03-29
TXN-11600,West,Fitness,11,502.79,7,2025-04-27
TXN-11601,East,Books,2,113.31,20,2025-05-12
TXN-11602,West,Groceries,1,438.84,27,2025-05-24
TXN-11603,West,Apparel,8,296.03,17,2025-04-23
TXN-11604,North,Groceries,16,169.89,13,2025-05-05
TXN-11605,North,Apparel,11,458.76,21,2025-04-23
TXN-11606,North,Groceries,5,395.88,5,2025-03-17
TXN-11607,West,Books,9,360.38,7,2025-05-17
TXN-11608,East,Home & Kitchen,16,103.16,6,2025-05-01
TXN-11609,South,Fitness,7,190.70,14,2025-05-19
TXN-11610,North,Books,14,58.36,5,2025-04-28
TXN-10249,North,Home & Kitchen,11,67.50,30,2025-03-10
TXN-11612,South,Books,11,229.96,16,2025-05-18
TXN-11613,North,Electronics,18,289.81,22,2025-04-14
TXN-11614,North,Electronics,15,309.51,24,2025-04-30
TXN-11615,North,Electronics,4,144.18,4,2025-04-19
TXN-11616,East,Home & Kitchen,4,459.08,28,2025-05-20
TXN-11617,North,Apparel,6,223.63,26,2025-04-09
TXN-11618,East,Groceries,3,177.61,26,2025-03-24
TXN-11619,West,Books,6,446.38,28,2025-04-02
TXN-11620,South,Groceries,4,501.58,7,2025-04-03
TXN-11621,South,Fitness,14,359.65,20,2025-04-25
TXN-11622,West,Groceries,3,28.63,19,2025-04-27
TXN-11623,East,Apparel,10,231.23,11,2025-03-25
TXN-11624,North,Fitness,11,431.04,24,2025-05-09
TXN-11625,East,Home & Kitchen,3,36.43,21,2025-05-25
TXN-11626,East,Home & Kitchen,3,425.25,1,2025-03-04
TXN-11627,West,Apparel,4,11.19,18,2025-04-16
TXN-11628,East,Books,2,438.04,8,2025-03-23
TXN-11629,East,Books,15,106.60,18,2025-04-24
TXN-11630,West,Groceries,9,33.15,26,2025-04-15
TXN-11631,North,Groceries,9,174.66,21,2025-03-23
TXN-11632,East,Books,5,394.21,28,2025-04-29
TXN-11633,East,Apparel,16,93.36,12,2025-03-26
TXN-11634,South,Apparel,18,221.28,18,2025-03-05
TXN-11635,East,Groceries,20,230.42,8,2025-05-16
TXN-11636,West,Electronics,18,224.99,7,2025-04-27
TXN-11637,West,Apparel,16,462.50,19,2025-05-09
TXN-11638,East,Fitness,14,187.52,25,2025-05-18
TXN-11639,South,Electronics,8,29.30,2,2025-04-15
TXN-11640,North,Fitness,17,257.02,3,2025-04-12
TXN-11641,South,Groceries,-2,50.30,2,2025-05-29
TXN-11642,West,Fitness,8,411.90,16,2025-05-25
TXN-11643,South,Home & Kitchen,11,206.84,3,2025-05-26
TXN-11644,South,Books,17,386.78,15,2025-03-18
TXN-11645,West,Groceries,15,236.13,11,2025-03-20
TXN-11646,South,Groceries,14,132.41,14,2025-03-30
TXN-11647,South,Apparel,2,455.05,3,2025-04-09
TXN-11648,East,Apparel,8,255.98,20,2025-03-31
TXN-11649,South,Electronics,8,271.91,16,2025-03-20
TXN-11650,South,Apparel,14,71.60,25,2025-04-14
TXN-11651,East,Books,18,360.67,27,2025-04-14
TXN-11652,South,Apparel,7,486.38,27,2025-03-24
TXN-11653,South,Books,1,171.14,16,2025-05-12
TXN-11654,South,Apparel,10,88.62,12,2025-03-05
TXN-11655,East,Home & Kitchen,6,262.13,15,2025-03-19
TXN-11656,North,Books,13,30.17,11,2025-04-22
TXN-11657,South,Fitness,4,91.33,8,2025-03-10
TXN-11658,West,Books,1,212.65,8,2025-03-08
TXN-11659,South,Home & Kitchen,1,26.80,4,2025-05-27
TXN-11660,East,Electronics,3,458.41,23,2025-03-31
TXN-11661,East,Home & Kitchen,17,412.38,28,2025-04-19
TXN-11662,East,Electronics,10,413.95,28,2025-03-29
TXN-11663,West,Groceries,7,454.21,14,2025-05-26
TXN-11664,South,Home & Kitchen,13,393.88,16,2025-03-22
TXN-11665,North,Apparel,11,228.96,7,2025-04-19
TXN-11666,East,Books,8,164.49,3,2025-05-16
TXN-11667,East,Home & Kitchen,1,308.25,25,2025-05-27
TXN-11668,South,Apparel,14,155.95,4,2025-04-28
TXN-11669,South,Electronics,14,238.84,9,2025-05-12
TXN-11670,East,Fitness,10,411.05,28,2025-03-09
TXN-11671,South,Groceries,11,345.10,18,2025-05-25
TXN-11672,East,Fitness,2,483.61,6,2025-04-22
TXN-11673,West,Groceries,16,170.63,24,2025-05-11
TXN-11674,West,Apparel,-2,46.08,9,2025-04-24
TXN-11675,West,Apparel,6,16.88,11,2025-05-19
TXN-11676,West,Home & Kitchen,17,189.43,16,2025-05-10
TXN-11677,North,Home & Kitchen,18,256.02,22,2025-03-23
TXN-11678,East,Fitness,19,322.37,4,2025-04-29
TXN-11679,East,Books,19,96.49,1,2025-04-28
TXN-11680,East,Books,19,180.74,23,2025-05-12
TXN-11681,North,Groceries,16,258.37,14,2025-03-25
TXN-11682,West,Fitness,19,228.37,10,2025-04-15
TXN-11683,North,Apparel,17,433.77,15,2025-03-15
TXN-11684,North,Fitness,18,266.31,18,2025-04-11
TXN-11685,West,Books,6,373.02,20,2025-04-09
TXN-11686,North,Groceries,12,458.13,150,2025-03-12
TXN-11687,North,Home & Kitchen,14,215.08,11,2025-05-22
TXN-11688,South,Home & Kitchen,3,483.05,14,2025-03-19
TXN-11689,South,Books,18,193.64,29,2025-04-17
TXN-11690,East,Fitness,17,398.79,21,2025-03-11
TXN-11691,North,Groceries,12,163.09,13,2025-03-15
TXN-11692,South,Fitness,1,208.15,21,2025-03-20
TXN-11693,West,Groceries,7,477.83,6,2025-05-17
TXN-11694,West,Home & Kitchen,10,422.55,19,2025-03-29
TXN-11695,East,Home & Kitchen,14,257.27,24,2025-05-14
TXN-11696,East,Home & Kitchen,14,167.08,17,2025-04-02
TXN-11697,South,Books,20,19.61,27,2025-03-04
TXN-11698,East,Apparel,5,60.33,2,2025-03-11
TXN-11699,North,Home & Kitchen,20,133.35,22,2025-04-04
TXN-11700,North,Apparel,3,118.45,17,2025-04-24
TXN-11701,East,Books,10,387.27,5,2025-04-11
TXN-11702,East,Apparel,15,225.49,26,2025-05-23
TXN-11703,North,Fitness,3,165.99,24,2025-04-07
TXN-11704,West,Books,13,238.81,25,2025-03-14
TXN-11705,West,Apparel,5,222.01,12,2025-04-29
TXN-11706,West,Home & Kitchen,5,492.24,5,2025-04-06
TXN-11707,South,Fitness,16,41.27,26,2025-04-04
TXN-11708,West,Books,12,103.74,17,2025-03-20
TXN-11709,South,Electronics,5,205.69,6,2025-05-03
TXN-11710,South,Fitness,11,248.13,17,2025-05-01
TXN-11711,West,Groceries,12,228.43,18,2025-05-06
TXN-11712,North,Electronics,15,INVALID_PRICE,11,2025-05-27
TXN-11713,South,Fitness,5,93.74,8,2025-05-04
TXN-11714,West,Groceries,17,45.01,15,2025-05-23
TXN-11715,North,Apparel,12,321.65,23,2025-03-09
TXN-11716,West,Groceries,15,492.53,15,2025-04-19
TXN-11717,West,Electronics,17,480.78,13,2025-04-06
TXN-11718,South,Apparel,15,180.88,12,2025-05-12
TXN-11719,West,Apparel,15,32.47,3,2025-03-19
TXN-11720,North,Groceries,12,140.29,30,2025-03-06
TXN-11721,East,Home & Kitchen,12,396.63,20,2025-05-16
TXN-11722,North,Electronics,-5,280.21,19,2025-03-19
TXN-11723,East,Fitness,2,373.22,0,2025-05-18
TXN-11724,South,Books,9,227.39,2,2025-05-23
TXN-11725,East,Apparel,18,177.39,26,2025-05-03
TXN-11726,East,Books,5,53.57,7,2025-05-20
TXN-11727,North,Electronics,5,227.03,12,2025-03-13
TXN-11728,East,Apparel,18,168.71,14,2025-05-16
TXN-11729,West,Apparel,4,179.43,25,2025-05-04
TXN-11730,North,Home & Kitchen,2,319.54,16,2025-03-06
TXN-11731,West,Fitness,6,201.72,8,2099-12-31
TXN-11732,East,Fitness,12,108.78,25,2025-03-06
TXN-11733,West,Fitness,12,54.68,10,2025-05-19
TXN-11734,West,Books,4,339.30,27,2025-05-06
TXN-11735,East,Apparel,20,173.36,21,2025-05-28
TXN-11736,East,Groceries,4,110.36,27,2025-04-26
TXN-11737,South,Apparel,20,377.49,14,2025-04-09
TXN-11738,West,Books,1,409.71,29,2025-05-03
TXN-11739,East,Home & Kitchen,19,99.02,6,2025-05-31
TXN-11740,North,Books,5,470.58,8,2025-03-19
TXN-11741,South,Apparel,15,451.93,2,2025-04-07
TXN-11742,West,Electronics,11,65.29,2,2025-04-26
TXN-11743,West,Fitness,9,56.95,13,2025-05-14
TXN-11744,East,Fitness,10,430.11,5,2025-03-24
TXN-11745,North,Groceries,14,434.98,5,2025-05-18
TXN-11746,North,Groceries,8,177.05,14,2025-03-28
TXN-11747,North,Books,10,50.70,12,2025-03-13
TXN-11748,West,Fitness,8,47.31,6,2025-03-15
TXN-11749,North,Books,16,24.35,21,2025-03-27
TXN-11750,North,Fitness,1,489.68,23,2025-03-13
TXN-11751,East,Fitness,12,389.46,20,2099-12-31
TXN-11752,East,Fitness,20,433.31,27,2025-03-15
TXN-11753,East,Books,5,158.24,1,2025-04-26
TXN-11754,West,Groceries,4,477.85,15,2025-04-20
TXN-11088,South,Electronics,15,276.09,29,2025-05-26
TXN-11756,South,Groceries,3,284.63,11,2025-04-09
TXN-11757,East,Electronics,11,72.41,17,2025-03-26
TXN-11758,North,Groceries,7,74.05,1,2025-05-27
TXN-11759,North,Apparel,17,254.88,14,2025-05-14
TXN-11760,South,Home & Kitchen,1,299.24,10,2025-05-04
TXN-11761,East,Fitness,18,186.14,2,2025-05-04
TXN-11762,East,Apparel,13,13.01,8,2025-05-31
TXN-11763,South,Fitness,15,457.53,18,2025-03-30
TXN-11764,East,Electronics,2,436.65,19,2025-05-24
TXN-11765,North,Apparel,1,472.39,5,2025-04-17
TXN-11766,South,Electronics,9,79.29,19,2025-03-13
TXN-11767,West,Home & Kitchen,18,408.16,19,2025-03-16
TXN-11768,West,Apparel,5,297.90,16,2025-03-07
TXN-11769,North,Books,5,291.21,12,2025-03-07
TXN-11770,West,Home & Kitchen,16,258.01,10,2025-03-16
TXN-11771,West,Fitness,20,323.61,8,2025-04-03
TXN-11772,South,Home & Kitchen,13,399.42,20,2025-04-07
TXN-11773,East,Apparel,17,134.76,3,2025-05-18
TXN-11774,North,Electronics,2,225.46,22,2025-04-08
TXN-11775,East,Fitness,1,181.36,5,2025-05-18
TXN-11776,South,Electronics,2,257.73,29,2025-03-16
TXN-11777,West,Apparel,16,486.94,9,2025-03-09
TXN-11778,South,Fitness,17,296.61,1,2025-03-30
TXN-11779,South,Groceries,12,INVALID_PRICE,3,2025-04-20
TXN-11780,South,Fitness,2,72.56,23,2025-05-16
TXN-11781,North,Electronics,12,389.23,3,2025-03-30
TXN-11782,East,Books,5,59.24,21,2025-04-23
TXN-11783,West,Fitness,7,246.13,16,2025-05-14
TXN-11784,North,Fitness,18,417.51,13,2025-03-11
TXN-11785,North,Groceries,7,444.12,1,2025-04-26
TXN-11786,East,Books,8,179.96,24,2025-04-29
TXN-11787,South,Books,13,502.23,7,2025-05-19
TXN-11788,West,Groceries,11,284.17,2,2025-04-21
TXN-11789,South,Groceries,16,18.82,25,2025-04-08
TXN-11790,South,Groceries,10,131.84,7,2025-03-28
TXN-11791,North,Groceries,6,439.28,5,2025-04-01
TXN-11792,West,Groceries,18,207.29,20,2025-05-03
TXN-11793,East,Groceries,13,191.41,19,2025-04-15
TXN-11794,North,Books,15,180.65,23,2025-05-12
TXN-11795,South,Books,4,20.85,23,2025-03-22
TXN-11796,South,Home & Kitchen,10,93.16,17,2025-04-10
TXN-10051,West,Fitness,14,18.59,10,2025-05-17
TXN-11798,East,Home & Kitchen,15,214.61,0,2025-04-08
TXN-11799,North,Electronics,3,225.45,8,2025-05-22
TXN-11800,West,Electronics,3,428.49,15,2025-05-28
TXN-11801,North,Books,11,213.27,23,2025-03-12
TXN-11802,North,Fitness,14,222.11,6,2025-04-07
TXN-11803,North,Home & Kitchen,6,156.86,26,2025-06-01
TXN-11804,West,Electronics,14,23.13,20,2025-03-31
TXN-11805,East,Groceries,9,229.10,17,2025-04-28
TXN-11806,West,Books,5,128.77,23,2025-05-05
TXN-11807,North,Electronics,10,291.27,28,2025-04-30
TXN-11808,West,Fitness,15,39.32,27,2025-03-21
TXN-11809,South,Books,6,108.08,13,2025-04-15
TXN-11810,West,Home & Kitchen,15,323.80,25,2025-03-04
TXN-11811,West,Groceries,5,100.95,26,2025-04-04
TXN-11812,South,Fitness,15,405.84,19,2025-04-03
TXN-11813,North,Electronics,20,487.62,15,2025-04-28
TXN-11814,East,Books,12,72.19,16,2025-05-15
TXN-11815,East,Electronics,15,477.62,12,2025-04-25
TXN-11816,West,Home & Kitchen,1,295.21,19,2025-03-11
TXN-11817,East,Groceries,18,268.63,25,2025-03-26
TXN-11818,North,Books,5,297.83,3,2025-05-30
TXN-11819,South,Fitness,10,325.25,1,2025-03-05
TXN-11820,East,Electronics,4,297.47,26,2025-05-06
TXN-11821,South,Apparel,2,370.21,15,2025-05-31
TXN-11822,West,Apparel,1,311.54,10,2025-03-10
TXN-11823,North,Fitness,5,421.28,6,2025-04-17
TXN-11824,West,Books,3,128.38,4,2025-05-24
TXN-11825,East,Electronics,13,327.50,4,2025-05-31
TXN-11826,West,Books,14,190.61,19,2025-03-05
TXN-11827,East,Electronics,13,312.97,22,2025-03-20
TXN-11828,North,Fitness,6,179.60,28,2025-04-18
TXN-11829,West,Apparel,3,178.12,10,2025-05-25
TXN-11830,South,Fitness,4,101.24,13,2025-04-07
TXN-11831,East,Fitness,15,222.21,29,2025-04-05
TXN-11832,South,Electronics,12,215.14,11,2025-04-27
TXN-11833,East,Apparel,7,404.39,18,2025-05-06
TXN-11834,East,Books,7,285.52,22,2025-04-09
TXN-11835,West,Home & Kitchen,4,252.99,10,2025-04-26
TXN-11836,West,Books,12,53.87,27,2025-04-04
TXN-11837,East,Books,8,235.19,10,2025-04-09
TXN-11838,North,Groceries,12,137.08,3,2025-03-22
TXN-11839,West,Books,16,325.73,7,2025-05-30
TXN-11840,East,Apparel,12,240.10,10,2025-04-16
TXN-11841,East,Electronics,4,314.87,7,2025-03-29
TXN-11842,North,Electronics,7,158.65,13,2025-05-31
TXN-11843,East,Fitness,6,218.36,9,2025-03-07
TXN-11844,East,Books,2,128.23,25,2025-03-27
TXN-11845,South,Books,5,206.76,7,2025-03-10
TXN-11846,West,Apparel,1,295.14,22,2025-04-24
TXN-11847,South,Fitness,6,138.66,5,2025-04-22
TXN-11848,South,Home & Kitchen,12,425.73,2,2025-03-06
TXN-11849,South,Electronics,19,73.56,14,2025-03-18
TXN-11850,West,Groceries,7,385.88,27,2025-05-16
TXN-11851,South,Books,3,5.76,8,2025-03-13
TXN-11852,South,Books,15,444.28,17,2025-03-24
TXN-11853,West,Electronics,4,97.68,7,2025-04-22
TXN-11854,South,Books,14,13.09,14,2025-04-26
TXN-11855,West,Electronics,2,298.96,7,2025-03-11
TXN-11856,East,Apparel,11,308.76,28,2025-05-06
TXN-11857,North,Electronics,10,455.24,23,2025-04-14
TXN-11858,East,Apparel,13,37.30,2,2025-05-27
TXN-11859,East,Fitness,12,291.03,11,2025-04-28
TXN-11860,East,Home & Kitchen,15,249.71,4,2025-03-28
TXN-11861,East,Electronics,20,433.19,25,2025-03-08
TXN-11862,East,Apparel,17,203.35,4,2025-05-06
TXN-11863,North,Home & Kitchen,3,450.51,5,2025-03-28
TXN-11864,North,Books,12,197.03,13,2025-05-23
TXN-11865,North,Books,11,92.14,18,2025-04-07
TXN-11866,South,Apparel,16,220.31,8,2025-05-12
TXN-11867,South,Books,11,482.23,2,2025-04-02
TXN-11868,East,Apparel,5,250.08,18,2025-05-23
TXN-11869,East,Books,16,126.50,18,2025-04-13
TXN-11870,South,Groceries,9,95.28,6,2025-05-14
TXN-11871,South,Books,7,408.39,19,2025-05-05
TXN-11872,West,Apparel,7,305.73,5,2025-04-01
TXN-11873,West,Groceries,12,142.46,18,2025-04-23
TXN-11874,South,Fitness,20,407.14,11,2025-05-14
TXN-11875,South,Fitness,3,239.49,6,2025-05-23
TXN-11876,North,Fitness,12,76.51,19,2025-03-12
TXN-11877,North,Home & Kitchen,13,467.96,22,2025-03-29
TXN-11878,East,Books,12,38.48,12,2025-05-18
TXN-11879,North,Electronics,15,159.25,1,2025-04-12
TXN-11880,East,Electronics,16,500.82,9,2025-04-03
TXN-11881,South,Apparel,5,60.12,14,2025-04-05
TXN-11882,West,Apparel,7,500.81,13,2025-03-16
TXN-11883,North,Groceries,1,27.51,3,2025-03-09
TXN-11884,South,Groceries,2,458.36,2,2025-03-21
TXN-11885,East,Home & Kitchen,3,344.54,1,2025-03-27
TXN-11886,South,Apparel,8,97.86,9,2025-04-29
TXN-11887,South,Apparel,19,98.86,12,2025-04-20
TXN-11888,South,Fitness,1,50.10,10,2025-03-26
TXN-11889,West,Apparel,6,35.26,24,2025-05-10
TXN-11890,East,Fitness,19,224.08,8,2025-04-01
TXN-11891,South,Electronics,8,303.43,15,2025-05-25
TXN-11892,East,Apparel,4,137.34,1,2025-04-05
TXN-11893,North,Groceries,1,476.93,6,2025-05-20
TXN-11894,East,Groceries,3,427.25,18,2025-05-28
TXN-11895,South,Apparel,7,372.61,24,2025-05-12
TXN-11896,West,Home & Kitchen,16,163.70,27,2025-04-26
TXN-11897,North,Home & Kitchen,3,371.46,3,2025-04-29
TXN-11898,East,Books,10,163.44,8,2025-04-23
TXN-11899,South,Books,6,498.27,21,2025-05-01
TXN-11900,East,Fitness,7,271.68,17,2025-03-25
TXN-11901,North,Books,13,487.70,23,2025-05-25
TXN-11902,West,Electronics,12,460.04,9,2025-04-16
TXN-11903,West,Books,11,156.52,2,2025-03-18
TXN-11904,South,Groceries,15,198.82,16,2025-03-04
TXN-11905,South,Fitness,7,339.10,28,2025-03-22
TXN-11906,West,Fitness,13,230.10,1,2025-04-13
TXN-11907,East,Apparel,8,23.48,4,2025-04-02
TXN-11908,East,Books,6,165.97,12,2099-12-31
TXN-11909,North,Apparel,7,321.07,16,2025-05-22
TXN-11910,West,Groceries,13,439.38,13,2025-03-16
TXN-11911,South,Fitness,5,154.65,26,2025-04-09
TXN-11912,West,Groceries,11,233.13,6,2025-04-08
TXN-11913,East,Fitness,-3,353.71,9,2025-03-18
TXN-11914,North,Fitness,4,175.75,2,2025-04-11
TXN-11915,West,Electronics,10,21.09,20,2025-03-07
TXN-11916,East,Electronics,18,309.64,5,2025-05-31
TXN-11917,South,Fitness,13,321.68,4,2025-03-20
TXN-11918,East,Electronics,17,392.05,19,2025-04-18
TXN-11919,West,Groceries,3,177.17,27,2025-03-19
TXN-11920,South,Books,16,INVALID_PRICE,4,2025-05-08
TXN-11921,South,Books,-3,363.06,19,2025-03-14
TXN-11922,East,Apparel,1,229.52,12,2025-05-20
TXN-11923,North,Fitness,8,209.28,21,2025-04-24
TXN-11924,South,Books,20,366.43,3,2025-05-18
TXN-11925,North,Fitness,9,172.45,4,2025-05-03
TXN-11926,West,Fitness,9,393.33,27,2025-06-01
TXN-11927,West,Fitness,16,8.10,9,2025-04-27
TXN-11928,West,Fitness,14,368.03,16,2025-05-24
TXN-11929,South,Books,10,357.45,7,2025-05-30
TXN-11930,West,Electronics,16,8.17,13,2025-04-25
TXN-11931,North,Groceries,1,160.47,27,2025-05-23
TXN-11932,South,Home & Kitchen,19,371.42,26,2025-03-13
TXN-11933,East,Books,20,91.67,25,2025-03-17
TXN-11934,North,Groceries,17,452.61,11,2025-05-27
TXN-11935,East,Electronics,14,279.22,23,2025-05-26
TXN-11936,West,Fitness,17,337.06,27,2025-03-12
TXN-11937,East,Home & Kitchen,19,42.49,1,2025-04-15
TXN-11938,North,Apparel,12,151.88,1,2025-03-30
TXN-11939,South,Fitness,17,335.58,7,2025-03-05
TXN-11940,East,Electronics,6,160.34,19,2025-03-14
TXN-11941,South,Home & Kitchen,9,448.07,11,2025-04-19
TXN-11942,West,Electronics,12,170.62,10,2025-03-18
TXN-11943,South,Groceries,14,293.99,21,2025-04-02
TXN-11944,West,Groceries,9,8.01,19,2025-05-24
TXN-11945,East,Fitness,18,17.59,13,2025-05-07
TXN-11946,North,Fitness,14,396.71,7,2025-05-24
TXN-11947,West,Apparel,7,494.05,5,2025-05-29
TXN-11948,North,Fitness,6,113.30,25,2025-04-07
TXN-11949,South,Home & Kitchen,15,435.62,28,2025-04-15
TXN-11950,North,Fitness,16,30.38,29,2025-04-27
TXN-11951,North,Home & Kitchen,13,281.83,18,2025-03-12
TXN-11952,South,Apparel,18,34.06,25,2025-03-06
TXN-11953,South,Apparel,4,28.38,4,2025-03-08
TXN-11954,South,Fitness,13,16.70,13,2025-04-23
TXN-11955,West,Books,8,229.77,21,2025-04-19
TXN-11956,East,Home & Kitchen,12,INVALID_PRICE,8,2025-03-20
TXN-11957,West,Books,2,274.43,6,2025-03-04
TXN-11958,North,Books,12,280.10,3,2025-04-03
TXN-11959,South,Books,15,444.35,13,2025-03-31
TXN-11960,South,Home & Kitchen,2,164.60,29,2025-04-08
TXN-11961,South,Books,18,103.71,24,2025-05-05
TXN-11962,North,Books,13,111.08,13,2025-03-15
TXN-11963,West,Fitness,18,208.50,23,2025-03-24
TXN-11964,South,Electronics,4,488.83,8,2025-04-14
TXN-11965,South,Apparel,18,274.43,29,2025-03-17
TXN-11966,South,Apparel,10,34.03,12,2025-03-13
TXN-11967,South,Apparel,1,202.22,13,2025-05-08
TXN-11968,North,Electronics,5,92.70,29,2025-04-15
TXN-11969,East,Fitness,15,489.04,24,2025-03-19
TXN-11970,West,Fitness,2,343.18,3,2025-03-07
TXN-11971,South,Groceries,4,274.87,27,2025-03-20
TXN-11972,East,Books,9,458.97,10,2025-04-08
TXN-11973,East,Fitness,5,467.31,24,2025-05-31
TXN-11974,West,Home & Kitchen,13,307.77,3,2025-03-10
TXN-11975,North,Apparel,4,22.20,22,2025-03-12
TXN-11976,East,Home & Kitchen,17,481.57,12,2025-05-27
TXN-11977,West,Apparel,3,409.57,12,2025-04-05
TXN-11978,South,Apparel,12,375.54,8,2025-03-21
TXN-11979,East,Apparel,15,78.53,6,2025-03-29
TXN-11980,West,Apparel,18,481.14,7,2025-05-15
TXN-11981,East,Apparel,1,250.60,15,2025-03-23
TXN-11982,South,Apparel,7,406.57,13,2025-05-23
TXN-11983,West,Groceries,11,211.23,15,2025-03-04
TXN-11984,South,Fitness,4,100.52,13,2025-04-09
TXN-11985,South,Groceries,10,130.92,12,2025-03-15
TXN-11986,West,Books,12,149.47,16,2025-05-12
TXN-11987,North,Groceries,9,32.06,16,2025-03-24
TXN-11988,South,Books,17,371.08,9,2025-03-18
TXN-11989,North,Fitness,20,225.77,3,2025-05-11
TXN-10167,North,Home & Kitchen,14,8.58,9,2025-05-25
TXN-11991,West,Books,10,207.65,21,2025-05-27
TXN-11992,North,Electronics,18,270.36,9,2025-04-12
TXN-11993,East,Fitness,2,481.50,7,2025-04-26
TXN-11994,North,Fitness,14,212.71,3,2025-05-25
TXN-11995,West,Electronics,11,381.61,8,2099-12-31
TXN-11996,South,Groceries,2,101.31,1,2025-03-08
TXN-11997,North,Electronics,19,232.41,16,2025-05-02
TXN-11998,South,Apparel,16,340.51,29,2025-03-23
TXN-11999,East,Home & Kitchen,2,118.90,24,2025-04-24
TXN-12000,South,Groceries,12,421.92,14,2025-05-19
TXN-12001,North,Apparel,20,84.51,20,2025-03-26
TXN-12002,North,Apparel,18,445.33,6,2025-04-11
TXN-12003,West,Electronics,9,289.40,3,2025-05-15
TXN-12004,North,Fitness,7,155.55,23,2025-04-01
TXN-12005,West,Groceries,17,300.92,1,2025-05-02
TXN-12006,North,Books,6,188.58,15,2025-05-10
TXN-12007,South,Books,11,364.97,12,2025-04-18
TXN-12008,West,Electronics,1,370.23,1,2025-03-29
TXN-12009,South,Books,15,190.21,26,2025-05-27
TXN-12010,South,Groceries,17,165.94,12,2025-04-20
TXN-12011,North,Electronics,13,353.93,20,2025-05-14
TXN-12012,East,Electronics,13,26.80,10,2025-05-06
TXN-12013,South,Apparel,19,INVALID_PRICE,20,2025-05-03
TXN-12014,West,Electronics,13,479.84,16,2025-05-15
TXN-12015,West,Apparel,15,325.40,10,2025-03-17
TXN-12016,East,Books,9,200.58,0,2025-03-26
TXN-12017,North,Apparel,3,118.86,15,2025-03-04
TXN-12018,East,Fitness,14,105.76,22,2025-05-18
TXN-12019,South,Groceries,12,428.90,3,2025-05-11
TXN-12020,East,Fitness,5,52.16,9,2025-04-17
TXN-12021,North,Fitness,18,459.09,4,2025-04-02
TXN-12022,West,Groceries,1,309.55,9,2025-04-05
TXN-12023,South,Fitness,5,481.73,3,2025-05-25
TXN-12024,North,Books,3,101.20,15,2025-03-08
TXN-12025,West,Groceries,5,373.19,26,2025-04-26
TXN-12026,West,Electronics,17,409.95,17,2025-05-09
TXN-12027,South,Electronics,15,430.78,8,2025-03-12
TXN-12028,South,Electronics,2,29.85,17,2025-05-03
TXN-12029,North,Electronics,19,51.66,29,2025-05-25
TXN-12030,North,Home & Kitchen,13,145.05,11,2025-05-11
TXN-12031,North,Apparel,11,40.50,28,2025-05-03
TXN-12032,North,Apparel,5,240.86,18,2025-03-22
TXN-12033,East,Groceries,18,383.59,27,2025-03-27
TXN-12034,West,Groceries,12,341.43,14,2025-03-30
TXN-12035,West,Home & Kitchen,11,267.86,27,2025-03-21
TXN-12036,West,Groceries,1,78.05,26,2025-05-25
TXN-12037,North,Electronics,10,272.23,25,2025-04-02
TXN-12038,South,Books,15,434.56,20,2025-04-03
TXN-12039,East,Groceries,2,305.29,27,2025-03-27
TXN-12040,South,Apparel,17,192.72,28,2025-03-24
TXN-12041,North,Fitness,3,231.95,20,2025-03-28
TXN-12042,East,Books,9,193.04,21,2099-12-31
TXN-12043,North,Books,10,324.36,20,2025-04-09
TXN-12044,South,Groceries,5,255.07,4,2025-05-01
TXN-12045,East,Apparel,5,224.59,23,2025-04-17
TXN-12046,North,Apparel,8,59.26,3,2025-05-19
TXN-12047,South,Groceries,6,302.93,13,2025-03-21
TXN-12048,East,Groceries,9,92.43,9,2025-04-22
TXN-12049,West,Electronics,11,471.02,9,2025-03-22
TXN-12050,South,Books,15,440.82,25,2025-04-29
TXN-12051,East,Apparel,1,354.41,13,2025-05-16
TXN-12052,West,Electronics,17,139.12,27,2025-04-27
TXN-12053,West,Groceries,10,171.91,4,2025-04-24
TXN-12054,North,Apparel,17,141.30,2,2025-04-03
TXN-12055,West,Home & Kitchen,3,361.59,29,2025-03-29
TXN-12056,West,Books,8,466.00,29,2025-04-27
TXN-12057,East,Books,6,188.49,10,2025-03-21
TXN-12058,East,Books,15,431.84,11,2025-05-17
TXN-12059,West,Groceries,9,287.71,13,2025-05-24
TXN-12060,West,Fitness,7,194.57,24,2025-03-26
TXN-12061,South,Groceries,8,370.92,0,2025-04-07
TXN-11979,East,Home & Kitchen,4,66.56,6,2025-03-16
TXN-12063,West,Groceries,6,304.58,22,2025-03-05
TXN-12064,South,Home & Kitchen,9,15.33,7,2025-04-08
TXN-12065,East,Apparel,5,386.23,3,2099-12-31
TXN-12066,South,Electronics,16,136.16,20,2025-05-06
TXN-12067,South,Groceries,8,197.55,20,2025-03-28
TXN-12068,South,Groceries,13,480.87,19,2025-05-13
TXN-12069,North,Apparel,11,377.34,17,2025-03-09
TXN-12070,South,Books,8,47.51,10,2025-03-11
TXN-12071,South,Home & Kitchen,12,230.40,19,2025-03-15
TXN-12072,North,Fitness,6,50.03,21,2025-05-10
TXN-12073,South,Home & Kitchen,7,337.20,22,2025-05-23
TXN-12074,North,Fitness,2,294.61,20,2025-03-05
TXN-12075,South,Electronics,7,377.93,11,2025-05-19
TXN-12076,North,Groceries,19,389.05,16,2025-04-19
TXN-12077,North,Books,5,21.67,10,2025-03-25
TXN-12078,South,Home & Kitchen,12,180.63,16,2025-05-19
TXN-12079,South,Groceries,1,433.46,30,2025-04-21
TXN-12080,North,Electronics,16,140.08,0,2025-05-09
TXN-12081,South,Books,16,347.63,18,2025-04-09
TXN-12082,North,Apparel,18,288.00,9,2025-04-13
TXN-12083,South,Home & Kitchen,14,380.53,18,2025-03-09
TXN-12084,East,Electronics,18,149.00,6,2025-05-20
TXN-12085,West,Electronics,17,454.79,15,2025-03-27
TXN-12086,West,Books,3,140.60,19,2025-05-17
TXN-12073,North,Books,14,158.79,23,2025-03-11
TXN-12088,North,Apparel,2,248.01,9,2025-05-07
TXN-12089,South,Apparel,2,198.86,16,2025-03-26
TXN-12090,East,Electronics,5,402.89,11,2025-04-24
TXN-12091,South,Groceries,18,234.38,11,2025-03-25
TXN-12092,North,Apparel,14,23.01,28,2025-03-30
TXN-12093,East,Electronics,12,211.48,22,2025-05-21
TXN-12016,West,Fitness,8,305.75,26,2025-04-07
TXN-12095,West,Books,19,378.91,6,2025-04-25
TXN-12096,North,Fitness,15,473.82,19,2025-05-20
TXN-12097,West,Fitness,7,80.16,18,2025-04-12
TXN-12098,West,Books,20,112.23,22,2025-05-30
TXN-12099,East,Home & Kitchen,3,32.49,23,2025-05-21
TXN-12100,South,Fitness,19,74.78,10,2025-03-04
TXN-12101,West,Apparel,2,183.53,29,2025-03-31
TXN-12102,East,Home & Kitchen,10,470.54,11,2025-03-17
TXN-12103,North,Fitness,1,90.16,12,2025-03-26
TXN-12104,North,Apparel,3,336.86,150,2025-04-09
TXN-12105,North,Electronics,19,322.67,21,2025-05-30
TXN-12106,North,Groceries,14,335.95,14,2025-03-25
TXN-12107,West,Electronics,3,202.18,11,2025-05-09
TXN-12108,East,Electronics,8,239.65,22,2025-05-10
TXN-12109,East,Electronics,8,137.07,25,2025-04-09
TXN-12110,West,Home & Kitchen,14,407.04,2,2025-04-14
TXN-12111,East,Home & Kitchen,16,354.46,12,2025-03-11
TXN-12112,North,Books,13,413.07,20,2025-03-19
TXN-12113,West,Books,4,450.42,22,2025-05-09
TXN-12114,West,Books,13,362.18,4,2025-03-11
TXN-12115,West,Fitness,10,68.40,27,2025-04-16
TXN-12116,North,Groceries,16,373.97,26,2025-03-15
TXN-12117,North,Home & Kitchen,14,202.90,25,2025-04-03
TXN-12118,South,Groceries,1,240.60,15,2025-03-24
TXN-12119,South,Home & Kitchen,8,201.64,24,2025-03-15
TXN-12120,South,Apparel,15,81.32,28,2025-05-02
TXN-12121,North,Electronics,15,60.91,3,2025-03-30
TXN-12122,East,Fitness,-3,378.30,12,2025-03-15
TXN-12123,East,Electronics,5,379.75,24,2025-03-09
TXN-12124,South,Electronics,8,484.12,7,2025-03-27
TXN-12125,South,Electronics,11,75.46,30,2025-04-02
TXN-12126,West,Fitness,17,346.01,9,2025-03-04
TXN-12127,West,Electronics,10,9.87,4,2025-03-24
TXN-12128,South,Fitness,19,440.81,1,2025-03-20
TXN-12129,South,Books,10,220.85,22,2025-03-04
TXN-12130,West,Home & Kitchen,10,365.46,26,2025-04-14
TXN-12131,South,Home & Kitchen,16,78.04,27,2025-04-28
TXN-12132,East,Apparel,17,297.98,24,2025-03-18
TXN-12133,East,Electronics,2,294.33,30,2025-05-20
TXN-12134,East,Electronics,16,365.58,12,2025-03-28
TXN-12135,North,Books,10,223.41,28,2025-04-13
TXN-12136,North,Electronics,18,269.97,7,2025-04-22
TXN-12137,West,Books,16,84.88,12,2025-05-07
TXN-12138,East,Groceries,1,20.70,30,2025-03-22
TXN-12139,East,Electronics,5,144.75,17,2025-04-03
TXN-12140,North,Home & Kitchen,3,214.49,9,2025-05-20
TXN-12141,West,Books,5,460.61,16,2025-03-11
TXN-12142,South,Books,12,85.84,0,2025-05-05
TXN-12143,West,Electronics,12,177.30,25,2025-05-31
TXN-12144,East,Electronics,7,187.07,1,2025-03-04
TXN-11675,East,Groceries,11,404.70,20,2025-03-29
TXN-12146,East,Groceries,19,323.36,19,2025-05-02
TXN-12147,West,Fitness,11,219.63,11,2025-05-25
TXN-12148,South,Apparel,16,433.70,28,2025-05-26
TXN-11137,South,Groceries,16,238.53,25,2025-04-12
TXN-12150,South,Apparel,13,251.29,3,2025-04-23
TXN-12151,West,Books,13,313.30,16,2025-04-09
TXN-12152,West,Groceries,15,380.78,11,2025-04-15
TXN-12153,East,Books,3,107.28,18,2025-03-10
TXN-12154,East,Fitness,18,503.91,20,2025-03-05
TXN-12155,East,Home & Kitchen,16,285.99,29,2025-03-22
TXN-12156,East,Electronics,17,361.36,24,2025-04-19
TXN-12157,North,Books,12,327.44,2,2025-05-16
TXN-12158,West,Books,2,125.06,27,2025-05-04
TXN-12159,West,Home & Kitchen,6,34.19,28,2025-05-07
TXN-11417,West,Groceries,14,31.98,28,2025-05-31
TXN-12161,West,Apparel,1,257.00,28,2025-04-01
TXN-12162,South,Electronics,17,152.67,19,2025-05-09
TXN-12163,North,Books,2,108.64,20,2025-04-15
TXN-12164,East,Home & Kitchen,7,372.96,19,2025-03-18
TXN-12165,North,Home & Kitchen,12,499.54,22,2025-04-30
TXN-12166,West,Home & Kitchen,1,337.35,14,2025-04-10
TXN-12167,East,Home & Kitchen,16,92.54,23,2025-04-07
TXN-12168,North,Fitness,3,299.25,3,2025-03-30
TXN-12169,East,Fitness,11,19.94,22,2025-05-03
TXN-12170,North,Electronics,3,375.00,5,2025-04-10
TXN-12171,East,Fitness,5,126.52,7,2025-06-01
TXN-12172,North,Home & Kitchen,20,44.35,29,2025-05-01
TXN-12173,South,Home & Kitchen,9,INVALID_PRICE,23,2025-03-31
TXN-12174,West,Apparel,4,212.79,17,2025-03-29
TXN-12175,South,Home & Kitchen,2,314.35,20,2025-03-13
TXN-12176,East,Fitness,20,INVALID_PRICE,28,2025-04-16
TXN-12177,North,Fitness,14,195.65,28,2025-04-11
TXN-12178,West,Electronics,13,61.92,6,2025-05-29
TXN-12179,East,Home & Kitchen,13,308.07,22,2025-04-25
TXN-12180,West,Home & Kitchen,10,55.46,25,2025-04-01
TXN-12181,South,Home & Kitchen,6,136.65,13,2025-04-06
TXN-12182,West,Apparel,3,497.38,17,2025-05-14
TXN-12183,North,Apparel,18,273.54,23,2025-04-21
TXN-12184,South,Apparel,5,319.26,26,2025-05-27
TXN-12185,West,Groceries,11,17.15,28,2025-04-07
TXN-12186,East,Apparel,12,29.73,14,2025-03-31
TXN-12187,South,Fitness,13,385.76,26,2025-04-21
TXN-12188,North,Books,18,415.45,16,2025-05-12
TXN-12189,East,Electronics,13,330.62,9,2025-04-27
TXN-12190,East,Fitness,10,64.62,25,2025-05-20
TXN-12191,South,Books,9,482.26,20,2025-04-28
TXN-12192,North,Books,15,469.98,28,2025-03-24
TXN-12193,East,Home & Kitchen,8,459.55,22,2025-03-11
TXN-12194,South,Home & Kitchen,10,174.82,14,2025-03-07
TXN-12195,North,Groceries,18,304.56,21,2025-03-16
TXN-12196,East,Home & Kitchen,19,69.99,27,2025-04-06
TXN-12197,West,Apparel,12,331.35,2,2025-05-06
TXN-12198,North,Home & Kitchen,12,107.43,17,2099-12-31
TXN-12199,South,Books,4,215.02,25,2025-05-08
TXN-12200,West,Groceries,17,502.07,11,2025-05-31
TXN-12201,North,Books,20,207.08,4,2025-05-28
TXN-12202,South,Books,13,150.47,19,2025-03-22
TXN-12203,North,Apparel,15,157.10,27,2025-05-23
TXN-12204,South,Fitness,17,INVALID_PRICE,13,2025-03-20
TXN-12205,North,Electronics,1,335.85,7,2025-04-22
TXN-12206,West,Fitness,13,281.66,14,2025-04-26
TXN-12207,West,Groceries,5,75.02,9,2025-03-31
TXN-12208,East,Electronics,16,16.25,14,2025-04-12
TXN-12209,West,Apparel,9,58.23,19,2025-03-10
TXN-12210,North,Home & Kitchen,1,203.86,13,2025-03-07
TXN-12211,East,Home & Kitchen,19,386.46,12,2025-03-17
TXN-12212,East,Books,12,207.38,8,2025-03-21
TXN-12213,South,Fitness,16,307.71,11,2025-05-08
TXN-12214,East,Home & Kitchen,15,499.51,19,2025-03-19
TXN-12215,West,Groceries,2,465.86,10,2025-04-16
TXN-12216,West,Books,8,37.67,2,2025-03-06
TXN-12217,West,Apparel,15,137.19,14,2025-05-04
TXN-12218,South,Electronics,5,35.16,23,2025-03-29
TXN-12219,West,Fitness,9,411.37,16,2025-04-24
TXN-12220,West,Groceries,14,431.31,11,2025-04-12
TXN-12221,East,Books,9,80.71,10,2025-03-14
TXN-12222,South,Groceries,7,39.51,5,2025-04-07
TXN-11448,West,Electronics,7,221.86,16,2025-03-17
TXN-12224,North,Fitness,1,204.41,18,2025-03-04
TXN-12225,West,Books,15,299.59,10,2025-05-27
TXN-12226,North,Home & Kitchen,4,INVALID_PRICE,17,2025-05-27
TXN-12227,North,Books,4,270.32,16,2025-05-30
TXN-12228,West,Home & Kitchen,1,197.47,20,2025-03-28
TXN-12229,North,Home & Kitchen,19,301.05,14,2025-04-23
TXN-12230,North,Fitness,10,155.60,150,2025-05-23
TXN-12231,East,Books,6,46.20,27,2025-05-14
TXN-12232,North,Groceries,8,156.28,2,2025-03-30
TXN-12233,East,Books,11,340.04,1,2025-05-10
TXN-12234,West,Electronics,1,441.21,8,2025-05-22
TXN-12235,North,Home & Kitchen,6,336.50,9,2025-03-09
TXN-12236,East,Electronics,16,126.77,4,2025-03-15
TXN-12237,North,Apparel,4,137.86,5,2025-03-14
TXN-12238,South,Electronics,3,483.78,30,2025-04-02
TXN-12239,North,Fitness,20,189.73,12,2025-03-09
TXN-12240,South,Books,6,400.34,11,2025-03-08
TXN-12241,West,Groceries,19,196.49,14,2025-03-20
TXN-12242,East,Home & Kitchen,7,127.12,12,2025-03-04
TXN-12243,North,Books,20,421.05,26,2025-04-07
TXN-10556,North,Apparel,8,363.62,6,2025-05-25
TXN-12245,North,Books,9,85.19,3,2025-05-31
TXN-12246,North,Fitness,20,273.41,21,2025-04-24
TXN-12247,North,Apparel,4,386.79,25,2025-03-30
TXN-12248,East,Books,3,502.80,13,2025-04-28
TXN-12249,North,Home & Kitchen,13,45.34,10,2025-06-01
TXN-12250,West,Groceries,19,109.47,25,2025-04-28
TXN-12251,North,Apparel,7,211.05,21,2025-05-30
TXN-12252,East,Fitness,17,143.63,3,2025-04-02
TXN-12253,East,Apparel,1,304.68,17,2025-04-09
TXN-12254,East,Home & Kitchen,6,183.37,10,2025-04-03
TXN-12255,East,Books,18,426.45,23,2025-03-13
TXN-12256,South,Books,10,186.74,18,2025-04-13
TXN-12257,South,Electronics,1,216.04,6,2025-04-13
TXN-12258,West,Fitness,19,229.46,25,2025-05-10
TXN-12259,West,Electronics,16,244.07,11,2025-05-26
TXN-12260,West,Apparel,12,409.35,16,2025-04-21
TXN-12261,East,Electronics,19,409.62,23,2025-04-17
TXN-12262,West,Fitness,4,24.75,22,2025-05-05
TXN-12263,North,Apparel,14,203.51,29,2025-03-05
TXN-12264,West,Groceries,15,319.18,19,2099-12-31
TXN-12265,West,Electronics,17,135.82,12,2025-04-28
TXN-12266,South,Home & Kitchen,10,346.81,0,2025-04-23
TXN-12267,North,Fitness,4,46.48,7,2025-03-10
TXN-12268,South,Fitness,8,321.92,13,2025-04-07
TXN-12269,East,Books,9,106.68,3,2025-06-01
TXN-12270,East,Fitness,19,351.33,0,2025-04-08
TXN-12271,West,Fitness,17,50.81,4,2025-04-02
TXN-12272,West,Books,6,162.76,15,2025-03-06
TXN-12273,North,Groceries,1,415.33,8,2099-12-31
TXN-12274,West,Home & Kitchen,1,363.94,3,2025-06-01
TXN-12275,East,Books,8,272.38,16,2025-05-25
TXN-12276,West,Books,12,462.62,3,2025-03-28
TXN-12277,East,Fitness,14,59.66,23,2025-03-15
TXN-12278,East,Electronics,19,177.22,7,2025-05-23
TXN-12279,West,Fitness,3,275.61,2,2025-04-01
TXN-12280,West,Fitness,14,97.06,26,2025-03-12
TXN-12281,South,Home & Kitchen,7,213.47,3,2025-04-24
TXN-12282,North,Groceries,7,118.47,19,2025-04-07
TXN-12283,East,Home & Kitchen,9,159.99,24,2025-03-23
TXN-12284,West,Groceries,15,32.55,26,2025-04-11
TXN-12285,South,Fitness,11,344.81,15,2025-03-31
TXN-12286,North,Fitness,15,42.22,6,2025-04-30
TXN-12287,East,Home & Kitchen,2,503.16,3,2025-05-26
TXN-12288,South,Electronics,15,97.25,22,2025-05-25
TXN-12289,North,Fitness,17,499.08,5,2025-03-23
TXN-12290,South,Electronics,5,122.56,18,2025-04-10
TXN-12291,East,Groceries,7,69.26,27,2025-05-15
TXN-12292,West,Groceries,10,365.83,4,2025-04-20
TXN-12293,South,Fitness,12,465.16,16,2025-03-31
TXN-12294,West,Electronics,3,438.58,8,2025-03-23
TXN-12295,South,Home & Kitchen,20,76.33,25,2025-04-18
TXN-12296,South,Books,9,139.89,21,2025-03-28
TXN-12297,West,Books,20,37.90,1,2025-04-08
TXN-12298,North,Home & Kitchen,15,280.76,30,2025-05-22
TXN-12299,North,Home & Kitchen,7,140.32,2,2025-04-16
TXN-12300,North,Electronics,5,263.83,5,2025-04-05
TXN-12301,South,Books,11,194.33,22,2025-03-06
TXN-12302,West,Home & Kitchen,1,426.41,9,2025-03-31
TXN-12303,West,Books,2,208.63,2,2025-04-02
TXN-12304,East,Apparel,18,144.80,25,2025-04-24
TXN-12305,East,Groceries,2,67.83,14,2025-03-06
TXN-12306,West,Electronics,14,42.70,18,2025-04-18
TXN-12307,South,Electronics,18,69.91,2,2025-04-15
TXN-12308,East,Electronics,7,460.66,2,2025-03-08
TXN-12309,East,Fitness,13,395.60,27,2025-03-07
TXN-12310,North,Fitness,2,185.36,30,2025-03-25
TXN-12311,North,Home & Kitchen,4,468.27,20,2025-04-09
TXN-12312,North,Apparel,19,293.02,16,2025-04-18
TXN-12313,West,Books,3,143.27,21,2025-03-24
TXN-12314,West,Home & Kitchen,9,401.13,23,2025-05-18
TXN-12315,South,Home & Kitchen,12,490.58,8,2025-03-20
TXN-12316,South,Fitness,8,306.36,3,2025-05-30
TXN-12317,West,Electronics,20,INVALID_PRICE,10,2025-04-19
TXN-12318,South,Home & Kitchen,6,97.44,11,2025-03-20
TXN-12319,West,Groceries,3,458.03,19,2025-04-30
TXN-11441,South,Fitness,6,488.61,8,2025-05-31
TXN-12321,South,Apparel,4,330.17,2,2025-04-25
TXN-12322,North,Books,3,77.74,23,2025-04-03
TXN-12323,East,Fitness,15,488.24,14,2025-04-29
TXN-12324,South,Fitness,1,127.23,11,2025-05-12
TXN-12325,West,Electronics,12,114.88,3,2025-03-08
TXN-12326,West,Fitness,2,193.93,26,2025-03-24
TXN-12327,North,Apparel,16,391.48,27,2025-03-11
TXN-12328,East,Electronics,11,407.79,19,2025-05-14
TXN-12329,West,Books,16,238.32,27,2025-05-10
TXN-12330,North,Groceries,16,23.54,25,2025-03-25
TXN-12331,East,Apparel,19,87.22,8,2025-03-19
TXN-12332,South,Fitness,14,205.68,8,2025-05-25
TXN-11475,North,Home & Kitchen,10,212.84,27,2025-04-28
TXN-12334,South,Electronics,3,273.52,0,2025-05-29
TXN-12335,East,Books,20,110.49,20,2025-03-31
TXN-12336,North,Electronics,16,391.24,11,2025-04-19
TXN-12337,West,Electronics,10,466.68,14,2025-04-27
TXN-12338,East,Groceries,11,473.38,27,2025-03-15
TXN-12339,North,Home & Kitchen,17,410.72,24,2025-06-01
TXN-12340,West,Fitness,4,426.23,5,2025-04-30
TXN-12341,East,Apparel,15,130.47,5,2025-04-08
TXN-12342,South,Home & Kitchen,1,230.53,2,2025-03-06
TXN-12343,East,Fitness,8,92.78,26,2025-03-27
TXN-12344,West,Electronics,19,249.63,23,2025-03-09
TXN-12345,East,Books,8,194.12,28,2025-05-30
TXN-12346,West,Books,2,337.23,30,2025-05-21
TXN-12347,East,Books,15,361.66,10,2025-05-20
TXN-12348,South,Apparel,19,32.31,2,2025-05-30
TXN-12349,East,Fitness,16,103.69,1,2025-05-21
TXN-12350,West,Books,8,88.00,0,2025-03-24
TXN-12351,West,Home & Kitchen,16,75.01,17,2025-05-29
TXN-12352,South,Apparel,18,298.54,10,2025-05-18
TXN-12353,South,Groceries,16,300.06,30,2025-03-21
TXN-12354,North,Home & Kitchen,3,302.20,11,2025-05-19
TXN-12355,South,Electronics,2,303.64,19,2025-04-18
TXN-12356,West,Electronics,20,31.99,16,2025-05-06
TXN-12357,West,Books,6,441.45,30,2025-05-14
TXN-12358,North,Fitness,7,496.55,5,2025-04-05
TXN-12359,North,Books,15,20.36,4,2025-05-28
TXN-12360,East,Electronics,19,346.70,12,2025-03-13
TXN-12361,North,Electronics,18,391.01,2,2025-03-04
TXN-12362,East,Apparel,17,364.31,29,2025-05-31
TXN-12363,East,Books,19,73.13,5,2025-04-01
TXN-12364,West,Fitness,10,22.93,1,2025-05-10
TXN-12365,North,Books,12,81.91,2,2025-05-30
TXN-12366,West,Home & Kitchen,2,20.50,8,2025-04-12
TXN-12367,South,Groceries,20,311.71,14,2025-04-27
TXN-12368,West,Books,9,348.74,26,2025-05-01
TXN-12369,West,Books,12,431.80,24,2025-05-27
TXN-12370,South,Home & Kitchen,2,154.41,23,2025-03-06
TXN-12371,North,Electronics,15,398.19,29,2025-04-09
TXN-12372,South,Groceries,4,201.04,27,2025-04-22
TXN-12373,East,Home & Kitchen,6,468.55,28,2025-03-21
TXN-12374,West,Apparel,12,35.54,24,2025-05-23
TXN-12375,East,Electronics,5,425.67,27,2025-03-09
TXN-12376,North,Electronics,18,INVALID_PRICE,26,2025-04-29
TXN-12377,East,Home & Kitchen,3,399.74,14,2025-03-14
TXN-12378,North,Fitness,15,322.44,12,2025-04-08
TXN-12379,North,Apparel,1,291.60,12,2025-04-22
TXN-12380,North,Apparel,20,78.70,3,2025-04-30
TXN-12381,East,Apparel,20,285.20,12,2025-03-11
TXN-12382,West,Books,20,75.99,17,2025-03-07
TXN-12383,West,Home & Kitchen,12,117.51,3,2025-05-23
TXN-12384,South,Home & Kitchen,11,188.40,16,2025-03-16
TXN-12385,West,Apparel,1,459.57,16,2025-04-16
TXN-12386,North,Apparel,17,317.80,24,2025-03-09
TXN-12387,North,Apparel,20,295.53,26,2025-04-08
TXN-12388,North,Groceries,4,143.12,30,2025-03-11
TXN-12389,East,Groceries,12,190.27,17,2025-04-02
TXN-12390,North,Home & Kitchen,9,91.85,30,2025-03-26
TXN-12391,East,Apparel,19,57.72,27,2025-03-16
TXN-12392,West,Electronics,14,357.48,5,2025-05-02
TXN-12393,West,Groceries,14,305.23,10,2025-05-18
TXN-12394,East,Home & Kitchen,8,342.03,3,2025-05-03
TXN-12395,North,Home & Kitchen,1,214.94,24,2099-12-31
TXN-12396,West,Books,6,192.66,13,2099-12-31
TXN-12397,South,Apparel,2,446.09,16,2025-05-31
TXN-12398,North,Books,11,87.06,11,2025-04-03
TXN-12399,West,Home & Kitchen,16,290.67,28,2025-03-26
TXN-12400,West,Apparel,2,6.48,8,2025-04-20
TXN-12401,South,Home & Kitchen,1,371.26,20,2025-05-25
TXN-12402,West,Home & Kitchen,17,239.97,12,2025-05-24
TXN-12403,South,Electronics,14,419.17,24,2025-03-07
TXN-12404,South,Apparel,20,152.71,13,2025-04-29
TXN-12405,East,Fitness,10,294.91,8,2025-04-16
TXN-12406,South,Books,3,474.31,8,2025-05-04
TXN-12407,South,Books,2,155.81,20,2025-04-13
TXN-12408,West,Apparel,4,191.66,17,2025-03-18
TXN-12409,South,Apparel,6,337.77,12,2025-03-26
TXN-12410,South,Electronics,15,346.91,24,2025-04-21
TXN-12411,West,Groceries,4,466.85,1,2025-04-27
TXN-12412,South,Home & Kitchen,15,262.68,21,2025-05-04
TXN-12413,North,Apparel,3,496.33,15,2025-03-16
TXN-12414,West,Electronics,13,485.61,23,2025-03-29
TXN-12415,East,Groceries,20,429.86,14,2025-05-14
TXN-12416,East,Groceries,2,211.12,2,2025-04-09
TXN-12417,East,Electronics,7,404.17,0,2025-05-11
TXN-12418,East,Electronics,20,354.50,14,2025-05-21
TXN-12419,West,Fitness,2,227.35,3,2025-04-17
TXN-12420,West,Electronics,17,282.02,12,2025-05-22
TXN-12421,North,Apparel,19,122.87,10,2025-04-18
TXN-12422,South,Apparel,9,157.00,29,2025-04-15
TXN-12423,South,Home & Kitchen,11,247.48,3,2025-03-26
TXN-12424,East,Electronics,6,131.16,2,2025-05-02
TXN-12425,South,Electronics,5,355.68,18,2025-03-14
TXN-12426,South,Electronics,8,319.34,28,2025-04-16
TXN-12427,West,Apparel,15,406.03,11,2025-05-01
TXN-12428,North,Groceries,15,115.76,15,2025-03-07
TXN-12429,South,Home & Kitchen,1,63.16,23,2025-03-24
TXN-12430,East,Home & Kitchen,19,INVALID_PRICE,10,2025-03-28
TXN-12431,South,Books,13,480.21,8,2025-03-30
TXN-12432,North,Fitness,7,484.76,17,2025-03-23
TXN-12433,North,Books,2,461.67,24,2025-04-19
TXN-12434,West,Groceries,3,54.78,14,2025-04-27
TXN-12435,West,Fitness,10,INVALID_PRICE,26,2025-04-08
TXN-12436,South,Home & Kitchen,17,170.54,2,2025-04-29
TXN-12437,West,Fitness,1,84.90,10,2025-03-08
TXN-12438,North,Home & Kitchen,12,461.82,3,2025-04-16
TXN-12439,East,Fitness,6,258.29,22,2099-12-31
TXN-12440,South,Electronics,3,INVALID_PRICE,19,2025-04-28
TXN-12441,South,Home & Kitchen,19,360.98,12,2025-03-31
TXN-12442,North,Apparel,-4,353.00,9,2025-03-17
TXN-12443,North,Apparel,13,116.61,21,2025-03-11
TXN-12444,West,Books,15,441.28,21,2025-04-05
TXN-12445,North,Home & Kitchen,20,339.47,22,2025-04-01
TXN-12446,North,Books,20,401.56,12,2025-03-17
TXN-12447,West,Books,2,203.39,1,2025-05-29
TXN-12448,East,Books,9,200.09,10,2025-05-21
TXN-12449,North,Electronics,15,500.14,9,2025-04-29
TXN-12450,East,Electronics,8,32.89,14,2025-04-17
TXN-12451,North,Groceries,14,108.95,24,2025-05-15
TXN-12452,East,Apparel,11,447.58,19,2025-04-19
TXN-12453,East,Electronics,6,343.22,16,2025-05-19
TXN-12454,South,Fitness,2,387.02,28,2025-04-26
TXN-12455,South,Electronics,6,126.32,22,2025-04-26
TXN-12456,West,Books,17,449.08,3,2025-05-28
TXN-12457,North,Home & Kitchen,19,379.94,15,2025-05-27
TXN-12458,North,Groceries,1,131.98,28,2025-03-16
TXN-12459,North,Apparel,11,274.42,8,2025-05-28
TXN-12460,East,Electronics,19,258.90,6,2025-05-08
TXN-12461,West,Groceries,16,274.16,6,2025-03-25
TXN-12462,West,Apparel,3,82.09,27,2025-05-01
TXN-12463,East,Groceries,2,434.21,30,2025-03-17
TXN-12464,West,Groceries,18,504.33,3,2025-05-07
TXN-12465,West,Electronics,20,289.26,29,2025-05-01
TXN-12466,North,Home & Kitchen,1,120.90,15,2025-03-10
TXN-12467,West,Home & Kitchen,16,294.61,27,2025-05-13
TXN-12468,North,Groceries,12,477.74,10,2025-05-14
TXN-12469,North,Books,1,296.51,14,2025-05-24
TXN-12470,West,Books,6,110.64,21,2025-04-01
TXN-12471,North,Books,4,465.81,28,2025-04-15
TXN-12472,North,Apparel,11,179.38,17,2025-05-05
TXN-12473,East,Electronics,2,10.97,5,2025-04-07
TXN-12474,North,Apparel,1,334.68,20,2025-03-26
TXN-12475,East,Books,9,414.95,16,2025-04-30
TXN-12476,West,Electronics,8,333.75,12,2025-03-09
TXN-12477,South,Electronics,6,159.40,10,2025-03-18
TXN-12478,West,Groceries,20,469.82,14,2025-05-11
TXN-12479,North,Groceries,15,75.97,10,2025-03-21
TXN-12480,North,Groceries,6,293.35,27,2025-04-02
TXN-12481,East,Groceries,6,465.73,27,2025-06-01
TXN-12482,South,Books,10,379.74,26,2099-12-31
TXN-12483,East,Books,19,311.40,20,2025-03-27
TXN-12484,North,Fitness,7,438.07,17,2025-05-12
TXN-12485,East,Electronics,8,305.56,18,2025-03-25
TXN-12486,West,Books,10,431.36,11,2025-04-02
TXN-12487,South,Books,14,65.25,9,2025-03-18
TXN-12488,North,Groceries,14,390.47,0,2025-03-12
TXN-12489,South,Electronics,14,65.10,30,2025-05-26
TXN-12490,North,Electronics,18,36.82,19,2025-05-13
TXN-12491,North,Home & Kitchen,10,499.40,17,2025-04-04
TXN-12492,East,Books,9,121.05,25,2025-04-20
TXN-12493,North,Home & Kitchen,6,71.67,15,2025-05-20
TXN-12494,East,Home & Kitchen,8,55.70,14,2025-05-17
TXN-12495,South,Apparel,11,351.57,13,2025-03-20
TXN-12496,East,Home & Kitchen,18,279.71,2,2025-04-22
TXN-12497,South,Books,4,434.18,1,2025-05-25
TXN-12498,North,Home & Kitchen,17,289.88,18,2025-05-09
TXN-12499,North,Apparel,17,424.02,4,2025-03-04
TXN-12500,West,Home & Kitchen,9,202.54,25,2025-03-17
TXN-12501,North,Home & Kitchen,4,504.78,3,2025-03-18
TXN-12502,East,Books,1,357.72,1,2025-03-23
TXN-12503,East,Fitness,15,42.05,8,2025-05-16
TXN-12504,South,Home & Kitchen,4,178.79,7,2025-05-08
TXN-12505,South,Fitness,5,317.76,10,2025-03-31
TXN-12506,South,Apparel,7,111.94,12,2025-03-14
TXN-12507,West,Electronics,9,417.86,3,2025-05-05
TXN-12508,South,Home & Kitchen,7,10.78,17,2025-03-29
TXN-12509,South,Apparel,13,194.71,29,2025-04-23
TXN-12510,West,Books,6,422.97,3,2025-04-11
TXN-12511,East,Groceries,6,227.69,10,2025-03-28
TXN-12512,South,Fitness,15,443.32,27,2025-04-25
TXN-12513,East,Fitness,13,INVALID_PRICE,26,2025-05-07
TXN-12514,West,Groceries,7,33.29,28,2025-05-17
TXN-12515,West,Books,9,485.27,14,2025-05-19
TXN-12516,South,Apparel,2,266.71,5,2025-04-16
TXN-12517,South,Groceries,3,420.05,12,2025-03-15
TXN-12518,North,Books,12,328.09,17,2025-05-31
TXN-12519,North,Home & Kitchen,9,210.08,24,2025-03-13
TXN-12520,South,Groceries,9,187.88,13,2025-04-13
TXN-12521,North,Books,1,239.51,25,2025-03-16
TXN-12522,East,Groceries,19,449.70,23,2025-03-16
TXN-12523,South,Books,19,146.96,26,2025-04-03
TXN-12524,South,Apparel,18,19.33,18,2025-03-31
TXN-12525,West,Home & Kitchen,13,341.79,6,2025-04-23
TXN-12526,East,Electronics,11,41.61,2,2025-04-03
TXN-12527,North,Fitness,10,348.24,1,2025-05-31
TXN-12528,West,Books,18,124.11,13,2025-05-01
TXN-12529,North,Apparel,17,106.75,24,2025-05-13
TXN-12530,West,Groceries,3,INVALID_PRICE,16,2025-03-16
TXN-12531,South,Electronics,5,76.74,29,2025-05-14
TXN-12532,East,Apparel,4,231.54,16,2025-04-01
TXN-12533,North,Home & Kitchen,-3,24.12,2,2025-03-28
TXN-12534,North,Home & Kitchen,12,134.89,15,2025-04-27
TXN-12535,South,Home & Kitchen,11,458.60,8,2025-05-02
TXN-12536,East,Apparel,19,227.64,13,2025-04-06
TXN-12537,East,Fitness,10,351.37,18,2025-04-01
TXN-12538,West,Fitness,11,214.09,16,2025-03-11
TXN-12539,East,Groceries,9,337.84,24,2025-04-11
TXN-12540,North,Fitness,7,472.77,20,2025-05-21
TXN-12541,South,Electronics,11,160.67,20,2025-03-30
TXN-12542,North,Books,12,236.26,1,2025-03-06
TXN-12543,West,Fitness,6,493.99,29,2025-05-16
TXN-12544,South,Fitness,2,235.24,2,2025-04-12
TXN-12545,North,Home & Kitchen,13,148.73,4,2025-05-07
TXN-12546,South,Fitness,1,316.70,21,2025-04-11
TXN-12547,North,Home & Kitchen,-2,345.15,18,2025-04-17
TXN-12548,North,Apparel,20,294.22,27,2025-05-02
TXN-12549,West,Fitness,4,285.78,1,2025-04-23
TXN-12550,North,Groceries,12,435.61,13,2025-05-23
TXN-12551,East,Fitness,5,37.87,22,2025-05-14
TXN-12552,West,Electronics,2,202.15,19,2025-04-15
TXN-10886,West,Apparel,14,355.92,14,2025-04-07
TXN-12554,West,Apparel,20,341.08,13,2025-04-15
TXN-12555,South,Electronics,7,304.31,12,2025-03-27
TXN-12556,West,Apparel,9,496.35,28,2025-04-18
TXN-12557,West,Groceries,6,241.75,13,2025-03-16
TXN-12558,North,Books,12,397.35,29,2025-05-24
TXN-12559,West,Apparel,20,395.46,1,2025-05-18
TXN-12560,North,Fitness,1,156.99,1,2025-03-21
TXN-12561,West,Groceries,11,60.37,16,2025-04-30
TXN-12562,South,Home & Kitchen,4,297.93,11,2025-04-08
TXN-12563,West,Fitness,19,478.21,21,2025-04-26
TXN-12564,South,Groceries,12,6.23,14,2025-04-21
TXN-12565,South,Home & Kitchen,9,49.00,10,2025-05-08
TXN-12566,West,Electronics,18,330.04,17,2025-05-04
TXN-12567,South,Fitness,19,454.79,25,2025-05-09
TXN-12568,South,Electronics,11,194.04,28,2025-03-12
TXN-12569,North,Books,14,341.41,5,2025-05-18
TXN-12570,North,Groceries,15,49.99,12,2025-03-23
TXN-12571,West,Books,10,191.18,21,2025-05-27
TXN-12572,North,Fitness,14,215.60,13,2025-04-05
TXN-12573,North,Home & Kitchen,8,439.19,18,2025-06-01
TXN-12574,East,Electronics,18,266.92,11,2025-05-25
TXN-12575,North,Fitness,4,393.79,29,2025-03-09
TXN-12576,East,Groceries,2,227.40,6,2025-05-09
TXN-12577,South,Books,20,425.34,18,2025-04-10
TXN-12578,West,Groceries,13,252.47,26,2025-05-20
TXN-12579,West,Groceries,18,184.66,19,2025-04-26
TXN-12580,North,Apparel,9,83.67,18,2025-03-21
TXN-12581,East,Fitness,5,406.34,8,2025-04-13
TXN-12582,North,Home & Kitchen,11,389.14,4,2025-05-11
TXN-12583,North,Groceries,9,342.35,16,2025-03-06
TXN-12584,East,Groceries,18,405.91,29,2025-03-30
TXN-12585,North,Groceries,9,43.23,16,2025-06-01
TXN-12586,North,Fitness,12,5.99,6,2025-04-07
TXN-12587,East,Books,10,430.52,22,2025-05-01
TXN-12588,South,Apparel,5,37.38,7,2025-04-28
TXN-12589,South,Books,18,451.24,8,2025-05-04
TXN-12590,East,Home & Kitchen,11,365.12,11,2025-04-01
TXN-12591,East,Home & Kitchen,7,380.92,15,2025-05-26
TXN-12592,South,Electronics,5,50.12,21,2025-03-20
TXN-12593,West,Home & Kitchen,4,82.16,21,2025-04-21
TXN-12594,North,Groceries,19,415.89,16,2025-03-09
TXN-12595,North,Groceries,6,313.88,21,2025-05-14
TXN-12596,North,Fitness,11,348.86,4,2025-04-29
TXN-12597,West,Books,18,196.02,30,2025-03-15
TXN-12598,West,Fitness,11,37.82,23,2025-05-10
TXN-12599,North,Apparel,8,30.14,21,2025-05-25
TXN-12600,East,Groceries,12,474.62,16,2025-05-21
TXN-12601,East,Books,7,503.90,12,2025-03-25
TXN-12602,South,Home & Kitchen,3,491.39,15,2025-04-22
TXN-12603,West,Books,3,51.06,24,2025-04-18
TXN-12604,South,Apparel,4,90.53,15,2025-03-31
TXN-12605,North,Electronics,11,380.42,16,2025-04-04
TXN-12606,North,Groceries,5,267.47,1,2025-04-12
TXN-12607,West,Groceries,-5,178.99,3,2025-05-30
TXN-12608,East,Fitness,7,228.60,2,2025-04-29
TXN-12609,West,Electronics,2,137.60,19,2025-03-04
TXN-12610,East,Groceries,13,116.22,4,2025-04-26
TXN-12611,North,Electronics,7,46.35,16,2025-03-26
TXN-12612,West,Electronics,14,218.70,7,2025-04-22
TXN-12613,South,Books,12,88.24,11,2025-04-11
TXN-12614,East,Electronics,5,368.63,29,2025-04-21
TXN-12615,West,Fitness,19,416.61,26,2025-05-22
TXN-12616,South,Electronics,14,145.39,14,2025-03-17
TXN-12617,East,Books,5,48.70,2,2025-04-05
TXN-12618,North,Groceries,18,490.26,19,2025-05-29
TXN-12619,West,Books,13,24.24,22,2025-04-18
TXN-12620,South,Apparel,6,5.13,11,2025-05-18
TXN-12621,East,Home & Kitchen,17,29.56,16,2025-04-13
TXN-12622,East,Books,11,361.09,24,2025-04-30
TXN-12623,North,Apparel,6,189.49,29,2025-03-07
TXN-12624,North,Home & Kitchen,1,59.70,1,2025-04-22
TXN-12625,South,Apparel,12,129.41,4,2025-06-01
TXN-12626,South,Apparel,7,76.81,12,2025-04-18
TXN-12627,East,Home & Kitchen,2,75.65,18,2025-04-29
TXN-12628,North,Home & Kitchen,19,387.83,8,2025-05-29
TXN-12629,South,Fitness,10,55.50,25,2025-06-01
TXN-12630,South,Groceries,7,16.64,3,2099-12-31
TXN-12631,West,Home & Kitchen,18,462.80,15,2025-05-26
TXN-12632,East,Home & Kitchen,3,288.50,24,2025-04-04
TXN-12633,South,Home & Kitchen,4,169.34,22,2025-05-12
TXN-12634,North,Groceries,2,146.02,11,2025-04-02
TXN-12635,West,Home & Kitchen,1,216.28,10,2025-03-13
TXN-12636,East,Electronics,10,343.17,9,2025-04-17
TXN-12637,East,Books,5,302.40,24,2025-04-20
TXN-12638,East,Home & Kitchen,5,495.21,16,2025-04-28
TXN-12639,East,Home & Kitchen,10,433.50,10,2025-05-30
TXN-12640,North,Books,13,504.09,10,2025-04-13
TXN-12641,North,Groceries,3,133.90,28,2025-03-10
TXN-12642,South,Electronics,19,343.11,13,2025-03-13
TXN-12643,East,Groceries,19,225.23,6,2025-05-26
TXN-12644,East,Apparel,15,321.27,7,2025-04-19
TXN-12645,North,Fitness,13,244.22,10,2025-05-27
TXN-12646,West,Apparel,12,172.34,3,2025-03-16
TXN-12647,East,Books,5,467.64,14,2025-05-20
TXN-12648,South,Groceries,6,445.52,1,2025-04-12
TXN-12649,West,Books,20,276.65,13,2025-03-28
TXN-12650,East,Groceries,13,138.19,5,2025-04-13
TXN-12651,East,Groceries,8,36.20,7,2025-04-06
TXN-12652,East,Fitness,17,88.17,10,2025-05-22
TXN-12653,South,Groceries,18,415.24,10,2025-05-14
TXN-12654,North,Apparel,4,354.07,4,2025-05-02
TXN-12655,North,Apparel,7,109.45,21,2025-05-04
TXN-12656,South,Books,1,292.31,3,2025-03-06
TXN-12657,South,Electronics,2,243.13,4,2025-04-27
TXN-12658,North,Books,14,60.73,10,2025-03-25
TXN-12659,East,Electronics,13,291.99,29,2025-04-14
TXN-12660,East,Apparel,2,126.05,27,2025-04-22
TXN-12661,West,Home & Kitchen,13,253.14,1,2025-05-04
TXN-12500,North,Home & Kitchen,8,128.75,17,2025-04-05
TXN-12663,East,Fitness,9,494.31,14,2025-03-13
TXN-12664,West,Home & Kitchen,16,279.26,24,2025-03-06
TXN-12665,East,Books,1,42.71,27,2025-05-24
TXN-12666,West,Electronics,5,380.61,8,2025-03-06
TXN-12667,East,Apparel,18,479.76,11,2025-04-15
TXN-12668,West,Apparel,2,325.90,18,2025-04-11
TXN-12669,North,Home & Kitchen,14,460.89,20,2025-03-29
TXN-12670,West,Groceries,7,496.03,25,2025-05-02
TXN-12671,South,Apparel,14,49.84,5,2025-04-21
TXN-12672,South,Electronics,18,68.70,5,2025-05-05
TXN-12673,West,Groceries,10,300.51,29,2025-04-03
TXN-12674,East,Home & Kitchen,16,36.69,27,2025-05-14
TXN-12675,East,Groceries,2,63.16,26,2025-04-03
TXN-12676,East,Apparel,6,292.65,10,2025-04-24
TXN-12677,North,Fitness,7,259.82,5,2025-04-25
TXN-12678,East,Electronics,6,167.26,4,2025-04-12
TXN-12679,West,Apparel,13,411.03,1,2025-05-28
TXN-12680,East,Fitness,8,253.83,12,2025-03-25
TXN-12681,South,Books,3,491.96,1,2025-04-18
TXN-12682,South,Apparel,1,408.48,19,2025-05-29
TXN-12683,West,Apparel,9,335.81,1,2025-04-03
TXN-12684,West,Electronics,15,136.88,30,2025-04-08
TXN-12685,East,Electronics,4,49.42,0,2025-04-27
TXN-12686,East,Groceries,1,485.79,1,2025-03-22
TXN-12687,North,Groceries,20,279.93,25,2025-03-21
TXN-12688,East,Groceries,3,367.62,12,2025-03-25
TXN-12689,West,Apparel,12,43.74,2,2025-05-28
TXN-12690,South,Apparel,11,243.99,23,2025-04-13
TXN-12691,South,Groceries,4,304.22,30,2025-05-02
TXN-12692,South,Fitness,14,302.51,15,2025-04-17
TXN-12693,East,Electronics,19,315.25,28,2025-05-11
TXN-12694,South,Electronics,14,318.99,29,2025-04-20
TXN-12695,North,Books,2,56.04,19,2025-05-23
TXN-12696,North,Apparel,4,286.56,16,2025-03-14
TXN-12697,South,Home & Kitchen,20,279.26,27,2025-04-28
TXN-12698,East,Groceries,12,20.39,27,2025-05-22
TXN-12699,South,Groceries,2,103.69,5,2025-04-28
TXN-12700,East,Home & Kitchen,15,184.49,18,2025-05-12
TXN-12701,South,Apparel,9,320.07,4,2025-03-10
TXN-12702,South,Apparel,19,17.41,7,2025-03-07
TXN-12703,West,Apparel,16,376.45,7,2025-04-11
TXN-12704,East,Electronics,17,55.36,17,2025-03-22
TXN-12705,East,Groceries,11,335.39,18,2025-03-31
TXN-12706,South,Groceries,18,440.98,16,2025-04-25
TXN-12707,East,Books,8,59.52,15,2025-03-04
TXN-12708,North,Apparel,9,179.93,21,2025-05-11
TXN-12709,West,Electronics,16,249.22,20,2025-05-07
TXN-12710,West,Electronics,7,186.77,7,2025-03-21
TXN-12711,East,Home & Kitchen,15,50.30,12,2025-05-16
TXN-12712,West,Apparel,3,84.09,15,2025-03-16
TXN-12713,West,Home & Kitchen,7,292.52,7,2025-05-11
TXN-12714,South,Fitness,1,414.24,30,2025-04-01
TXN-12715,South,Electronics,1,388.52,19,2025-05-23
TXN-12716,North,Books,-2,97.97,2,2025-03-17
TXN-12717,West,Apparel,11,411.83,10,2025-05-02
TXN-12718,East,Fitness,15,92.75,10,2025-05-04
TXN-12719,West,Books,4,76.13,21,2025-04-05
TXN-12720,East,Apparel,15,431.27,21,2025-05-12
TXN-12721,East,Apparel,11,91.50,2,2025-05-27
TXN-12722,West,Books,20,243.28,5,2099-12-31
TXN-12723,South,Home & Kitchen,19,79.46,2,2025-05-31
TXN-12724,North,Fitness,18,399.45,5,2025-05-12
TXN-12725,North,Electronics,3,183.30,21,2025-04-21
TXN-12726,East,Electronics,9,493.68,27,2025-04-18
TXN-12727,East,Apparel,6,104.90,25,2025-04-07
TXN-12728,East,Home & Kitchen,4,89.43,5,2025-04-29
TXN-12729,South,Electronics,3,200.72,26,2025-04-14
TXN-12730,South,Books,13,321.03,14,2025-04-25
TXN-12731,South,Apparel,14,105.25,15,2025-04-19
TXN-12732,North,Groceries,7,325.08,25,2025-03-19
TXN-10566,East,Home & Kitchen,10,117.36,28,2025-05-21
TXN-12734,East,Groceries,16,423.43,25,2025-04-17
TXN-12735,North,Home & Kitchen,14,402.51,2,2025-03-04
TXN-12736,West,Fitness,19,180.93,26,2025-03-28
TXN-12737,South,Fitness,9,53.42,14,2025-03-08
TXN-12738,North,Fitness,3,318.55,11,2025-05-14
TXN-12739,West,Apparel,1,48.05,18,2025-04-08
TXN-12740,North,Apparel,2,469.25,9,2025-03-20
TXN-12741,South,Groceries,20,187.71,23,2025-04-26
TXN-12742,North,Electronics,-5,134.77,22,2025-03-14
TXN-12743,East,Books,6,49.64,9,2025-04-30
TXN-12744,North,Electronics,13,467.89,6,2025-03-20
TXN-12745,East,Home & Kitchen,18,381.28,29,2025-03-29
TXN-12746,South,Groceries,13,95.83,10,2025-05-04
TXN-12747,West,Fitness,15,500.04,3,2025-03-20
TXN-12748,South,Home & Kitchen,16,252.90,22,2025-04-28
TXN-12749,North,Apparel,14,474.92,10,2025-05-27
TXN-12750,East,Apparel,5,159.70,25,2025-05-07
TXN-12751,North,Fitness,3,46.38,14,2025-04-26
TXN-12752,North,Electronics,11,155.83,20,2025-05-10
TXN-12753,West,Electronics,14,466.27,26,2025-03-17
TXN-12754,East,Apparel,2,341.94,7,2025-05-13
TXN-12755,North,Fitness,16,401.86,20,2025-05-18
TXN-12756,North,Books,14,492.32,20,2025-03-21
TXN-12757,South,Apparel,16,357.91,18,2025-04-26
TXN-12758,North,Apparel,20,272.15,24,2025-05-20
TXN-12759,West,Electronics,10,28.34,5,2025-03-20
TXN-12760,South,Home & Kitchen,1,78.90,26,2025-04-02
TXN-12761,North,Apparel,4,426.23,24,2025-05-30
TXN-12762,South,Fitness,16,185.16,9,2025-03-28
TXN-12763,West,Books,9,INVALID_PRICE,1,2025-05-16
TXN-12764,East,Electronics,8,40.95,20,2025-04-23
TXN-12765,West,Groceries,7,319.38,29,2025-05-31
TXN-12766,East,Apparel,7,223.97,5,2025-04-20
TXN-12767,West,Books,2,194.62,28,2025-05-31
TXN-12768,South,Groceries,19,282.58,16,2025-04-29
TXN-12769,East,Apparel,15,214.06,29,2025-03-27
TXN-12770,West,Groceries,14,393.01,10,2025-04-05
TXN-12771,East,Apparel,12,101.92,25,2025-04-19
TXN-12772,North,Fitness,6,154.76,8,2025-05-31
TXN-12773,North,Books,17,321.49,16,2025-03-27
TXN-12774,East,Home & Kitchen,18,122.23,7,2025-04-07
TXN-12059,East,Groceries,11,158.06,14,2025-03-20
TXN-12776,East,Books,17,29.58,27,2025-05-18
TXN-12777,West,Apparel,2,121.31,29,2025-06-01
TXN-12778,South,Electronics,16,342.98,8,2025-05-03
TXN-12779,East,Home & Kitchen,11,341.83,26,2025-03-23
TXN-12780,East,Apparel,4,35.78,28,2025-05-03
TXN-12781,North,Electronics,5,278.90,10,2025-05-28
TXN-12782,West,Home & Kitchen,5,138.53,12,2025-03-17
TXN-12783,North,Fitness,2,460.92,16,2025-03-22
TXN-12784,East,Apparel,15,452.68,21,2025-04-02
TXN-12785,West,Electronics,15,264.82,5,2025-04-18
TXN-12786,North,Groceries,10,253.93,9,2025-05-21
TXN-12787,West,Groceries,20,471.83,2,2025-04-19
TXN-12788,East,Fitness,14,163.52,17,2025-03-25
TXN-12789,South,Fitness,12,351.97,28,2025-03-07
TXN-12790,South,Books,6,144.32,29,2025-04-06
TXN-12791,North,Groceries,11,147.73,3,2025-03-20
TXN-12792,West,Groceries,19,151.71,17,2025-05-30
TXN-12793,West,Groceries,19,272.74,21,2025-03-04
TXN-12794,North,Home & Kitchen,10,59.65,10,2025-04-16
TXN-12795,East,Apparel,7,272.96,12,2025-04-08
TXN-12796,North,Fitness,11,294.52,16,2025-03-05
TXN-12797,South,Electronics,14,456.05,12,2025-04-07
TXN-12798,South,Books,10,452.73,3,2025-03-20
TXN-12799,West,Electronics,10,27.10,7,2025-03-11
TXN-12800,West,Groceries,7,359.31,3,2025-03-28
TXN-12801,South,Home & Kitchen,15,63.78,0,2025-03-31
TXN-12802,West,Electronics,16,379.54,150,2025-04-28
TXN-12803,North,Home & Kitchen,9,484.66,30,2025-03-16
TXN-12804,East,Fitness,-4,499.36,15,2025-04-22
TXN-12805,East,Books,15,53.55,9,2025-03-30
TXN-12806,South,Electronics,19,383.79,24,2025-03-12
TXN-12807,West,Apparel,6,147.29,150,2025-05-12
TXN-12808,South,Home & Kitchen,5,309.30,21,2025-05-27
TXN-12809,East,Apparel,2,263.85,4,2025-03-12
TXN-12810,South,Fitness,15,247.35,2,2025-03-13
TXN-12811,North,Groceries,3,304.34,16,2025-05-06
TXN-12812,West,Fitness,6,264.78,12,2025-03-07
TXN-12813,East,Apparel,20,12.91,26,2025-05-11
TXN-12814,South,Groceries,3,188.94,23,2025-03-15
TXN-12815,East,Electronics,11,401.85,18,2025-04-30
TXN-12816,East,Fitness,4,234.90,8,2025-03-23
TXN-12817,North,Books,19,291.10,6,2025-05-19
TXN-12818,West,Groceries,13,267.55,6,2025-03-24
TXN-12819,East,Fitness,11,92.11,13,2025-03-31
TXN-12820,West,Apparel,5,263.05,3,2025-05-29
TXN-12821,North,Books,17,130.33,27,2025-03-29
TXN-12822,East,Groceries,15,478.26,5,2025-04-02
TXN-12823,North,Groceries,2,460.14,25,2025-03-09
TXN-12824,North,Apparel,18,446.60,16,2025-05-25
TXN-12825,West,Books,1,398.81,9,2025-04-09
TXN-12826,North,Books,9,129.45,29,2025-04-09
TXN-12827,East,Groceries,4,34.72,12,2025-04-02
TXN-12828,North,Books,2,434.68,17,2025-05-08
TXN-12829,North,Electronics,16,468.66,28,2025-04-17
TXN-12830,South,Electronics,17,398.59,22,2025-03-10
TXN-12831,West,Groceries,3,479.35,16,2025-05-03
TXN-12832,West,Groceries,14,294.23,6,2025-04-18
TXN-12833,East,Books,13,343.21,22,2025-03-16
TXN-12834,North,Home & Kitchen,-1,28.69,21,2025-05-17
TXN-12835,South,Apparel,16,10.33,9,2025-05-25
TXN-12836,South,Home & Kitchen,20,276.10,2,2025-03-09
TXN-12837,West,Apparel,17,407.84,3,2025-03-13
TXN-12838,North,Groceries,2,439.25,4,2025-05-08
TXN-12839,East,Groceries,2,335.91,9,2025-04-13
TXN-12840,East,Home & Kitchen,-3,153.76,3,2025-05-01
TXN-12841,South,Groceries,12,307.05,5,2025-03-12
TXN-12842,East,Apparel,16,24.46,4,2025-04-03
TXN-12843,North,Groceries,15,408.31,28,2025-04-09
TXN-12844,West,Books,2,INVALID_PRICE,3,2025-03-14
TXN-12845,North,Fitness,16,241.22,15,2025-03-28
TXN-12846,North,Groceries,8,147.87,15,2025-05-26
TXN-12847,East,Fitness,19,491.47,150,2025-05-15
TXN-12848,North,Groceries,17,322.93,12,2025-05-04
TXN-12849,East,Fitness,5,298.85,4,2025-05-04
TXN-12850,South,Fitness,10,277.37,3,2025-04-27
TXN-12851,West,Home & Kitchen,7,124.31,9,2025-03-28
TXN-12852,South,Books,7,361.78,4,2025-04-14
TXN-12853,South,Electronics,13,72.83,30,2025-05-17
TXN-12854,East,Electronics,2,40.27,16,2025-05-12
TXN-12855,North,Groceries,11,234.14,8,2025-05-19
TXN-12856,West,Fitness,20,263.11,12,2025-04-06
TXN-12857,North,Fitness,8,16.79,19,2025-04-26
TXN-12858,East,Fitness,3,40.34,3,2025-03-25
TXN-12859,East,Fitness,20,165.08,3,2025-05-08
TXN-12860,West,Groceries,10,191.06,28,2025-05-12
TXN-12861,North,Books,1,190.07,29,2025-03-24
TXN-12862,North,Electronics,13,285.54,30,2025-03-20
TXN-12863,North,Electronics,14,468.74,6,2025-04-07
TXN-12864,North,Groceries,13,414.32,28,2025-03-27
TXN-12865,West,Fitness,9,16.42,14,2025-03-15
TXN-12866,East,Electronics,9,292.00,25,2025-05-21
TXN-12867,South,Apparel,3,487.24,8,2025-05-01
TXN-12868,South,Groceries,17,302.66,9,2025-03-15
TXN-12869,North,Books,20,321.46,8,2025-05-21
TXN-12870,East,Fitness,14,462.54,25,2025-03-30
TXN-12871,North,Fitness,2,175.16,20,2025-05-15
TXN-12872,North,Books,20,196.47,16,2025-05-03
TXN-12873,South,Books,10,217.53,29,2025-03-08
TXN-12874,East,Fitness,16,424.52,20,2025-04-07
TXN-12875,South,Groceries,12,148.33,11,2025-04-11
TXN-12876,North,Home & Kitchen,18,249.14,29,2025-05-10
TXN-12877,South,Fitness,1,98.70,14,2025-03-31
TXN-12878,North,Fitness,18,28.37,11,2025-04-02
TXN-12879,North,Electronics,9,449.55,27,2025-05-15
TXN-12880,South,Apparel,9,129.48,12,2025-03-06
TXN-12881,North,Groceries,5,365.52,22,2025-04-22
TXN-12882,East,Books,4,98.59,8,2025-05-04
TXN-12883,East,Electronics,5,135.78,15,2025-04-25
TXN-12884,North,Groceries,5,23.92,17,2025-05-26
TXN-12885,East,Books,20,191.94,6,2025-03-25
TXN-12886,East,Groceries,2,431.92,23,2025-03-20
TXN-12887,South,Books,16,428.88,28,2025-03-23
TXN-12888,North,Electronics,17,18.23,30,2025-04-16
TXN-12889,South,Books,18,31.42,17,2025-03-17
TXN-12890,North,Fitness,11,331.09,11,2025-05-18
TXN-12891,South,Home & Kitchen,19,458.61,9,2025-04-20
TXN-12892,West,Home & Kitchen,6,265.86,22,2025-05-04
TXN-12893,South,Electronics,8,52.17,4,2025-05-12
TXN-12894,South,Groceries,12,379.83,7,2025-05-04
TXN-12895,East,Fitness,10,165.01,2,2025-03-18
TXN-12896,South,Books,18,424.91,16,2025-05-13
TXN-12897,South,Groceries,17,64.93,28,2025-05-07
TXN-12898,North,Fitness,14,128.57,15,2025-05-25
TXN-12899,East,Books,18,21.18,13,2025-03-25
TXN-12900,East,Groceries,17,145.71,17,2025-03-31
TXN-12901,North,Fitness,19,71.46,8,2099-12-31
TXN-12902,South,Fitness,15,308.80,3,2025-04-06
TXN-12903,East,Electronics,5,7.29,17,2025-04-13
TXN-12904,South,Groceries,19,110.32,21,2025-05-01
TXN-12905,North,Home & Kitchen,10,279.26,21,2025-04-15
TXN-12906,East,Groceries,7,53.61,1,2025-05-09
TXN-12907,South,Books,6,451.97,17,2025-03-18
TXN-12908,North,Electronics,14,457.51,14,2025-03-07
TXN-12909,North,Electronics,9,12.03,9,2025-04-12
TXN-12910,East,Groceries,8,112.22,7,2025-03-18
TXN-12911,East,Electronics,2,264.01,15,2025-05-05
TXN-12912,West,Books,4,195.81,6,2025-03-27
TXN-12913,West,Electronics,20,429.66,14,2025-04-07
TXN-12914,North,Groceries,8,60.05,5,2025-05-19
TXN-12915,East,Electronics,16,58.88,30,2025-04-04
TXN-12916,East,Home & Kitchen,16,461.62,24,2025-05-12
TXN-12917,North,Fitness,5,81.05,24,2025-03-13
TXN-12918,East,Home & Kitchen,5,INVALID_PRICE,15,2025-05-28
TXN-12919,North,Home & Kitchen,5,131.49,16,2025-04-15
TXN-12920,South,Fitness,6,446.52,17,2025-05-02
TXN-12921,West,Apparel,18,424.01,2,2025-04-06
TXN-12922,North,Home & Kitchen,14,94.05,8,2025-04-27
TXN-12923,North,Electronics,13,244.83,17,2025-05-10
TXN-12924,South,Groceries,8,28.06,26,2025-05-05
TXN-12925,South,Fitness,17,260.54,11,2025-05-12
TXN-12926,North,Books,18,184.48,25,2025-04-27
TXN-12927,East,Apparel,18,274.88,4,2025-05-20
TXN-12928,South,Electronics,20,324.89,14,2099-12-31
TXN-12929,East,Fitness,10,387.93,23,2025-04-01
TXN-12930,North,Books,6,89.74,9,2025-05-07
TXN-12931,North,Apparel,20,309.73,17,2025-05-25
TXN-12932,North,Fitness,16,477.83,6,2025-03-06
TXN-12933,South,Home & Kitchen,13,329.87,6,2025-04-18
TXN-12934,South,Home & Kitchen,18,238.66,8,2025-05-29
TXN-12935,South,Home & Kitchen,15,54.26,2,2025-04-13
TXN-12936,East,Books,20,485.91,6,2025-05-19
TXN-12937,East,Apparel,1,282.79,19,2025-04-20
TXN-12938,West,Groceries,15,445.50,8,2025-03-21
TXN-12939,South,Apparel,2,125.46,6,2025-05-08
TXN-12940,East,Home & Kitchen,6,269.24,23,2025-04-21
TXN-12941,East,Electronics,19,INVALID_PRICE,10,2025-03-29
TXN-12942,North,Fitness,17,307.61,16,2025-03-24
TXN-12943,South,Books,7,434.33,14,2025-05-16
TXN-12944,West,Groceries,5,155.53,23,2025-03-05
TXN-12945,South,Books,3,217.43,9,2025-05-15
TXN-12946,South,Fitness,11,31.48,29,2025-03-27
TXN-12947,South,Home & Kitchen,15,141.63,19,2025-03-11
TXN-12948,West,Apparel,20,482.62,22,2025-03-21
TXN-10360,North,Groceries,20,440.40,7,2025-05-25
TXN-12950,East,Home & Kitchen,15,151.72,8,2025-03-20
TXN-12951,West,Fitness,14,225.92,3,2025-04-19
TXN-12952,East,Home & Kitchen,1,185.46,11,2025-04-27
TXN-12953,South,Electronics,12,361.64,11,2025-03-23
TXN-12954,East,Fitness,16,245.01,30,2025-04-09
TXN-12955,South,Apparel,16,454.60,5,2025-05-09
TXN-12956,North,Apparel,9,79.29,15,2025-05-11
TXN-12957,East,Apparel,9,414.71,13,2025-04-29
TXN-12958,West,Fitness,10,17.36,15,2025-03-20
TXN-12959,South,Groceries,7,324.24,28,2025-05-18
TXN-12960,East,Groceries,7,321.37,19,2025-03-23
TXN-12961,South,Apparel,20,502.07,25,2025-03-26
TXN-12962,East,Fitness,19,335.68,24,2025-03-26
TXN-12963,East,Apparel,19,228.50,18,2025-03-16
TXN-12964,South,Home & Kitchen,20,313.98,4,2025-05-23
TXN-12965,East,Electronics,4,231.30,19,2025-05-08
TXN-12966,East,Home & Kitchen,10,258.67,22,2025-03-18
TXN-12967,South,Electronics,6,136.67,23,2025-03-27
TXN-12968,East,Home & Kitchen,3,23.14,8,2025-03-27
TXN-12969,West,Fitness,17,129.03,27,2025-04-22
TXN-12970,South,Home & Kitchen,1,458.52,8,2025-04-11
TXN-12971,South,Apparel,16,22.42,25,2025-04-18
TXN-12972,South,Groceries,1,378.08,26,2025-04-27
TXN-12973,North,Apparel,19,240.12,12,2025-04-01
TXN-12974,South,Apparel,7,34.28,18,2025-04-25
TXN-12975,East,Groceries,12,354.91,17,2025-04-18
TXN-12976,West,Books,12,438.61,26,2025-04-18
TXN-12977,South,Home & Kitchen,13,234.91,20,2025-05-29
TXN-12978,North,Apparel,12,132.10,27,2025-04-21
TXN-12979,North,Books,8,366.09,27,2025-04-14
TXN-12980,East,Electronics,2,56.24,14,2025-04-02
TXN-12981,West,Groceries,12,13.69,2,2025-03-23
TXN-12982,West,Home & Kitchen,5,189.36,13,2025-04-01
TXN-12983,East,Fitness,12,422.94,7,2025-05-26
TXN-12984,West,Books,4,223.06,15,2025-06-01
TXN-12985,West,Apparel,7,294.77,17,2025-05-15
TXN-12986,South,Books,18,463.87,8,2025-05-07
TXN-12987,North,Groceries,5,47.74,19,2025-03-27
TXN-12988,North,Apparel,17,222.76,9,2025-03-13
TXN-12989,North,Groceries,20,206.97,7,2025-04-06
TXN-12990,South,Home & Kitchen,18,425.40,8,2025-04-15
TXN-12991,East,Fitness,4,21.70,5,2025-04-15
TXN-12992,North,Groceries,2,210.59,21,2025-04-22
TXN-12993,West,Books,5,348.34,17,2025-03-17
TXN-12994,East,Electronics,9,118.95,8,2025-04-23
TXN-12995,North,Apparel,17,412.41,22,2025-05-27
TXN-12996,East,Books,11,218.82,27,2025-05-12
TXN-12997,West,Home & Kitchen,18,409.40,11,2025-05-21
TXN-12998,South,Home & Kitchen,10,94.15,22,2025-05-15
TXN-12999,South,Home & Kitchen,19,315.15,29,2025-06-01
TXN-13000,South,Books,18,382.76,17,2025-04-06
TXN-13001,North,Fitness,11,5.28,6,2025-04-26
TXN-13002,North,Apparel,5,39.96,11,2025-04-23
TXN-13003,East,Electronics,3,272.41,12,2025-04-14
TXN-13004,East,Apparel,19,161.22,9,2025-03-25
TXN-13005,South,Groceries,18,374.08,11,2025-03-19
TXN-13006,North,Apparel,1,309.30,1,2025-04-14
TXN-13007,South,Electronics,18,368.64,19,2025-05-25
TXN-13008,South,Groceries,19,480.80,5,2025-04-14
TXN-13009,West,Home & Kitchen,12,417.08,2,2025-05-05
TXN-13010,West,Books,8,278.47,27,2025-05-24
TXN-13011,South,Electronics,20,53.46,17,2025-05-23
TXN-10749,West,Fitness,14,254.74,14,2025-04-22
TXN-13013,North,Home & Kitchen,4,410.17,12,2025-03-14
TXN-13014,West,Books,17,47.02,7,2025-03-30
TXN-13015,South,Books,16,175.35,9,2025-05-15
TXN-13016,South,Electronics,5,404.35,14,2025-04-25
TXN-13017,West,Fitness,11,251.76,23,2025-04-12
TXN-13018,North,Fitness,2,164.64,23,2025-04-10
TXN-13019,North,Books,4,162.70,9,2025-03-05
TXN-13020,East,Electronics,16,220.09,3,2025-04-13
TXN-13021,North,Home & Kitchen,15,458.81,26,2025-04-15
TXN-13022,East,Home & Kitchen,15,240.85,2,2025-05-08
TXN-13023,North,Groceries,1,163.64,7,2025-03-06
TXN-13024,South,Apparel,2,465.44,29,2025-03-27
TXN-13025,West,Apparel,4,416.00,7,2025-05-20
TXN-13026,West,Books,5,356.27,29,2025-04-03
TXN-13027,East,Fitness,4,211.79,9,2025-03-09
TXN-13028,West,Electronics,2,201.29,4,2025-05-24
TXN-13029,West,Fitness,14,461.72,21,2025-04-28
TXN-13030,South,Groceries,5,INVALID_PRICE,12,2025-03-24
TXN-13031,South,Home & Kitchen,1,336.19,3,2025-05-07
TXN-13032,East,Books,6,377.80,14,2025-04-11
TXN-13033,West,Books,1,409.97,21,2025-04-25
TXN-13034,East,Electronics,13,263.75,27,2025-05-31
TXN-13035,South,Fitness,15,491.01,28,2025-04-05
TXN-13036,North,Fitness,8,308.20,29,2025-04-01
TXN-13037,West,Apparel,12,158.63,5,2025-05-14
TXN-13038,South,Electronics,1,INVALID_PRICE,8,2025-05-30
TXN-13039,North,Electronics,4,380.54,25,2025-03-20
TXN-13040,South,Electronics,16,175.16,21,2025-05-06
TXN-13041,South,Home & Kitchen,12,90.33,9,2025-04-30
TXN-13042,East,Fitness,6,93.63,8,2025-05-19
TXN-13043,East,Books,2,203.08,1,2025-04-29
TXN-13044,West,Apparel,1,82.42,23,2025-05-12
TXN-13045,East,Fitness,17,251.33,2,2025-03-13
TXN-13046,North,Fitness,12,230.57,3,2025-03-16
TXN-13047,East,Home & Kitchen,17,426.54,13,2025-03-11
TXN-13048,West,Apparel,13,404.25,23,2025-04-21
TXN-13049,East,Groceries,15,274.92,22,2025-03-22
TXN-13050,North,Home & Kitchen,4,277.42,13,2025-05-11
TXN-13051,East,Groceries,7,218.61,20,2025-03-05
TXN-13052,West,Fitness,9,186.07,8,2025-05-20
TXN-13053,West,Fitness,7,34.90,29,2025-03-27
TXN-13054,North,Apparel,11,78.83,12,2025-05-08
TXN-13055,North,Electronics,14,125.42,19,2025-04-30
TXN-13056,South,Electronics,20,321.55,30,2025-03-08
TXN-13057,East,Fitness,12,409.18,1,2025-04-20
TXN-13058,East,Home & Kitchen,20,165.93,29,2025-04-29
TXN-13059,North,Apparel,18,365.56,13,2025-05-25
TXN-13060,West,Electronics,12,152.19,28,2025-06-01
TXN-13061,South,Electronics,2,367.70,22,2025-05-02
TXN-13062,East,Groceries,12,407.69,25,2025-04-17
TXN-13063,East,Books,2,232.89,9,2025-04-15
TXN-13064,West,Electronics,16,360.46,28,2025-04-28
TXN-13065,North,Books,2,421.15,0,2025-04-12
TXN-13066,North,Fitness,-2,371.07,20,2025-05-23
TXN-13067,South,Fitness,13,437.61,26,2025-04-09
TXN-13068,West,Electronics,13,270.08,27,2025-04-23
TXN-13069,West,Apparel,1,453.67,29,2025-04-19
TXN-13070,West,Fitness,17,392.61,15,2025-04-19
TXN-13071,North,Fitness,9,396.31,9,2025-03-26
TXN-13072,East,Fitness,14,489.38,10,2025-05-07
TXN-13073,South,Home & Kitchen,4,455.61,21,2025-04-02
TXN-13074,North,Groceries,13,494.10,27,2025-03-17
TXN-13075,South,Fitness,15,INVALID_PRICE,24,2025-05-31
TXN-13076,East,Groceries,15,44.21,7,2025-05-31
TXN-13077,North,Groceries,17,482.36,14,2025-03-24
TXN-13078,West,Apparel,8,483.04,9,2025-04-05
TXN-13079,South,Apparel,1,464.33,5,2025-05-15
TXN-13080,South,Fitness,9,274.83,27,2025-05-18
TXN-13081,North,Home & Kitchen,2,221.77,11,2025-04-27
TXN-13082,North,Home & Kitchen,8,311.13,27,2025-05-10
TXN-13083,South,Electronics,7,478.03,16,2025-03-10
TXN-13084,West,Home & Kitchen,15,418.79,12,2025-03-10
TXN-13085,North,Books,4,345.81,21,2025-04-23
TXN-13086,North,Apparel,15,362.95,10,2025-03-16
TXN-13087,East,Books,15,269.50,20,2025-05-16
TXN-13088,North,Electronics,10,362.87,12,2025-04-22
TXN-13089,West,Fitness,20,468.82,17,2025-04-07
TXN-13090,East,Fitness,13,85.58,11,2025-04-25
TXN-13091,South,Books,-4,58.67,12,2025-04-06
TXN-13092,North,Books,11,409.79,12,2025-04-05
TXN-13093,South,Home & Kitchen,1,271.90,28,2025-05-14
TXN-13094,South,Apparel,7,470.01,11,2025-05-27
TXN-13095,East,Home & Kitchen,5,154.94,15,2025-04-04
TXN-13096,East,Fitness,8,156.71,23,2025-04-02
TXN-13097,East,Home & Kitchen,14,453.85,15,2025-05-25
TXN-13098,East,Electronics,11,377.12,16,2025-03-29
TXN-13099,South,Fitness,14,359.06,30,2025-04-06
TXN-13100,South,Electronics,6,234.67,13,2025-05-20
TXN-13101,East,Books,2,116.46,11,2025-04-22
TXN-13102,West,Electronics,10,292.41,10,2025-05-24
TXN-13103,West,Fitness,9,480.24,22,2025-03-17
TXN-13104,South,Electronics,7,456.19,1,2025-04-17
TXN-13105,East,Home & Kitchen,2,184.89,20,2025-03-20
TXN-13106,West,Electronics,8,356.52,10,2025-05-28
TXN-13107,North,Electronics,18,129.85,5,2025-03-29
TXN-13108,West,Electronics,11,277.52,5,2025-03-07
TXN-13109,South,Electronics,8,238.54,9,2025-05-31
TXN-13110,North,Apparel,13,219.40,8,2025-06-01
TXN-13111,East,Fitness,6,33.02,17,2025-04-20
TXN-13112,South,Groceries,15,294.06,18,2025-04-25
TXN-13113,North,Books,19,374.19,24,2025-05-21
TXN-13114,North,Home & Kitchen,8,102.22,18,2025-03-10
TXN-13115,East,Groceries,20,426.45,6,2025-04-01
TXN-13116,North,Apparel,12,15.19,26,2025-05-16
TXN-13117,East,Groceries,15,92.39,12,2025-05-23
TXN-13118,North,Home & Kitchen,7,15.14,14,2025-03-14
TXN-13119,West,Books,19,481.78,21,2025-05-16
TXN-13120,South,Books,10,253.22,20,2025-03-04
TXN-13121,North,Apparel,10,360.23,7,2025-04-29
TXN-13122,South,Fitness,17,44.94,27,2025-04-15
TXN-13123,North,Apparel,9,150.81,20,2025-04-21
TXN-13124,West,Books,6,157.18,11,2025-03-26
TXN-13125,South,Home & Kitchen,14,200.29,6,2025-04-23
TXN-13126,East,Apparel,18,308.94,16,2025-04-18
TXN-13127,East,Groceries,13,257.35,21,2025-05-31
TXN-13128,East,Apparel,11,46.83,1,2025-05-27
TXN-13129,East,Apparel,18,359.84,15,2025-04-24
TXN-13130,East,Groceries,18,450.63,18,2025-05-29
TXN-13131,North,Books,5,348.35,20,2025-04-03
TXN-13132,South,Books,4,281.52,14,2025-05-24
TXN-13133,East,Fitness,15,163.65,11,2025-05-07
TXN-13134,North,Books,17,362.21,24,2025-04-15
TXN-13135,East,Home & Kitchen,13,331.15,20,2025-05-03
TXN-13136,South,Fitness,16,378.82,9,2025-05-28
TXN-13137,South,Home & Kitchen,3,196.07,3,2025-05-09
TXN-13138,South,Fitness,13,275.98,12,2025-05-10
TXN-13139,North,Apparel,18,110.73,5,2025-04-21
TXN-13140,East,Home & Kitchen,16,355.15,14,2025-04-20
TXN-13141,South,Groceries,13,331.60,16,2025-04-13
TXN-13142,North,Groceries,2,156.47,24,2025-03-07
TXN-13143,West,Books,17,261.81,13,2025-05-10
TXN-13144,West,Home & Kitchen,4,INVALID_PRICE,1,2025-05-08
TXN-13145,North,Fitness,20,291.92,19,2025-05-06
TXN-13146,North,Books,4,207.37,21,2025-05-02
TXN-13147,South,Apparel,15,410.66,2,2025-04-13
TXN-13148,North,Electronics,7,473.02,19,2025-05-07
TXN-13149,North,Fitness,4,472.72,12,2025-03-13
TXN-13150,North,Fitness,17,189.41,21,2025-03-23
TXN-13151,East,Apparel,3,442.70,7,2025-04-23
TXN-13152,West,Home & Kitchen,4,12.26,16,2025-04-13
TXN-12273,South,Books,15,173.42,0,2025-04-12
TXN-13154,East,Apparel,20,239.22,16,2025-03-08
TXN-13155,North,Fitness,20,330.09,28,2025-04-23
TXN-13156,East,Fitness,10,113.77,16,2025-04-10
TXN-13157,North,Fitness,16,333.48,16,2025-05-24
TXN-13158,South,Fitness,11,480.99,9,2025-05-03
TXN-13159,East,Books,12,421.15,28,2025-05-31
TXN-13160,East,Apparel,11,331.18,5,2025-05-19
TXN-13161,East,Apparel,9,196.47,3,2025-03-18
TXN-13162,East,Electronics,9,381.68,24,2025-03-18
TXN-13163,North,Groceries,12,242.78,13,2025-05-14
TXN-13164,South,Books,10,214.24,9,2025-05-04
TXN-13165,East,Home & Kitchen,5,410.00,15,2025-03-17
TXN-13166,North,Books,13,79.42,23,2025-04-28
TXN-13167,West,Books,16,8.06,7,2025-04-29
TXN-13168,North,Groceries,14,28.19,25,2025-06-01
TXN-13169,North,Fitness,10,471.77,6,2025-04-08
TXN-13170,East,Home & Kitchen,13,456.81,2,2025-05-31
TXN-13171,North,Groceries,20,460.97,28,2025-03-11
TXN-13172,South,Home & Kitchen,13,99.93,21,2025-03-10
TXN-13173,North,Groceries,2,455.79,26,2025-04-18
TXN-13174,North,Fitness,20,110.24,28,2025-03-13
TXN-13175,West,Electronics,3,INVALID_PRICE,15,2025-04-03
TXN-13176,North,Electronics,18,441.03,1,2025-04-30
TXN-13177,South,Home & Kitchen,2,298.06,29,2025-05-01
TXN-13178,South,Apparel,8,230.81,19,2025-05-08
TXN-13179,South,Fitness,5,188.06,28,2025-04-30
TXN-13180,West,Electronics,20,95.24,15,2025-05-19
TXN-13181,West,Groceries,10,107.51,10,2025-04-12
TXN-13182,South,Electronics,2,166.30,1,2025-05-17
TXN-13183,West,Books,18,76.66,18,2025-05-01
TXN-13184,East,Home & Kitchen,9,366.37,13,2025-03-04
TXN-13185,South,Apparel,17,34.16,8,2025-05-23
TXN-13186,West,Books,13,401.90,2,2025-04-16
TXN-13187,North,Books,15,270.93,6,2025-04-01
TXN-13188,East,Electronics,8,285.96,24,2025-05-14
TXN-13189,West,Apparel,8,324.90,20,2025-03-15
TXN-13190,East,Groceries,15,310.64,21,2025-05-25
TXN-13191,East,Apparel,8,498.40,24,2025-04-15
TXN-13192,East,Fitness,1,435.92,3,2025-04-17
TXN-13193,East,Fitness,17,43.37,7,2025-05-14
TXN-13194,East,Books,18,157.54,9,2025-05-11
TXN-13195,East,Electronics,7,180.47,8,2025-05-09
TXN-13196,West,Electronics,12,295.00,15,2025-04-21
TXN-13197,East,Home & Kitchen,13,430.18,5,2099-12-31
TXN-13198,South,Books,15,14.47,1,2025-03-18
TXN-13199,West,Home & Kitchen,2,220.91,17,2025-05-15
TXN-13200,South,Fitness,8,INVALID_PRICE,16,2025-05-15
TXN-13201,North,Home & Kitchen,7,217.24,24,2025-04-13
TXN-13202,East,Apparel,9,209.90,15,2025-03-30
TXN-13203,North,Groceries,10,393.41,27,2025-04-17
TXN-13204,South,Electronics,17,449.00,23,2025-04-24
TXN-13205,East,Home & Kitchen,14,401.95,25,2025-03-06
TXN-13206,North,Home & Kitchen,3,211.46,15,2025-03-09
TXN-13207,West,Apparel,8,271.30,10,2025-05-23
TXN-13208,West,Electronics,11,452.72,5,2025-04-10
TXN-13209,South,Groceries,15,374.83,27,2025-05-12
TXN-13210,South,Books,9,8.64,9,2025-03-30
TXN-13211,North,Groceries,10,7.18,11,2025-04-28
TXN-13212,South,Home & Kitchen,17,338.97,4,2025-05-29
TXN-13213,East,Home & Kitchen,5,7.97,2,2025-03-19
TXN-13214,South,Books,10,371.81,30,2025-04-16
TXN-13215,East,Fitness,4,467.18,2,2025-05-29
TXN-13216,West,Electronics,4,187.10,18,2025-03-27
TXN-13217,East,Apparel,11,29.81,11,2025-04-30
TXN-13218,East,Books,1,486.72,3,2025-04-01
TXN-13219,West,Home & Kitchen,3,239.97,18,2025-04-19
TXN-13220,South,Home & Kitchen,18,133.35,25,2025-05-25
TXN-13221,South,Home & Kitchen,16,495.85,19,2025-04-26
TXN-13222,North,Fitness,1,488.61,17,2025-03-24
TXN-13223,North,Books,15,180.12,17,2025-03-16
TXN-13224,South,Apparel,6,423.62,1,2025-03-17
TXN-13225,East,Electronics,3,257.06,23,2025-05-05
TXN-13226,West,Groceries,19,69.73,15,2025-03-30
TXN-13227,East,Books,1,346.08,5,2025-03-12
TXN-13228,South,Electronics,20,314.09,15,2025-05-16
TXN-13229,West,Groceries,2,416.96,23,2025-04-26
TXN-13230,East,Fitness,10,133.24,1,2025-03-08
TXN-13231,North,Home & Kitchen,10,38.14,3,2025-04-06
TXN-13232,East,Books,13,132.22,27,2025-05-05
TXN-13233,South,Electronics,15,215.33,22,2025-03-10
TXN-13234,South,Groceries,11,113.21,10,2025-04-05
TXN-13235,South,Fitness,20,351.58,16,2025-03-23
TXN-13236,West,Books,11,286.31,26,2025-03-14
TXN-13237,South,Books,7,482.54,17,2025-04-10
TXN-13238,East,Electronics,8,181.28,14,2025-03-31
TXN-13239,East,Home & Kitchen,18,256.64,16,2025-03-15
TXN-13240,South,Books,2,375.41,28,2025-05-04
TXN-13241,West,Home & Kitchen,-4,304.88,20,2025-05-31
TXN-13242,East,Groceries,6,117.17,16,2025-03-29
TXN-13243,North,Fitness,7,262.15,12,2025-05-13
TXN-13244,East,Electronics,20,377.94,15,2025-03-13
TXN-13245,North,Books,19,171.95,29,2025-05-05
TXN-13246,East,Home & Kitchen,18,18.11,22,2025-04-10
TXN-13247,West,Books,2,166.02,13,2025-03-18
TXN-13248,East,Home & Kitchen,14,24.57,17,2025-05-29
TXN-13249,East,Electronics,1,500.28,19,2025-03-31
TXN-13250,South,Apparel,9,202.12,14,2025-03-15
TXN-13251,North,Electronics,13,387.57,3,2025-04-26
TXN-13252,East,Electronics,12,269.84,25,2025-05-25
TXN-13253,West,Apparel,7,183.85,18,2025-05-03
TXN-13254,South,Fitness,10,289.92,3,2025-04-26
TXN-13255,East,Books,20,494.63,29,2025-05-30
TXN-13256,East,Groceries,16,397.98,14,2025-03-06
TXN-13257,East,Fitness,9,426.21,25,2025-04-25
TXN-13258,West,Groceries,16,52.50,2,2025-04-24
TXN-13259,North,Electronics,20,404.88,8,2025-03-29
TXN-13260,East,Apparel,16,177.98,29,2025-05-22
TXN-13261,South,Books,1,363.71,23,2025-05-13
TXN-13262,North,Home & Kitchen,11,290.84,9,2025-05-23
TXN-13263,North,Books,20,301.62,15,2025-03-07
TXN-13264,West,Fitness,19,194.54,18,2025-05-26
TXN-13265,East,Electronics,2,99.17,19,2025-05-07
TXN-13266,North,Apparel,19,198.87,3,2025-05-30
TXN-13267,West,Home & Kitchen,19,243.10,26,2025-03-14
TXN-13268,East,Electronics,6,95.39,15,2025-05-27
TXN-13269,North,Groceries,6,17.36,11,2099-12-31
TXN-13146,South,Fitness,18,41.75,17,2025-04-04
TXN-13271,North,Apparel,17,396.35,6,2025-03-17
TXN-13272,North,Groceries,12,304.97,1,2025-04-12
TXN-13273,East,Fitness,8,434.59,25,2025-04-25
TXN-13274,North,Fitness,8,446.28,12,2025-05-16
TXN-13275,West,Home & Kitchen,13,51.09,14,2025-04-27
TXN-13276,North,Groceries,7,97.50,20,2025-05-02
TXN-13277,West,Apparel,1,259.61,2,2025-04-19
TXN-13278,North,Books,14,338.42,25,2099-12-31
TXN-13279,North,Fitness,14,454.94,26,2025-04-20
TXN-13280,North,Groceries,5,INVALID_PRICE,26,2025-04-26
TXN-13281,East,Fitness,13,408.17,2,2025-04-22
TXN-13282,East,Home & Kitchen,15,60.79,20,2025-05-02
TXN-13283,West,Home & Kitchen,5,356.84,8,2025-03-25
TXN-13284,East,Apparel,14,398.38,16,2025-03-19
TXN-13285,South,Apparel,7,485.25,13,2025-03-15
TXN-13286,South,Books,6,433.53,9,2025-03-31
TXN-13287,North,Home & Kitchen,6,126.37,5,2025-05-04
TXN-13288,South,Electronics,14,173.89,14,2025-03-17
TXN-13289,West,Fitness,1,30.08,16,2025-04-15
TXN-13290,South,Fitness,3,263.97,1,2025-06-01
TXN-13291,West,Groceries,7,472.29,9,2025-04-12
TXN-13292,North,Fitness,15,45.09,29,2025-04-11
TXN-10584,North,Electronics,4,261.05,21,2025-04-10
TXN-13294,South,Apparel,5,252.71,26,2025-05-23
TXN-13295,North,Groceries,6,214.85,2,2025-03-15
TXN-13296,West,Home & Kitchen,3,13.57,18,2025-05-13
TXN-13297,South,Fitness,3,22.99,2,2025-04-08
TXN-13298,North,Apparel,15,493.60,26,2025-04-21
TXN-13299,North,Groceries,8,55.56,10,2025-04-20
TXN-13300,South,Books,13,409.39,5,2025-04-10
TXN-13301,South,Home & Kitchen,2,181.87,30,2025-03-10
TXN-13302,South,Fitness,16,186.45,15,2025-03-23
TXN-13303,West,Groceries,7,349.20,6,2025-03-18
TXN-13304,South,Fitness,8,53.03,1,2025-04-26
TXN-13305,North,Groceries,15,390.05,1,2025-05-14
TXN-13306,North,Home & Kitchen,6,62.78,8,2025-04-18
TXN-13307,East,Fitness,20,246.37,24,2025-03-17
TXN-13308,South,Groceries,5,435.26,5,2025-05-03
TXN-13309,West,Fitness,8,90.16,3,2025-05-25
TXN-13310,East,Books,4,502.23,13,2025-04-20
TXN-13311,South,Fitness,11,412.58,24,2025-03-10
TXN-13312,East,Electronics,10,455.16,1,2025-03-18
TXN-13313,East,Groceries,12,83.99,6,2025-03-13
TXN-13314,East,Fitness,12,105.03,10,2025-05-28
TXN-13315,North,Fitness,20,229.93,26,2025-05-03
TXN-13316,North,Home & Kitchen,12,225.50,28,2025-03-06
TXN-13317,East,Electronics,10,403.21,24,2025-04-05
TXN-13318,North,Fitness,9,443.86,29,2025-04-14
TXN-13319,East,Groceries,4,357.51,0,2025-05-22
TXN-13320,South,Home & Kitchen,14,410.21,8,2025-03-16
TXN-13321,North,Electronics,1,6.10,23,2025-06-01
TXN-13322,East,Electronics,9,27.36,10,2025-04-24
TXN-13323,South,Groceries,2,492.73,28,2025-05-12
TXN-13324,East,Electronics,16,369.24,7,2025-04-25
TXN-13325,North,Home & Kitchen,11,64.56,20,2025-03-30
TXN-13326,North,Groceries,4,438.72,8,2025-03-05
TXN-13327,West,Home & Kitchen,20,108.40,8,2025-03-28
TXN-13328,East,Electronics,10,332.42,9,2025-03-16
TXN-13329,South,Fitness,11,153.17,9,2099-12-31
TXN-13330,North,Fitness,18,325.48,9,2025-04-13
TXN-13331,South,Home & Kitchen,4,142.13,5,2025-05-28
TXN-13332,North,Home & Kitchen,15,105.37,27,2025-05-12
TXN-13333,East,Books,18,273.87,6,2025-04-23
TXN-12578,South,Home & Kitchen,1,293.94,5,2025-04-16
TXN-13335,West,Books,16,274.13,26,2025-03-12
TXN-13336,West,Groceries,7,106.24,7,2025-03-20
TXN-13337,East,Books,19,366.59,10,2025-05-30
TXN-13338,East,Fitness,2,283.21,4,2025-04-11
TXN-13339,South,Fitness,6,389.92,26,2025-05-28
TXN-13340,East,Apparel,1,113.47,20,2025-05-16
TXN-13341,East,Fitness,9,174.81,14,2025-04-08
TXN-13342,South,Books,12,364.38,18,2025-05-31
TXN-13343,East,Books,8,151.77,28,2025-04-24
TXN-13344,North,Electronics,4,125.82,9,2025-03-10
TXN-13345,East,Fitness,8,396.91,8,2025-03-13
TXN-13346,South,Books,7,292.70,6,2025-05-03
TXN-13347,South,Electronics,9,INVALID_PRICE,25,2025-04-24
TXN-13348,North,Electronics,5,201.94,16,2025-05-17
TXN-13349,East,Apparel,20,107.15,29,2025-04-22
TXN-13350,North,Books,1,39.21,15,2025-04-26
TXN-13351,East,Electronics,1,414.57,4,2025-04-02
TXN-13352,South,Books,9,24.21,1,2025-05-08
TXN-13353,North,Fitness,15,349.42,11,2025-04-12
TXN-13354,South,Books,14,356.90,26,2025-04-04
TXN-13355,East,Apparel,2,243.90,23,2025-05-24
TXN-13356,West,Books,4,391.06,9,2025-04-09
TXN-13357,East,Apparel,20,111.05,21,2025-03-29
TXN-13358,South,Home & Kitchen,18,272.80,6,2025-04-11
TXN-13359,North,Home & Kitchen,2,40.36,25,2025-04-04
TXN-13360,North,Fitness,14,293.44,15,2025-03-16
TXN-13361,South,Books,4,300.54,29,2025-04-12
TXN-13362,West,Electronics,16,14.56,11,2025-04-13
TXN-13363,West,Home & Kitchen,9,263.62,27,2025-04-20
TXN-13364,South,Electronics,19,308.70,23,2025-04-25
TXN-13365,North,Fitness,3,355.71,6,2025-04-01
TXN-13366,South,Home & Kitchen,2,6.92,21,2025-06-01
TXN-13367,West,Home & Kitchen,7,66.53,29,2025-05-24
TXN-13368,North,Home & Kitchen,17,214.41,17,2025-05-16
TXN-13369,South,Electronics,14,298.74,14,2025-04-12
TXN-13370,East,Apparel,15,177.14,18,2025-04-04
TXN-13371,South,Apparel,16,185.12,5,2025-04-30
TXN-13372,North,Home & Kitchen,11,332.00,26,2025-05-10
TXN-13373,South,Electronics,3,139.49,24,2025-03-27
TXN-13374,West,Groceries,12,498.16,11,2025-05-26
TXN-13375,West,Fitness,3,312.83,2,2025-03-07
TXN-13376,West,Fitness,15,294.64,19,2025-03-26
TXN-13377,North,Home & Kitchen,15,313.79,26,2025-05-09
TXN-13378,South,Fitness,6,336.63,23,2025-04-01
TXN-13379,West,Home & Kitchen,6,76.13,20,2025-03-11
TXN-13380,East,Electronics,4,402.57,25,2025-03-27
TXN-13381,South,Home & Kitchen,9,409.70,17,2025-04-01
TXN-13382,South,Fitness,16,453.09,26,2025-03-17
TXN-13383,South,Books,13,394.02,9,2025-05-25
TXN-13384,North,Apparel,10,258.75,12,2025-04-18
TXN-13385,East,Fitness,19,34.11,15,2025-04-14
TXN-13386,West,Fitness,20,421.05,13,2025-03-12
TXN-13387,East,Apparel,18,28.81,6,2025-03-05
TXN-13388,West,Books,17,96.11,13,2025-04-29
TXN-13389,South,Groceries,3,103.29,21,2025-05-18
TXN-13390,West,Home & Kitchen,20,458.99,8,2025-03-28
TXN-13391,East,Apparel,14,333.16,24,2025-05-11
TXN-13392,West,Electronics,16,181.87,13,2025-03-05
TXN-13393,North,Home & Kitchen,18,462.56,4,2025-04-17
TXN-13394,North,Fitness,16,497.53,24,2025-04-25
TXN-13395,South,Books,19,83.63,12,2025-04-07
TXN-13396,West,Electronics,18,453.83,22,2025-05-30
TXN-13397,West,Electronics,7,192.00,2,2025-05-17
TXN-13398,South,Electronics,4,397.56,0,2025-04-17
TXN-13399,West,Books,10,64.55,8,2025-03-09
TXN-13400,South,Apparel,4,130.14,1,2025-04-23
TXN-13401,East,Electronics,6,64.92,27,2025-05-19
TXN-13402,South,Apparel,14,9.95,20,2025-03-15
TXN-13403,West,Home & Kitchen,20,14.89,17,2025-03-12
TXN-13404,West,Apparel,11,444.40,21,2025-05-04
TXN-13405,South,Books,17,460.43,17,2025-03-25
TXN-13406,East,Groceries,9,131.97,28,2025-04-22
TXN-13407,South,Home & Kitchen,1,169.44,1,2025-03-23
TXN-13408,South,Electronics,5,144.48,18,2025-03-16
TXN-13409,North,Fitness,11,89.15,2,2025-03-12
TXN-13410,South,Home & Kitchen,1,328.33,11,2025-03-19
TXN-13411,East,Electronics,13,89.50,3,2025-04-06
TXN-13412,South,Electronics,4,17.54,8,2025-04-30
TXN-13413,South,Books,19,313.62,20,2025-03-26
TXN-13414,North,Home & Kitchen,17,86.61,17,2025-05-15
TXN-13415,West,Groceries,7,79.15,0,2025-03-06
TXN-13416,North,Groceries,19,127.22,25,2025-05-05
TXN-13417,East,Apparel,19,383.53,21,2025-05-15
TXN-13418,South,Apparel,19,482.52,8,2025-04-25
TXN-13419,South,Home & Kitchen,11,486.94,3,2025-05-19
TXN-13420,North,Books,12,58.50,21,2025-05-11
TXN-13421,North,Fitness,6,321.61,19,2025-05-26
TXN-13422,West,Fitness,4,384.52,16,2025-04-21
TXN-13423,North,Home & Kitchen,15,328.76,4,2025-03-11
TXN-13424,West,Books,9,343.47,15,2025-03-10
TXN-13425,West,Home & Kitchen,9,333.71,28,2025-04-02
TXN-13426,West,Electronics,2,384.52,24,2025-03-29
TXN-13427,West,Electronics,20,152.85,6,2025-05-30
TXN-13428,East,Fitness,7,38.43,29,2025-06-01
TXN-13429,North,Books,6,126.70,29,2025-04-15
TXN-13430,West,Groceries,3,25.23,22,2025-05-15
TXN-13431,West,Groceries,17,67.02,19,2025-05-31
TXN-13432,South,Groceries,3,14.02,18,2025-03-12
TXN-13433,East,Books,16,136.19,16,2025-04-11
TXN-13434,South,Electronics,8,218.81,9,2025-03-28
TXN-13435,North,Apparel,2,124.55,28,2025-05-08
TXN-13436,South,Fitness,10,429.42,6,2025-04-05
TXN-13437,East,Home & Kitchen,12,235.00,1,2025-05-24
TXN-13438,West,Apparel,6,345.22,11,2025-05-12
TXN-13439,West,Fitness,11,216.47,24,2025-03-19
TXN-13440,East,Home & Kitchen,20,112.79,4,2025-03-04
TXN-13441,East,Apparel,6,315.54,14,2025-05-07
TXN-13442,West,Books,5,20.70,1,2025-05-23
TXN-13443,West,Electronics,8,484.11,28,2025-04-29
TXN-13444,East,Books,10,111.96,25,2025-05-05
TXN-13445,East,Home & Kitchen,15,31.86,16,2025-05-17
TXN-13446,East,Books,17,348.92,5,2025-03-20
TXN-13447,West,Groceries,3,290.62,10,2025-03-17
TXN-13448,South,Books,3,272.21,9,2025-04-13
TXN-13449,East,Electronics,18,334.93,9,2025-05-03
TXN-13450,North,Electronics,8,79.33,9,2099-12-31
TXN-13451,West,Apparel,12,485.05,4,2025-03-19
TXN-13452,North,Fitness,6,119.83,2,2025-05-05
TXN-13453,North,Books,13,114.88,0,2025-05-22
TXN-13454,North,Fitness,2,59.85,13,2025-04-14
TXN-13455,South,Home & Kitchen,5,169.21,26,2025-04-06
TXN-13456,East,Electronics,11,444.64,8,2025-03-21
TXN-13457,East,Books,8,71.95,20,2025-05-16
TXN-13458,East,Apparel,2,201.66,5,2025-05-26
TXN-13459,South,Books,10,139.16,18,2025-04-18
TXN-13460,West,Electronics,15,31.66,20,2025-05-18
TXN-13461,West,Books,5,248.53,30,2025-03-23
TXN-13462,South,Groceries,10,292.11,30,2025-04-14
TXN-13463,East,Home & Kitchen,4,165.83,11,2025-03-25
TXN-13464,South,Electronics,2,372.42,29,2025-05-11
TXN-13465,East,Groceries,12,266.96,150,2025-03-15
TXN-13466,South,Home & Kitchen,17,13.65,10,2025-05-19
TXN-13467,South,Apparel,-1,473.81,5,2025-04-18
TXN-13468,North,Electronics,14,69.09,29,2025-05-14
TXN-13469,South,Apparel,18,386.33,11,2025-03-10
TXN-13470,East,Fitness,8,71.44,18,2025-04-26
TXN-13471,East,Home & Kitchen,19,149.26,13,2025-05-06
TXN-13472,North,Electronics,9,129.13,7,2025-05-31
TXN-13473,North,Apparel,18,111.73,1,2025-03-09
TXN-13474,North,Electronics,7,242.92,19,2025-03-13
TXN-13475,East,Electronics,6,324.41,2,2025-03-14
TXN-13476,South,Home & Kitchen,20,317.62,10,2025-05-30
TXN-13477,East,Books,19,480.96,22,2025-05-31
TXN-13478,East,Electronics,4,39.47,3,2025-03-08
TXN-13479,East,Home & Kitchen,15,198.22,9,2025-03-31
TXN-13480,West,Books,4,474.08,27,2025-04-15
TXN-13481,North,Groceries,4,45.43,13,2025-04-06
TXN-13482,West,Books,10,232.52,8,2025-03-09
TXN-13483,East,Groceries,5,84.58,22,2025-04-03
TXN-13484,East,Fitness,10,266.43,27,2025-05-28
TXN-13485,East,Electronics,3,32.03,7,2025-04-17
TXN-13486,East,Fitness,4,115.24,11,2025-03-10
TXN-13487,North,Fitness,7,359.08,11,2025-04-28
TXN-13488,North,Fitness,17,244.94,8,2025-03-14
TXN-13489,East,Fitness,14,266.41,22,2025-03-11
TXN-13490,North,Home & Kitchen,15,64.71,16,2025-04-10
TXN-13491,North,Books,4,208.02,24,2025-04-06
TXN-13492,North,Fitness,18,433.72,4,2025-03-29
TXN-13493,East,Home & Kitchen,20,255.04,15,2025-03-16
TXN-13494,North,Home & Kitchen,11,484.00,16,2025-03-08
TXN-13495,East,Fitness,-5,105.95,9,2025-06-01
TXN-13496,West,Home & Kitchen,3,335.29,25,2025-05-28
TXN-13497,North,Books,10,59.33,16,2025-03-08
TXN-13498,South,Fitness,14,85.81,10,2025-04-25
TXN-13499,South,Groceries,5,88.83,26,2025-03-11
TXN-13500,North,Groceries,17,86.90,13,2025-04-16
TXN-13501,West,Groceries,10,336.07,14,2025-05-04
TXN-13502,North,Home & Kitchen,3,402.79,17,2025-04-30
TXN-13503,North,Books,5,464.14,29,2025-05-22
TXN-13504,West,Fitness,8,76.50,30,2025-04-23
TXN-13505,North,Apparel,3,120.67,14,2025-05-19
TXN-13506,West,Books,7,54.18,19,2025-05-07
TXN-13507,West,Fitness,2,471.09,24,2025-05-05
TXN-13508,North,Fitness,5,266.46,15,2025-04-14
TXN-13509,South,Groceries,16,42.72,29,2025-05-02
TXN-13510,West,Home & Kitchen,8,178.11,6,2025-04-12
TXN-13511,East,Home & Kitchen,2,277.01,11,2025-03-11
TXN-13512,West,Home & Kitchen,12,463.37,5,2025-05-28
TXN-13513,West,Home & Kitchen,1,285.95,28,2025-05-19
TXN-13514,East,Fitness,19,146.18,13,2025-05-29
TXN-13515,North,Groceries,20,362.25,19,2025-05-04
TXN-13516,South,Fitness,4,335.10,8,2025-05-28
TXN-13517,North,Home & Kitchen,7,INVALID_PRICE,24,2025-04-05
TXN-13518,South,Electronics,20,87.13,5,2025-05-13
TXN-13519,North,Home & Kitchen,2,271.73,27,2025-03-29
TXN-13520,South,Home & Kitchen,16,8.13,13,2025-04-28
TXN-13521,West,Fitness,2,291.96,21,2025-03-10
TXN-13522,North,Electronics,14,302.66,19,2025-03-17
TXN-13523,North,Fitness,12,290.01,6,2025-05-25
TXN-13524,West,Electronics,13,225.51,19,2025-04-09
TXN-13525,East,Fitness,2,459.11,28,2025-03-22
TXN-13526,West,Electronics,20,212.13,18,2025-03-25
TXN-10115,North,Electronics,8,190.16,22,2025-03-20
TXN-13528,North,Electronics,17,303.68,20,2025-05-03
TXN-13529,South,Apparel,17,89.27,27,2025-04-03
TXN-13530,North,Electronics,8,172.47,5,2025-05-03
TXN-13531,East,Home & Kitchen,9,246.02,13,2025-03-22
TXN-13532,South,Fitness,8,446.39,23,2025-03-25
TXN-13533,South,Electronics,7,146.04,4,2025-04-30
TXN-13534,West,Groceries,10,229.69,26,2025-04-20
TXN-13535,North,Books,17,292.35,19,2025-05-26
TXN-13536,West,Books,1,481.55,23,2025-03-11
TXN-13537,East,Apparel,16,154.56,6,2025-04-04
TXN-13538,East,Books,11,338.35,2,2025-04-12
TXN-13539,South,Apparel,17,451.43,18,2025-05-30
TXN-13540,North,Home & Kitchen,14,49.28,26,2025-03-19
TXN-13541,North,Apparel,16,502.42,3,2025-04-01
TXN-13542,North,Home & Kitchen,11,33.73,18,2025-05-04
TXN-13543,East,Home & Kitchen,13,439.23,25,2025-04-18
TXN-13544,South,Fitness,9,180.94,26,2025-03-27
TXN-13545,North,Books,1,396.21,14,2025-03-19
TXN-13546,South,Groceries,8,416.19,21,2025-05-25
TXN-13547,West,Fitness,8,118.23,25,2025-05-30
TXN-13548,South,Groceries,4,387.33,9,2025-04-04
TXN-13549,East,Electronics,13,480.50,27,2025-05-26
TXN-13550,North,Apparel,4,73.09,24,2025-03-08
TXN-13551,South,Apparel,15,273.73,15,2025-04-07
TXN-13552,North,Fitness,12,385.23,29,2025-04-11
TXN-13553,North,Fitness,16,267.92,29,2025-03-31
TXN-13554,West,Apparel,19,200.95,14,2025-03-22
TXN-10991,North,Electronics,19,142.20,3,2025-03-27
TXN-13556,East,Books,12,302.07,14,2025-04-25
TXN-13557,West,Groceries,14,200.37,13,2025-03-31
TXN-13558,North,Apparel,14,153.68,14,2025-04-24
TXN-13559,West,Fitness,16,209.14,27,2025-04-19
TXN-13560,South,Fitness,2,189.27,3,2025-03-25
TXN-13561,North,Home & Kitchen,14,58.40,28,2025-04-16
TXN-13562,South,Fitness,6,244.49,1,2025-04-04
TXN-13563,East,Electronics,15,496.28,0,2025-03-21
TXN-13564,South,Apparel,16,8.12,10,2025-03-31
TXN-13565,East,Electronics,17,109.37,6,2025-05-28
TXN-13566,North,Apparel,15,112.00,21,2025-03-28
TXN-13567,South,Electronics,8,70.09,23,2025-04-25
TXN-13568,East,Groceries,16,185.25,7,2025-05-26
TXN-13569,East,Groceries,7,85.43,5,2025-05-18
TXN-13570,West,Books,1,95.66,7,2025-04-19
TXN-13571,East,Apparel,12,80.90,3,2025-03-19
TXN-13572,South,Home & Kitchen,18,494.67,9,2025-05-17
TXN-13573,South,Home & Kitchen,20,329.83,24,2025-03-18
TXN-13574,East,Apparel,5,45.11,27,2025-03-09
TXN-13575,East,Home & Kitchen,1,225.81,27,2025-05-14
TXN-13576,East,Fitness,6,120.92,3,2025-04-08
TXN-13577,South,Books,3,71.29,29,2025-03-29
TXN-13578,East,Home & Kitchen,14,383.51,21,2025-04-07
TXN-13579,North,Books,17,167.86,4,2025-04-27
TXN-13580,South,Apparel,1,215.85,20,2025-05-06
TXN-13581,West,Home & Kitchen,14,502.13,21,2025-05-12
TXN-13582,East,Apparel,10,67.75,26,2025-05-06
TXN-13583,East,Electronics,19,35.52,2,2025-04-13
TXN-12469,West,Books,7,453.69,24,2025-05-11
TXN-13585,West,Electronics,10,154.23,19,2025-04-10
TXN-13586,South,Groceries,9,120.80,24,2025-03-13
TXN-13587,East,Home & Kitchen,1,135.02,15,2025-03-25
TXN-13588,North,Groceries,3,120.16,18,2025-05-06
TXN-13589,West,Apparel,19,275.88,8,2025-04-03
TXN-13590,West,Groceries,12,35.00,23,2025-04-14
TXN-13591,West,Groceries,15,461.06,3,2025-05-31
TXN-13592,South,Groceries,9,449.48,1,2025-03-04
TXN-13593,South,Books,13,274.75,3,2025-05-14
TXN-13594,South,Books,15,191.35,7,2025-03-28
TXN-13595,East,Books,18,249.93,19,2025-03-19
TXN-13596,North,Apparel,8,264.20,24,2025-06-01
TXN-13597,North,Groceries,19,169.78,12,2025-03-17
TXN-13598,South,Electronics,4,382.93,9,2025-04-17
TXN-13599,South,Electronics,1,492.63,4,2025-03-31
TXN-13600,West,Home & Kitchen,1,429.14,11,2025-05-05
TXN-13601,West,Home & Kitchen,2,92.23,4,2025-05-16
TXN-13602,West,Electronics,12,119.45,6,2025-03-06
TXN-13603,East,Books,5,446.65,18,2025-05-27
TXN-13604,North,Fitness,2,178.07,18,2025-03-10
TXN-13605,West,Electronics,14,78.56,26,2025-05-08
TXN-13606,East,Apparel,14,502.45,25,2025-03-08
TXN-13607,East,Groceries,19,301.82,29,2025-03-20
TXN-13608,East,Fitness,20,61.47,10,2025-03-31
TXN-13609,South,Home & Kitchen,-5,362.16,11,2025-04-20
TXN-13610,South,Fitness,1,14.86,8,2025-05-28
TXN-13611,East,Electronics,3,78.45,18,2025-03-16
TXN-13612,West,Apparel,4,138.82,23,2025-05-14
TXN-13613,West,Home & Kitchen,6,35.71,4,2025-05-30
TXN-13614,South,Apparel,16,11.80,20,2025-03-27
TXN-13615,South,Electronics,1,459.89,22,2025-03-20
TXN-13616,South,Home & Kitchen,13,249.87,19,2025-03-25
TXN-13617,North,Fitness,1,386.70,20,2025-04-18
TXN-13618,West,Home & Kitchen,1,244.04,1,2025-04-28
TXN-13619,South,Home & Kitchen,10,485.02,23,2025-05-18
TXN-13620,North,Apparel,13,252.67,20,2025-05-07
TXN-13621,South,Books,18,96.02,3,2025-05-02
TXN-13622,East,Apparel,12,9.95,25,2025-03-22
TXN-13623,North,Books,4,154.92,13,2025-05-01
TXN-13624,West,Fitness,1,254.89,7,2025-05-22
TXN-13625,North,Home & Kitchen,5,21.28,14,2025-03-18
TXN-13626,East,Fitness,2,275.91,21,2025-04-01
TXN-13627,South,Fitness,9,42.53,26,2025-03-20
TXN-13628,South,Books,18,349.61,4,2025-03-27
TXN-13629,East,Groceries,11,446.91,30,2025-04-01
TXN-13630,West,Apparel,12,84.02,11,2025-05-06
TXN-13631,North,Apparel,2,324.28,4,2025-03-08
TXN-13632,West,Apparel,2,291.10,22,2025-05-28
TXN-13633,East,Home & Kitchen,20,439.32,28,2025-05-19
TXN-13634,North,Home & Kitchen,17,416.76,26,2025-03-05
TXN-13635,East,Apparel,17,52.02,29,2025-05-17
TXN-13636,North,Books,7,491.41,11,2025-04-02
TXN-13637,South,Electronics,6,173.55,14,2025-03-28
TXN-13638,West,Groceries,2,250.62,28,2025-05-26
TXN-13639,South,Groceries,4,213.29,18,2025-05-27
TXN-13640,East,Groceries,1,117.77,29,2025-04-14
TXN-13641,South,Books,19,115.77,4,2025-05-24
TXN-13642,West,Home & Kitchen,17,53.53,24,2025-04-09
TXN-13643,South,Electronics,13,10.89,8,2025-05-21
TXN-13644,West,Apparel,13,465.68,29,2025-03-10
TXN-13645,North,Fitness,4,443.79,10,2025-05-31
TXN-13646,West,Books,9,357.56,13,2025-03-22
TXN-13647,North,Home & Kitchen,6,333.39,13,2025-04-09
TXN-13648,North,Fitness,1,56.34,12,2025-04-01
TXN-13649,North,Home & Kitchen,20,312.42,16,2025-04-09
TXN-13650,South,Books,17,INVALID_PRICE,7,2025-05-03
TXN-13651,East,Fitness,15,142.37,12,2025-05-03
TXN-13652,West,Books,7,52.07,23,2025-04-27
TXN-13653,North,Electronics,7,388.22,9,2025-03-31
TXN-13654,North,Electronics,13,252.49,11,2025-03-15
TXN-13655,South,Apparel,13,60.27,0,2025-05-06
TXN-13656,West,Apparel,1,451.10,6,2025-04-20
TXN-13657,East,Home & Kitchen,17,140.53,8,2025-04-10
TXN-13658,East,Fitness,3,452.90,22,2025-03-16
TXN-13659,South,Fitness,17,146.02,18,2025-05-04
TXN-13660,West,Apparel,7,345.73,1,2025-05-08
TXN-13661,East,Apparel,4,226.86,28,2025-03-29
TXN-13662,West,Fitness,20,431.98,5,2025-03-18
TXN-13663,South,Electronics,18,299.85,26,2025-04-06
TXN-13664,South,Home & Kitchen,15,488.86,4,2025-04-27
TXN-13665,West,Apparel,15,486.38,4,2025-03-05
TXN-13666,West,Fitness,20,413.12,23,2025-03-13
TXN-13667,North,Fitness,17,239.96,26,2025-03-29
TXN-13668,East,Apparel,17,25.78,14,2025-03-15
TXN-13669,West,Electronics,3,218.97,14,2025-04-28
TXN-13670,South,Home & Kitchen,18,349.74,29,2025-05-06
TXN-13671,East,Groceries,4,459.11,29,2025-04-21
TXN-13672,West,Fitness,14,384.86,19,2025-03-18
TXN-13673,West,Electronics,16,280.97,14,2025-05-12
TXN-13674,South,Groceries,15,228.05,5,2025-04-11
TXN-13675,South,Home & Kitchen,20,310.20,9,2025-05-21
TXN-13676,West,Groceries,2,463.03,18,2025-05-28
TXN-13677,North,Electronics,6,36.73,22,2025-05-21
TXN-13678,North,Books,14,58.79,2,2025-03-07
TXN-13679,South,Groceries,6,133.24,4,2025-05-25
TXN-13680,East,Fitness,6,382.31,20,2025-05-04
TXN-13681,South,Electronics,18,173.21,18,2025-05-04
TXN-13682,West,Apparel,11,492.27,21,2025-05-13
TXN-13683,East,Home & Kitchen,6,124.87,12,2025-05-28
TXN-13684,East,Electronics,19,432.68,13,2025-05-08
TXN-13685,South,Books,2,166.30,15,2025-05-16
TXN-13686,West,Home & Kitchen,16,341.42,12,2099-12-31
TXN-13687,East,Fitness,14,490.89,6,2025-05-21
TXN-13688,West,Groceries,7,139.44,19,2025-04-18
TXN-13689,North,Electronics,-1,317.39,22,2025-04-19
TXN-13690,West,Home & Kitchen,15,422.36,29,2025-05-12
TXN-13691,West,Electronics,15,383.55,10,2025-04-13
TXN-13692,East,Groceries,3,222.39,27,2025-03-23
TXN-13693,North,Groceries,16,216.75,29,2025-04-11
TXN-13694,South,Books,12,163.73,12,2025-03-31
TXN-13695,South,Books,15,430.50,3,2025-03-31
TXN-13696,West,Books,20,353.23,1,2025-03-21
TXN-13697,East,Fitness,12,418.33,18,2025-05-25
TXN-13698,East,Home & Kitchen,9,131.50,4,2025-05-12
TXN-13699,East,Home & Kitchen,20,20.56,13,2025-04-13
TXN-13700,South,Electronics,7,469.47,10,2025-05-11
TXN-13701,North,Groceries,3,305.63,16,2025-03-25
TXN-13702,West,Home & Kitchen,3,252.89,9,2025-05-17
TXN-13703,East,Books,15,493.84,8,2025-05-19
TXN-13704,West,Home & Kitchen,14,111.26,27,2025-05-30
TXN-13705,East,Apparel,16,46.48,28,2025-05-18
TXN-13706,East,Home & Kitchen,-5,439.07,12,2025-05-15
TXN-13707,East,Books,3,278.28,28,2025-03-28
TXN-13708,North,Apparel,1,478.42,8,2025-03-17
TXN-13709,South,Books,18,31.29,10,2025-04-17
TXN-13710,South,Apparel,4,451.08,8,2025-03-06
TXN-13711,West,Home & Kitchen,11,425.66,30,2025-03-18
TXN-13712,West,Books,14,106.30,29,2025-03-28
TXN-13713,East,Books,15,203.53,17,2025-05-04
TXN-13714,West,Electronics,5,250.34,18,2025-05-01
TXN-13715,South,Electronics,11,436.47,23,2025-05-07
TXN-12203,South,Electronics,12,435.17,3,2025-03-11
TXN-13717,North,Books,5,397.57,11,2025-05-22
TXN-13718,North,Apparel,1,389.13,17,2025-05-28
TXN-13719,East,Electronics,20,84.60,24,2025-04-11
TXN-13720,East,Books,5,412.72,6,2025-04-07
TXN-13721,South,Home & Kitchen,20,7.01,1,2025-05-01
TXN-13722,South,Apparel,18,94.32,4,2025-05-15
TXN-13723,East,Apparel,6,21.85,13,2025-05-15
TXN-13724,West,Books,6,429.37,26,2025-05-26
TXN-13725,East,Groceries,12,407.31,25,2025-03-31
TXN-13726,East,Home & Kitchen,19,123.27,4,2025-04-26
TXN-13727,North,Fitness,7,167.46,30,2025-05-07
TXN-13728,West,Apparel,5,INVALID_PRICE,24,2025-04-01
TXN-13729,South,Fitness,10,215.70,4,2025-03-26
TXN-13730,South,Apparel,18,78.50,25,2025-05-18
TXN-13731,South,Electronics,4,90.07,9,2025-04-27
TXN-13732,South,Books,17,455.32,28,2025-04-14
TXN-13733,East,Apparel,8,62.93,14,2025-05-17
TXN-13734,South,Apparel,18,345.05,14,2025-03-08
TXN-13735,South,Apparel,17,INVALID_PRICE,3,2025-05-08
TXN-13736,North,Home & Kitchen,15,424.67,7,2025-04-01
TXN-13737,East,Home & Kitchen,18,431.27,19,2025-04-17
TXN-13738,West,Groceries,14,398.96,3,2025-03-14
TXN-13739,West,Books,14,160.87,22,2025-05-02
TXN-13740,South,Groceries,17,403.96,17,2025-03-05
TXN-12340,West,Electronics,16,139.44,26,2025-03-13
TXN-13742,North,Fitness,1,499.43,29,2025-05-03
TXN-13743,East,Home & Kitchen,16,271.18,20,2025-04-14
TXN-13744,East,Electronics,17,INVALID_PRICE,10,2025-04-03
TXN-13745,North,Apparel,11,417.07,1,2025-04-06
TXN-13746,South,Fitness,4,197.58,15,2025-04-03
TXN-13747,South,Home & Kitchen,8,72.35,25,2025-03-28
TXN-13748,North,Groceries,9,INVALID_PRICE,7,2025-04-01
TXN-13749,North,Apparel,19,42.99,24,2025-03-16
TXN-13750,West,Apparel,16,68.66,29,2025-04-24
TXN-13751,West,Electronics,5,168.97,17,2025-04-25
TXN-13752,East,Books,7,477.32,14,2025-03-26
TXN-13753,East,Groceries,2,30.96,22,2025-05-05
TXN-13754,South,Electronics,20,8.17,11,2025-03-13
TXN-13755,West,Groceries,10,346.38,11,2025-05-13
TXN-13756,East,Electronics,6,209.43,15,2025-03-21
TXN-13757,East,Electronics,4,275.81,18,2025-03-31
TXN-13758,West,Home & Kitchen,13,206.26,16,2025-04-25
TXN-13759,East,Apparel,5,452.46,5,2025-04-11
TXN-13760,South,Home & Kitchen,20,502.52,23,2025-04-29
TXN-13761,South,Groceries,4,131.29,16,2025-05-07
TXN-13762,East,Groceries,12,123.71,24,2025-05-29
TXN-13763,South,Home & Kitchen,20,346.63,7,2025-03-10
TXN-13764,North,Groceries,2,364.19,1,2025-03-29
TXN-13765,East,Home & Kitchen,6,49.26,20,2025-05-02
TXN-13766,West,Home & Kitchen,18,148.22,27,2025-05-15
TXN-13767,West,Fitness,9,19.19,16,2025-05-16
TXN-13768,North,Books,13,124.93,13,2025-05-18
TXN-13769,South,Fitness,5,97.05,18,2025-04-21
TXN-13770,North,Books,17,486.33,4,2025-05-27
TXN-13771,South,Groceries,6,170.02,28,2025-04-28
TXN-13772,South,Books,1,169.03,19,2025-03-28
TXN-13773,West,Groceries,20,77.50,24,2025-05-13
TXN-13774,West,Apparel,8,440.84,16,2025-03-05
TXN-13775,South,Home & Kitchen,9,226.48,16,2025-04-22
TXN-13776,East,Home & Kitchen,8,70.16,24,2025-05-25
TXN-13777,North,Books,19,385.49,26,2025-05-17
TXN-13778,East,Electronics,11,410.63,2,2025-03-24
TXN-13779,North,Electronics,12,313.35,17,2025-04-21
TXN-13780,North,Apparel,2,192.06,28,2025-05-19
TXN-13781,North,Books,20,442.05,0,2025-04-15
TXN-13782,North,Apparel,4,343.92,25,2025-04-17
TXN-13783,North,Electronics,10,489.17,22,2025-04-10
TXN-13784,North,Electronics,4,263.02,8,2025-05-14
TXN-13785,North,Home & Kitchen,19,429.84,16,2025-04-06
TXN-13786,East,Fitness,1,27.61,28,2025-03-17
TXN-13787,East,Home & Kitchen,11,383.77,18,2025-03-29
TXN-13788,West,Groceries,1,391.46,6,2025-03-24
TXN-13789,South,Fitness,9,17.74,0,2025-04-02
TXN-13790,North,Apparel,11,162.27,4,2025-04-15
TXN-13791,West,Fitness,12,275.57,26,2025-03-23
TXN-13792,West,Home & Kitchen,10,157.92,18,2099-12-31
TXN-13793,West,Apparel,12,489.37,25,2025-03-17
TXN-13794,East,Fitness,5,130.42,2,2025-03-16
TXN-13795,East,Fitness,11,131.46,19,2025-03-07
TXN-13796,East,Home & Kitchen,4,156.04,29,2025-03-05
TXN-13797,South,Books,6,497.41,26,2025-04-16
TXN-13798,East,Groceries,18,54.32,7,2025-03-12
TXN-13799,South,Fitness,3,142.05,9,2025-05-02
TXN-13800,South,Fitness,5,207.91,19,2025-03-31
TXN-13801,East,Apparel,18,281.59,10,2025-03-12
TXN-13802,North,Groceries,19,82.77,28,2025-04-19
TXN-13803,South,Apparel,15,459.49,3,2025-05-10
TXN-13804,East,Groceries,4,203.96,7,2025-05-18
TXN-13805,East,Electronics,1,175.74,20,2025-04-04
TXN-13806,West,Home & Kitchen,5,355.52,7,2025-03-20
TXN-13807,East,Apparel,4,306.09,1,2025-03-22
TXN-13808,North,Fitness,10,459.52,19,2025-05-24
TXN-13809,East,Fitness,9,15.17,14,2025-05-31
TXN-13810,West,Home & Kitchen,13,382.91,4,2025-05-19
TXN-13811,South,Groceries,9,23.98,23,2025-06-01
TXN-13812,West,Fitness,5,26.93,30,2025-03-20
TXN-13813,North,Groceries,15,260.01,20,2025-04-20
TXN-13814,North,Electronics,14,172.40,18,2025-05-04
TXN-13815,South,Fitness,20,290.62,14,2025-03-07
TXN-13816,East,Groceries,19,113.67,15,2025-04-24
TXN-13817,North,Electronics,12,84.56,9,2025-05-22
TXN-13818,East,Electronics,18,195.36,6,2025-04-15
TXN-13819,East,Electronics,10,13.80,19,2025-03-27
TXN-13820,East,Fitness,4,211.80,7,2025-04-13
TXN-13821,West,Fitness,16,277.01,1,2025-05-30
TXN-13822,East,Apparel,5,INVALID_PRICE,24,2025-03-10
TXN-13823,East,Electronics,9,96.07,18,2025-03-31
TXN-13824,East,Apparel,19,155.98,28,2025-03-22
TXN-13825,South,Fitness,4,16.54,9,2025-03-04
TXN-13826,South,Home & Kitchen,3,417.62,5,2025-04-20
TXN-13827,West,Fitness,1,102.51,6,2025-03-20
TXN-13828,North,Electronics,18,126.27,5,2025-04-22
TXN-13829,West,Groceries,11,396.12,16,2025-03-10
TXN-13830,West,Fitness,4,232.23,4,2025-03-09
TXN-13831,East,Electronics,4,254.66,25,2025-05-15
TXN-13832,North,Home & Kitchen,8,404.12,1,2025-03-13
TXN-13833,North,Apparel,16,386.98,12,2025-04-03
TXN-13834,North,Groceries,3,102.79,6,2025-04-24
TXN-13835,North,Apparel,8,77.76,23,2025-04-19
TXN-13836,South,Electronics,5,113.85,5,2025-04-26
TXN-13837,South,Apparel,4,429.64,15,2025-03-15
TXN-13838,South,Books,2,279.07,28,2025-03-06
TXN-13839,South,Electronics,5,312.60,12,2025-04-25
TXN-13840,North,Home & Kitchen,20,46.80,14,2025-05-29
TXN-13841,North,Fitness,13,470.52,3,2025-05-04
TXN-13842,South,Apparel,6,488.83,8,2025-05-04
TXN-13843,East,Apparel,11,419.33,15,2025-04-02
TXN-13844,West,Home & Kitchen,17,90.91,15,2025-04-23
TXN-13845,North,Groceries,7,382.57,5,2025-04-19
TXN-13846,East,Apparel,17,317.63,150,2025-04-17
TXN-13847,West,Apparel,5,29.79,18,2099-12-31
TXN-13848,South,Home & Kitchen,16,124.02,27,2025-05-24
TXN-13849,East,Home & Kitchen,1,367.28,0,2025-04-02
TXN-13850,South,Apparel,18,224.87,10,2025-03-28
TXN-13851,West,Apparel,12,219.81,14,2025-04-10
TXN-13852,South,Books,15,147.46,30,2025-04-26
TXN-13853,East,Apparel,5,346.48,18,2025-05-19
TXN-13854,West,Electronics,12,71.39,11,2025-04-12
TXN-13855,North,Electronics,5,483.62,5,2025-04-30
TXN-13856,North,Electronics,13,410.94,15,2025-04-11
TXN-13857,West,Groceries,19,503.88,19,2025-03-19
TXN-13858,North,Electronics,10,42.37,11,2025-03-30
TXN-13859,North,Fitness,11,203.83,11,2025-04-27
TXN-13860,South,Home & Kitchen,7,364.07,16,2099-12-31
TXN-13861,East,Apparel,4,133.74,5,2025-05-20
TXN-13862,North,Electronics,18,331.63,10,2025-03-20
TXN-13863,West,Groceries,17,98.09,2,2025-04-05
TXN-13864,East,Groceries,11,458.13,20,2025-04-01
TXN-13865,West,Electronics,4,497.67,22,2025-04-12
TXN-13866,South,Books,9,182.74,15,2025-05-25
TXN-13867,South,Groceries,4,138.27,29,2025-05-26
TXN-13868,East,Electronics,13,44.77,17,2025-04-14
TXN-13869,East,Electronics,14,216.65,7,2025-03-18
TXN-13870,South,Books,12,489.94,12,2025-04-26
TXN-13871,North,Apparel,16,343.27,1,2025-04-01
TXN-13872,North,Groceries,6,453.36,18,2025-03-05
TXN-13873,North,Apparel,9,144.89,29,2025-04-02
TXN-13874,North,Home & Kitchen,2,170.11,22,2025-04-05
TXN-13875,North,Home & Kitchen,16,203.10,11,2099-12-31
TXN-13876,East,Home & Kitchen,9,308.91,21,2025-05-31
TXN-13877,East,Home & Kitchen,19,421.28,12,2025-04-07
TXN-13878,South,Groceries,7,452.40,4,2025-05-26
TXN-13879,East,Apparel,3,250.57,6,2025-04-07
TXN-13880,East,Groceries,16,265.30,15,2025-04-06
TXN-13881,West,Groceries,15,214.00,13,2025-04-25
TXN-13882,North,Electronics,15,288.34,7,2025-03-05
TXN-13883,West,Electronics,10,95.88,23,2025-05-15
TXN-13884,South,Apparel,2,283.19,14,2025-04-26
TXN-13885,South,Groceries,13,156.61,9,2025-04-29
TXN-13886,South,Fitness,9,471.69,21,2025-04-14
TXN-13887,West,Apparel,20,55.29,1,2025-04-13
TXN-13888,West,Home & Kitchen,14,452.08,11,2025-04-01
TXN-13889,North,Groceries,15,268.77,10,2025-04-20
TXN-13890,South,Home & Kitchen,11,321.66,29,2025-03-10
TXN-13891,East,Fitness,3,26.20,7,2025-05-23
TXN-13892,West,Home & Kitchen,8,83.63,1,2025-05-30
TXN-13893,West,Books,6,479.60,9,2025-04-28
TXN-13894,South,Electronics,15,74.97,23,2025-04-19
TXN-13895,South,Apparel,10,349.03,27,2025-05-26
TXN-13896,North,Books,7,409.73,26,2025-05-23
TXN-13897,South,Groceries,8,75.99,8,2025-05-25
TXN-13898,South,Books,13,250.38,5,2025-03-10
TXN-13899,West,Fitness,17,61.50,14,2025-03-29
TXN-13900,East,Electronics,6,441.31,5,2025-04-18
TXN-13901,West,Home & Kitchen,18,83.67,25,2025-05-21
TXN-13902,North,Electronics,4,467.30,21,2025-04-06
TXN-12943,West,Electronics,1,233.35,28,2025-04-26
TXN-13904,South,Groceries,12,78.71,25,2025-03-20
TXN-13905,North,Apparel,16,11.65,24,2025-04-11
TXN-13906,North,Apparel,14,378.17,14,2025-05-27
TXN-13907,West,Groceries,10,237.09,4,2025-05-11
TXN-13908,East,Home & Kitchen,4,481.30,20,2025-05-24
TXN-13909,East,Groceries,13,458.22,3,2025-03-05
TXN-13910,South,Groceries,5,205.65,2,2025-05-16
TXN-13911,West,Apparel,15,376.84,27,2025-05-03
TXN-13912,South,Groceries,15,180.01,7,2025-04-01
TXN-13913,West,Home & Kitchen,11,330.39,4,2025-04-11
TXN-13914,North,Electronics,6,122.23,11,2025-04-19
TXN-13915,West,Electronics,18,473.40,27,2025-04-07
TXN-13916,North,Groceries,18,231.16,8,2025-03-12
TXN-13917,South,Groceries,8,496.24,1,2025-05-15
TXN-13918,North,Electronics,8,292.02,22,2025-04-09
TXN-13919,North,Books,8,157.01,19,2025-03-26
TXN-13920,East,Fitness,7,479.41,1,2025-03-09
TXN-13921,West,Home & Kitchen,14,21.81,25,2025-04-11
TXN-13922,South,Fitness,20,244.51,22,2025-05-24
TXN-13923,South,Electronics,9,43.04,13,2025-05-27
TXN-13924,West,Groceries,17,191.30,27,2025-03-25
TXN-13925,South,Home & Kitchen,5,240.67,14,2025-05-24
TXN-13926,West,Electronics,17,472.43,19,2025-04-29
TXN-13927,West,Apparel,14,14.66,17,2025-05-26
TXN-13928,North,Electronics,12,201.63,21,2025-03-24
TXN-13929,East,Fitness,11,443.53,21,2025-05-11
TXN-13930,South,Groceries,18,27.76,28,2025-03-13
TXN-13931,West,Books,7,70.74,4,2025-05-31
TXN-13932,East,Groceries,20,221.38,4,2025-04-26
TXN-13933,South,Apparel,13,381.19,30,2025-05-02
TXN-13934,South,Groceries,19,204.24,8,2025-05-12
TXN-13935,East,Books,7,500.79,10,2025-05-21
TXN-13936,South,Apparel,2,196.04,2,2025-04-07
TXN-13937,East,Electronics,19,404.42,23,2025-03-26
TXN-13938,North,Apparel,11,377.55,12,2025-05-08
TXN-13939,South,Home & Kitchen,11,249.18,22,2025-04-13
TXN-13940,North,Books,11,230.19,16,2025-05-20
TXN-13941,North,Apparel,16,340.14,8,2025-05-19
TXN-13942,East,Books,8,113.66,29,2025-05-18
TXN-13943,North,Books,10,196.94,27,2025-04-03
TXN-13944,South,Groceries,14,371.77,28,2025-04-15
TXN-13945,South,Home & Kitchen,5,120.70,12,2025-05-23
TXN-13946,North,Fitness,2,482.53,10,2025-06-01
TXN-13947,West,Apparel,20,255.61,24,2025-04-18
TXN-13948,West,Apparel,-4,91.33,1,2025-05-01
TXN-13949,North,Electronics,6,446.72,15,2025-05-03
TXN-13950,West,Fitness,5,181.97,17,2025-05-06
TXN-13951,North,Electronics,12,344.46,22,2025-03-20
TXN-13952,North,Books,6,12.18,29,2025-03-31
TXN-13953,South,Electronics,14,134.76,24,2025-05-03
TXN-13954,South,Electronics,15,502.93,17,2025-05-29
TXN-13955,East,Electronics,10,26.06,28,2025-04-23
TXN-13956,North,Fitness,16,325.46,29,2025-03-18
TXN-13957,North,Books,5,407.53,2,2025-06-01
TXN-13958,East,Groceries,7,193.32,6,2025-04-27
TXN-13959,East,Fitness,-5,370.37,1,2025-05-21
TXN-13960,West,Home & Kitchen,8,230.90,15,2025-03-29
TXN-13961,West,Groceries,8,17.02,9,2025-04-15
TXN-13962,West,Fitness,12,183.65,9,2025-04-07
TXN-13963,West,Groceries,17,407.96,23,2025-04-14
TXN-13964,West,Books,15,264.46,7,2025-04-18
TXN-13965,South,Fitness,5,141.93,25,2025-03-22
TXN-13966,North,Apparel,7,194.08,24,2025-04-26
TXN-13967,North,Groceries,17,INVALID_PRICE,0,2025-05-30
TXN-13968,East,Fitness,6,407.50,6,2025-04-17
TXN-13969,West,Fitness,4,318.99,26,2025-05-17
TXN-13970,East,Groceries,3,220.80,11,2025-03-22
TXN-13971,North,Home & Kitchen,16,45.64,20,2025-04-07
TXN-13972,South,Groceries,12,376.30,0,2025-03-11
TXN-13973,South,Groceries,1,7.88,10,2025-04-14
TXN-13974,West,Electronics,8,90.60,9,2025-05-27
TXN-13975,North,Groceries,20,472.13,23,2025-04-29
TXN-13976,North,Groceries,8,31.27,10,2025-04-07
TXN-13977,East,Groceries,10,137.86,21,2025-05-24
TXN-13978,North,Apparel,2,316.42,7,2025-04-20
TXN-13979,West,Groceries,16,309.94,21,2025-05-20
TXN-13980,West,Home & Kitchen,1,257.87,28,2025-03-31
TXN-13981,East,Home & Kitchen,7,354.45,23,2025-04-25
TXN-13982,North,Books,7,115.09,0,2025-03-11
TXN-13983,East,Home & Kitchen,9,495.83,19,2025-05-28
TXN-13984,East,Fitness,8,132.59,3,2025-04-08
TXN-13985,East,Books,13,476.53,12,2025-04-30
TXN-13986,South,Home & Kitchen,10,397.69,1,2025-04-27
TXN-13987,North,Electronics,10,423.41,24,2025-05-09
TXN-13988,West,Books,11,208.56,26,2025-04-29
TXN-13989,East,Apparel,1,8.39,27,2025-03-13
TXN-13990,North,Groceries,10,222.12,13,2025-03-13
TXN-13991,West,Home & Kitchen,7,327.09,4,2099-12-31
TXN-13992,East,Groceries,11,240.35,13,2025-04-28
TXN-13993,North,Groceries,12,316.83,6,2025-03-19
TXN-13994,South,Books,8,38.42,26,2025-05-27
TXN-13995,West,Apparel,1,267.90,10,2025-05-03
TXN-13996,West,Apparel,8,383.15,18,2025-04-02
TXN-13997,South,Apparel,6,292.51,23,2025-03-14
TXN-13998,West,Electronics,1,81.84,21,2025-05-09
TXN-13999,West,Groceries,13,237.33,15,2025-05-08
TXN-14000,West,Groceries,9,423.37,12,2025-04-30
TXN-14001,West,Electronics,20,76.34,9,2025-03-24
TXN-14002,East,Apparel,12,308.48,16,2025-04-23
TXN-14003,South,Electronics,15,232.88,2,2025-06-01
TXN-14004,South,Apparel,10,183.50,20,2025-05-18
TXN-14005,West,Fitness,18,439.17,8,2025-04-27
TXN-14006,South,Home & Kitchen,11,358.77,27,2025-05-22
TXN-14007,West,Electronics,4,329.78,3,2025-03-12
TXN-14008,North,Books,10,24.53,9,2025-04-23
TXN-12875,South,Electronics,7,262.34,13,2025-05-05
TXN-14010,South,Groceries,14,392.65,19,2025-03-04
TXN-14011,South,Groceries,19,470.58,17,2025-03-07
TXN-14012,West,Books,12,246.51,3,2025-05-12
TXN-14013,North,Home & Kitchen,17,453.57,2,2025-03-22
TXN-14014,West,Fitness,7,228.80,14,2025-04-19
TXN-14015,South,Home & Kitchen,9,479.95,20,2025-03-28
TXN-14016,West,Electronics,5,140.29,5,2025-03-16
TXN-14017,North,Groceries,4,41.50,9,2025-04-26
TXN-14018,East,Groceries,14,454.00,8,2025-04-24
TXN-14019,West,Groceries,8,143.75,9,2025-05-12
TXN-14020,West,Fitness,1,426.62,12,2025-05-30
TXN-14021,East,Home & Kitchen,18,263.11,27,2025-05-15
TXN-14022,North,Groceries,3,346.80,13,2025-05-06
TXN-14023,West,Groceries,6,185.30,18,2025-04-21
TXN-14024,South,Groceries,14,234.87,11,2025-04-29
TXN-14025,North,Fitness,2,450.82,11,2025-03-17
TXN-14026,North,Groceries,10,463.36,24,2025-05-15
TXN-14027,South,Apparel,12,389.88,10,2025-05-28
TXN-14028,East,Apparel,10,62.51,22,2025-05-02
TXN-14029,North,Books,9,119.11,20,2025-03-12
TXN-14030,West,Home & Kitchen,3,117.15,6,2025-04-20
TXN-14031,North,Electronics,11,493.52,24,2025-05-08
TXN-14032,East,Groceries,12,411.05,10,2025-05-23
TXN-14033,West,Electronics,9,380.14,3,2025-03-13
TXN-14034,West,Home & Kitchen,15,235.71,4,2025-04-15
TXN-14035,North,Apparel,18,473.31,22,2025-05-14
TXN-12176,East,Electronics,17,8.58,23,2025-04-14
TXN-14037,North,Books,2,48.42,4,2025-03-15
TXN-14038,South,Apparel,7,481.18,26,2025-04-14
TXN-14039,East,Apparel,9,352.59,17,2025-04-24
TXN-14040,West,Home & Kitchen,13,215.41,17,2025-03-29
TXN-14041,North,Fitness,6,453.59,19,2025-04-10
TXN-14042,West,Electronics,6,78.66,10,2025-05-23
TXN-14043,South,Electronics,9,229.36,30,2025-05-29
TXN-14044,South,Groceries,15,10.47,19,2025-04-16
TXN-14045,South,Books,16,343.41,26,2025-03-26
TXN-14046,West,Fitness,17,280.36,17,2025-05-21
TXN-14047,South,Electronics,20,329.79,14,2025-05-16
TXN-14048,South,Home & Kitchen,19,391.54,10,2025-03-07
TXN-14049,East,Electronics,4,89.35,7,2025-05-21
TXN-14050,North,Groceries,13,83.92,24,2025-03-16
TXN-14051,East,Books,17,13.21,17,2025-03-05
TXN-14052,East,Fitness,4,157.29,12,2025-04-18
TXN-14053,East,Fitness,18,214.09,23,2025-03-04
TXN-14054,North,Fitness,12,449.69,23,2025-03-23
TXN-14055,South,Books,19,172.30,5,2025-04-25
TXN-14056,West,Home & Kitchen,13,451.83,20,2025-05-26
TXN-14057,North,Electronics,2,338.17,25,2025-05-05
TXN-14058,North,Fitness,19,388.89,27,2025-04-05
TXN-14059,West,Apparel,12,226.42,5,2025-03-25
TXN-14060,West,Fitness,10,290.82,3,2025-05-01
TXN-14061,South,Electronics,5,83.82,28,2025-05-22
TXN-14062,North,Electronics,20,200.49,29,2025-03-31
TXN-14063,South,Fitness,15,144.36,10,2025-05-03
TXN-14064,South,Fitness,10,378.47,1,2025-04-06
TXN-14065,South,Apparel,20,471.19,4,2025-04-23
TXN-14066,North,Apparel,11,39.80,10,2025-03-17
TXN-14067,South,Home & Kitchen,4,448.46,12,2025-03-06
TXN-14068,South,Books,8,330.07,29,2025-04-13
TXN-14069,East,Home & Kitchen,10,397.95,29,2025-03-10
TXN-14070,West,Fitness,2,353.29,28,2025-04-17
TXN-14071,South,Apparel,11,136.54,19,2025-05-27
TXN-14072,North,Electronics,16,59.73,1,2025-05-08
TXN-14073,East,Groceries,16,6.02,18,2025-04-11
TXN-14074,East,Electronics,5,330.22,18,2025-04-17
TXN-14075,West,Groceries,14,15.55,0,2025-04-21
TXN-14076,South,Home & Kitchen,11,119.93,8,2025-04-06
TXN-14077,South,Groceries,20,261.57,6,2025-05-14
TXN-14078,West,Fitness,18,163.47,16,2025-04-27
TXN-14079,East,Fitness,7,117.05,19,2025-05-15
TXN-14080,North,Electronics,9,403.25,21,2025-05-26
TXN-14081,South,Home & Kitchen,10,356.66,26,2025-03-04
TXN-14082,North,Electronics,2,421.20,18,2025-03-16
TXN-14083,South,Groceries,11,286.49,26,2025-04-02
TXN-14084,South,Apparel,17,427.84,7,2025-05-21
TXN-14085,East,Electronics,7,50.30,26,2025-03-24
TXN-14086,North,Home & Kitchen,2,61.57,5,2025-03-06
TXN-14087,West,Groceries,6,73.55,28,2025-04-20
TXN-14088,North,Fitness,1,393.98,28,2025-03-07
TXN-14089,South,Fitness,16,44.51,8,2025-06-01
TXN-14090,West,Apparel,1,499.60,12,2025-03-26
TXN-14091,West,Groceries,17,457.43,27,2025-05-11
TXN-14092,West,Apparel,6,195.93,0,2025-03-06
TXN-14093,East,Books,17,38.02,19,2025-04-24
TXN-14094,East,Fitness,12,157.75,21,2025-05-08
TXN-14095,West,Electronics,14,251.44,15,2025-04-30
TXN-14096,East,Books,8,13.93,27,2025-03-29
TXN-14097,East,Electronics,14,363.83,2,2025-04-04
TXN-14098,North,Fitness,17,63.13,26,2025-05-12
TXN-14099,South,Apparel,-3,58.21,2,2025-03-23
TXN-10754,North,Electronics,15,65.20,17,2025-05-02
TXN-14101,South,Electronics,6,82.28,17,2025-05-18
TXN-14102,East,Books,2,21.37,23,2025-05-02
TXN-14103,South,Fitness,14,279.74,19,2025-04-02
TXN-14104,South,Groceries,17,367.43,26,2025-05-31
TXN-14105,East,Fitness,4,54.76,8,2025-03-10
TXN-14106,East,Apparel,19,167.15,29,2025-04-10
TXN-14107,South,Apparel,5,205.06,0,2025-04-23
TXN-14108,West,Electronics,13,452.95,7,2025-04-03
TXN-14109,West,Groceries,5,130.20,6,2025-04-09
TXN-14110,West,Fitness,9,13.26,23,2025-04-16
TXN-14111,West,Fitness,15,361.25,5,2025-03-14
TXN-14112,West,Electronics,12,78.34,2,2025-05-01
TXN-14113,East,Books,2,200.99,14,2025-03-10
TXN-14114,East,Apparel,4,452.80,11,2025-04-15
TXN-14115,West,Groceries,9,347.88,4,2025-04-25
TXN-14116,North,Fitness,12,360.64,8,2025-04-04
TXN-14117,South,Apparel,18,188.52,5,2025-05-07
TXN-14118,West,Fitness,15,496.25,28,2025-03-09
TXN-14119,West,Home & Kitchen,17,430.24,4,2025-03-20
TXN-14120,East,Home & Kitchen,15,354.87,7,2025-05-22
TXN-14121,West,Electronics,18,166.88,10,2025-03-09
TXN-14122,South,Apparel,13,281.91,18,2025-04-30
TXN-14123,East,Home & Kitchen,15,418.39,7,2025-03-11
TXN-14124,North,Apparel,18,16.28,10,2025-04-21
TXN-14125,South,Electronics,12,492.65,8,2025-05-08
TXN-14126,South,Groceries,19,161.41,0,2025-05-02
TXN-14127,East,Books,10,261.21,7,2025-05-11
TXN-14128,West,Groceries,20,498.79,21,2025-04-03
TXN-14129,West,Home & Kitchen,13,337.70,29,2025-05-21
TXN-10672,North,Apparel,5,430.29,22,2025-04-27
TXN-14131,North,Apparel,14,169.59,17,2025-05-06
TXN-14132,West,Home & Kitchen,11,183.76,22,2025-05-06
TXN-14133,South,Books,8,253.06,5,2025-04-21
TXN-14134,East,Electronics,7,183.33,10,2025-04-18
TXN-14135,West,Fitness,15,277.46,11,2025-03-09
TXN-14136,West,Electronics,17,373.07,29,2025-04-06
TXN-14137,West,Groceries,16,98.28,23,2025-03-09
TXN-14138,West,Groceries,15,106.80,14,2025-04-15
TXN-14139,South,Home & Kitchen,4,141.17,13,2025-05-11
TXN-14140,South,Home & Kitchen,1,52.65,4,2025-05-13
TXN-14141,East,Fitness,18,395.97,17,2099-12-31
TXN-14142,South,Apparel,18,205.64,30,2025-04-20
TXN-14143,East,Apparel,16,428.01,26,2025-04-14
TXN-14144,North,Groceries,20,193.66,4,2025-05-07
TXN-14145,West,Books,2,187.51,30,2025-05-06
TXN-14146,East,Electronics,1,307.44,12,2025-05-04
TXN-14147,South,Fitness,2,415.93,18,2025-04-14
TXN-14148,West,Groceries,14,98.09,28,2025-03-09
TXN-14149,East,Home & Kitchen,2,488.28,13,2025-03-05
TXN-14150,North,Books,11,365.30,21,2025-04-21
TXN-14151,South,Electronics,18,334.71,22,2025-05-10
TXN-14152,South,Home & Kitchen,2,420.08,14,2025-03-27
TXN-14153,West,Home & Kitchen,20,19.49,2,2025-03-13
TXN-14154,West,Fitness,7,11.65,27,2025-04-13
TXN-14155,North,Electronics,7,INVALID_PRICE,15,2025-03-17
TXN-14156,East,Electronics,20,372.51,18,2025-04-07
TXN-14157,South,Fitness,9,268.83,17,2025-05-14
TXN-14158,North,Electronics,11,196.82,26,2025-03-23
TXN-14159,South,Electronics,18,204.60,1,2025-05-13
TXN-14160,East,Groceries,3,INVALID_PRICE,19,2025-04-17
TXN-14161,West,Books,3,65.40,27,2025-04-12
TXN-14162,West,Fitness,14,341.64,18,2025-05-01
TXN-14163,North,Electronics,18,471.23,21,2025-03-17
TXN-14164,South,Electronics,11,273.74,26,2025-03-31
TXN-14165,West,Books,7,69.47,28,2025-05-29
TXN-14166,North,Books,4,313.65,7,2025-04-12
TXN-14167,South,Apparel,2,494.30,25,2025-03-22
TXN-14168,South,Home & Kitchen,18,444.17,27,2025-05-18
TXN-14169,East,Apparel,3,29.68,0,2025-05-02
TXN-14170,North,Groceries,20,128.15,23,2025-05-17
TXN-14171,North,Groceries,14,437.23,13,2025-04-04
TXN-14172,South,Fitness,16,156.05,22,2025-03-16
TXN-14173,West,Home & Kitchen,5,191.97,20,2025-05-11
TXN-14174,East,Home & Kitchen,13,85.48,20,2025-05-24
TXN-14175,South,Fitness,9,233.14,14,2025-05-27
TXN-14176,North,Books,18,57.27,23,2099-12-31
TXN-14177,West,Apparel,17,439.18,4,2025-04-30
TXN-14178,South,Home & Kitchen,9,413.09,15,2025-03-31
TXN-14179,North,Electronics,12,301.71,5,2025-05-17
TXN-14180,South,Groceries,15,116.46,8,2025-05-03
TXN-14181,North,Fitness,5,134.20,21,2025-04-22
TXN-14182,South,Fitness,3,158.85,22,2025-05-13
TXN-14183,South,Home & Kitchen,7,163.40,13,2025-04-11
TXN-14184,South,Apparel,1,206.55,24,2025-03-13
TXN-14185,South,Books,4,80.59,6,2025-05-04
TXN-14186,East,Groceries,17,454.48,25,2025-04-20
TXN-14187,East,Fitness,16,421.97,22,2025-04-04
TXN-14188,West,Apparel,15,219.36,16,2025-04-02
TXN-14189,West,Groceries,5,294.76,15,2025-03-20
TXN-14190,West,Groceries,14,122.11,26,2025-05-11
TXN-14191,South,Home & Kitchen,7,454.29,25,2025-05-27
TXN-14192,South,Fitness,12,473.54,25,2025-05-03
TXN-14193,South,Groceries,6,451.51,7,2025-03-21
TXN-14194,South,Groceries,8,65.09,15,2025-05-15
TXN-14195,North,Apparel,10,338.00,8,2025-03-12
TXN-14196,East,Apparel,4,227.10,16,2025-04-14
TXN-14197,East,Electronics,1,97.40,29,2025-05-14
TXN-14198,South,Books,12,274.18,6,2025-04-06
TXN-14199,West,Home & Kitchen,8,308.30,8,2025-05-06
TXN-14200,East,Groceries,4,93.51,24,2025-03-29
TXN-14201,East,Apparel,15,127.63,10,2025-05-14
TXN-14202,East,Books,7,36.48,19,2025-04-21
TXN-14203,West,Home & Kitchen,1,338.31,10,2025-03-05
TXN-14204,North,Fitness,8,409.19,6,2025-05-10
TXN-14205,East,Apparel,15,125.53,7,2025-03-28
TXN-14206,West,Groceries,4,39.39,6,2025-05-27
TXN-14207,North,Books,9,29.22,12,2025-03-14
TXN-14208,East,Home & Kitchen,17,405.64,1,2025-03-10
TXN-14209,West,Fitness,17,212.14,27,2025-04-04
TXN-14210,South,Books,2,108.24,9,2025-04-18
TXN-14211,North,Groceries,5,235.65,12,2025-04-27
TXN-14212,South,Groceries,10,259.69,24,2025-05-11
TXN-14213,East,Fitness,20,69.27,11,2025-03-23
TXN-14214,West,Electronics,14,312.39,0,2025-05-31
TXN-14215,East,Electronics,18,262.65,30,2025-03-24
TXN-14216,East,Apparel,15,321.02,13,2025-05-22
TXN-14217,North,Fitness,8,119.48,6,2025-03-24
TXN-14218,West,Groceries,6,478.88,7,2025-05-21
TXN-14219,South,Fitness,7,19.21,28,2025-03-20
TXN-14220,South,Fitness,19,232.57,25,2025-03-25
TXN-14221,East,Fitness,3,180.67,19,2025-04-01
TXN-14222,South,Fitness,11,408.63,6,2025-04-02
TXN-14223,North,Electronics,18,395.08,14,2025-04-07
TXN-14224,North,Groceries,13,294.18,5,2025-04-29
TXN-14225,South,Groceries,8,491.16,3,2025-03-15
TXN-14226,South,Fitness,18,164.64,4,2025-04-16
TXN-14227,South,Groceries,13,404.70,10,2025-03-19
TXN-14228,South,Books,6,108.20,3,2025-05-01
TXN-14229,East,Electronics,2,435.70,19,2025-05-24
TXN-14230,East,Groceries,5,236.52,21,2025-05-19
TXN-14231,North,Books,7,492.43,3,2025-03-11
TXN-14232,West,Groceries,20,147.94,10,2025-03-15
TXN-14233,West,Fitness,11,386.33,14,2025-04-13
TXN-14234,East,Apparel,20,169.71,22,2025-05-18
TXN-14235,West,Home & Kitchen,14,291.20,8,2025-03-13
TXN-12138,South,Fitness,16,452.11,7,2025-05-01
TXN-14237,South,Groceries,15,360.48,21,2025-05-26
TXN-14238,East,Fitness,18,338.02,9,2025-05-21
TXN-14239,North,Home & Kitchen,19,496.96,11,2025-05-28
TXN-14240,South,Books,8,78.50,0,2025-03-25
TXN-14241,South,Groceries,8,50.49,18,2025-03-15
TXN-14242,North,Books,7,157.80,30,2025-05-21
TXN-14243,South,Groceries,11,488.78,7,2025-05-03
TXN-14244,West,Fitness,13,315.20,22,2025-03-04
TXN-14245,West,Groceries,17,8.00,15,2025-03-05
TXN-14246,South,Fitness,16,22.85,8,2025-05-07
TXN-14247,East,Home & Kitchen,20,200.76,27,2025-05-16
TXN-14248,North,Home & Kitchen,20,371.07,10,2025-03-27
TXN-14249,East,Groceries,9,173.37,28,2099-12-31
TXN-14250,South,Apparel,2,267.83,13,2025-05-31
TXN-14251,South,Home & Kitchen,17,303.48,14,2025-05-31
TXN-14252,West,Fitness,2,395.03,20,2025-05-17
TXN-14253,South,Books,19,119.46,30,2025-03-23
TXN-14254,West,Home & Kitchen,19,272.86,19,2025-04-23
TXN-14255,South,Fitness,4,309.12,11,2025-05-30
TXN-14256,West,Home & Kitchen,16,394.36,7,2025-05-15
TXN-14257,North,Apparel,16,457.33,21,2025-03-05
TXN-14258,South,Electronics,12,282.30,22,2025-05-18
TXN-14259,West,Apparel,5,236.89,19,2025-05-23
TXN-14260,North,Home & Kitchen,8,69.58,29,2025-03-31
TXN-14261,West,Books,20,326.03,20,2025-03-13
TXN-14262,South,Apparel,11,443.36,20,2025-03-24
TXN-14263,West,Books,2,266.42,29,2025-03-21
TXN-14264,West,Groceries,12,396.61,11,2025-04-03
TXN-14265,South,Apparel,9,398.25,16,2025-04-08
TXN-14266,East,Fitness,1,396.36,23,2025-03-23
TXN-14267,North,Electronics,19,227.74,16,2025-04-12
TXN-14268,West,Fitness,2,237.81,28,2025-05-24
TXN-14269,South,Fitness,7,156.57,17,2025-03-04
TXN-14270,South,Home & Kitchen,4,174.98,26,2025-05-18
TXN-14271,East,Home & Kitchen,3,8.69,26,2025-05-29
TXN-14272,North,Books,7,47.17,4,2025-05-19
TXN-14273,East,Apparel,7,225.92,14,2025-03-27
TXN-14274,South,Apparel,15,38.08,1,2025-03-28
TXN-14275,North,Apparel,15,252.94,5,2025-05-14
TXN-14276,North,Home & Kitchen,15,287.66,27,2025-03-26
TXN-14277,South,Home & Kitchen,13,341.76,22,2025-03-08
TXN-14278,West,Electronics,16,22.41,19,2025-03-30
TXN-14279,East,Groceries,4,437.41,13,2025-05-17
TXN-14280,South,Books,15,41.54,13,2025-04-19
TXN-14281,East,Fitness,20,157.64,23,2025-03-08
TXN-14282,North,Fitness,3,203.99,13,2025-03-30
TXN-14283,East,Apparel,1,33.58,21,2025-05-29
TXN-14284,South,Apparel,6,168.93,12,2025-03-11
TXN-14285,South,Fitness,18,165.98,18,2025-04-12
TXN-14286,West,Fitness,1,498.29,28,2025-05-25
TXN-14287,East,Apparel,14,497.46,18,2025-04-11
TXN-14288,West,Fitness,14,437.12,25,2025-04-08
TXN-14289,West,Apparel,4,468.37,4,2025-05-20
TXN-14290,East,Electronics,15,43.72,19,2025-03-21
TXN-14291,North,Home & Kitchen,20,218.50,20,2025-04-23
TXN-14292,South,Electronics,19,119.04,19,2025-04-15
TXN-14293,North,Books,8,499.56,27,2025-05-26
TXN-14294,East,Fitness,13,217.35,20,2025-03-05
TXN-14295,West,Fitness,2,124.34,1,2025-04-20
TXN-14296,South,Books,16,427.46,20,2025-04-08
TXN-14297,South,Books,17,478.81,16,2025-05-10
TXN-14298,North,Fitness,16,73.04,4,2025-04-08
TXN-14299,West,Home & Kitchen,11,28.14,22,2025-03-30
TXN-14300,West,Electronics,2,18.98,3,2025-03-16
TXN-14301,West,Fitness,14,29.69,23,2025-03-07
TXN-14302,South,Groceries,13,351.56,20,2025-03-25
TXN-14303,West,Groceries,12,71.89,0,2025-05-07
TXN-14304,South,Fitness,12,60.58,21,2025-03-27
TXN-14305,East,Electronics,6,197.87,7,2025-04-14
TXN-14306,South,Groceries,8,222.85,16,2025-04-08
TXN-14307,West,Groceries,4,213.36,26,2025-05-03
TXN-14308,East,Electronics,12,435.97,14,2025-03-27
TXN-14309,North,Fitness,17,173.24,25,2025-04-12
TXN-14310,South,Fitness,5,346.53,0,2025-03-23
TXN-14311,North,Home & Kitchen,4,319.58,9,2025-05-27
TXN-14312,East,Apparel,5,124.24,19,2025-04-20
TXN-14313,South,Electronics,14,103.23,4,2025-05-22
TXN-14314,South,Electronics,14,372.20,15,2025-05-03
TXN-14315,North,Apparel,14,479.31,22,2025-05-07
TXN-14316,South,Home & Kitchen,9,21.05,2,2025-03-28
TXN-14317,West,Fitness,9,28.65,17,2025-03-31
TXN-14318,South,Fitness,18,269.26,28,2025-04-26
TXN-14319,North,Fitness,14,30.23,27,2025-05-18
TXN-14320,East,Groceries,9,407.26,4,2025-05-12
TXN-14321,East,Electronics,10,179.14,0,2025-03-22
TXN-14322,South,Fitness,10,416.18,1,2025-05-22
TXN-14323,North,Groceries,15,353.90,5,2099-12-31
TXN-14324,East,Electronics,17,356.52,5,2025-05-27
TXN-14325,South,Electronics,11,372.21,29,2025-04-14
TXN-14326,North,Groceries,8,55.38,8,2025-04-20
TXN-14327,North,Apparel,2,135.14,7,2025-04-03
TXN-14328,South,Groceries,10,74.67,28,2025-04-24
TXN-14329,East,Fitness,8,254.83,6,2025-05-09
TXN-14330,North,Groceries,12,27.06,16,2025-05-24
TXN-14331,North,Books,16,398.07,15,2025-03-26
TXN-14332,East,Books,10,350.98,8,2025-03-23
TXN-14333,East,Groceries,4,414.83,19,2025-04-18
TXN-14334,East,Home & Kitchen,1,164.68,23,2025-05-08
TXN-14335,North,Electronics,19,273.56,0,2025-05-27
TXN-14336,North,Electronics,6,51.38,26,2025-05-04
TXN-14337,South,Electronics,12,241.34,23,2025-05-01
TXN-14338,North,Home & Kitchen,19,290.24,6,2025-04-10
TXN-14339,South,Books,4,75.12,150,2025-03-05
TXN-14340,North,Fitness,16,78.82,12,2025-05-17
TXN-14341,East,Apparel,15,152.36,21,2025-05-08
TXN-14342,West,Apparel,14,235.02,18,2025-03-29
TXN-14343,North,Groceries,18,98.44,7,2025-05-01
TXN-14344,North,Electronics,15,164.50,0,2025-05-28
TXN-14345,South,Books,9,43.06,21,2025-03-10
TXN-14346,South,Fitness,4,130.47,4,2025-05-16
TXN-14347,North,Books,4,444.96,18,2025-05-27
TXN-14348,East,Apparel,10,385.36,28,2025-05-07
TXN-14349,South,Electronics,19,114.21,17,2025-05-02
TXN-14350,West,Fitness,13,484.36,17,2025-05-07
TXN-14351,East,Home & Kitchen,3,117.84,2,2025-05-15
TXN-14352,East,Apparel,3,426.74,20,2025-05-26
TXN-10225,North,Fitness,9,412.73,22,2025-03-23
TXN-14354,East,Fitness,8,155.54,21,2025-04-10
TXN-14355,South,Books,16,271.82,22,2025-04-16
TXN-14356,South,Fitness,3,95.20,25,2025-03-31
TXN-14357,East,Books,14,242.90,5,2025-03-05
TXN-14358,North,Books,4,209.63,25,2025-03-15
TXN-14359,West,Groceries,14,231.07,14,2025-05-25
TXN-14360,South,Apparel,20,440.47,23,2025-06-01
TXN-14361,East,Electronics,8,297.26,25,2025-05-02
TXN-14362,East,Books,4,387.39,0,2025-03-23
TXN-14363,East,Books,8,274.72,21,2025-05-16
TXN-14364,West,Electronics,16,151.53,3,2025-03-17
TXN-14365,North,Groceries,12,437.45,27,2025-04-17
TXN-14366,North,Electronics,11,178.10,11,2025-03-06
TXN-14367,South,Groceries,2,62.30,2,2025-04-25
TXN-14368,West,Fitness,16,416.53,14,2025-03-11
TXN-14369,West,Books,9,224.40,23,2025-05-30
TXN-14370,West,Apparel,1,INVALID_PRICE,28,2025-04-02
TXN-14371,East,Home & Kitchen,18,338.28,1,2025-03-12
TXN-14372,West,Apparel,14,320.07,9,2025-04-08
TXN-11346,West,Home & Kitchen,17,459.93,22,2025-03-08
TXN-14374,East,Groceries,18,339.49,12,2025-04-07
TXN-14375,East,Groceries,5,108.55,1,2025-04-12
TXN-14376,East,Apparel,7,500.90,10,2025-04-29
TXN-14377,West,Electronics,11,166.31,21,2025-04-28
TXN-14378,North,Fitness,7,145.98,9,2025-03-23
TXN-14379,East,Electronics,1,477.37,2,2025-04-25
TXN-14380,West,Books,6,467.74,150,2025-06-01
TXN-14381,South,Electronics,5,336.25,21,2025-05-24
TXN-14382,North,Apparel,7,309.27,5,2025-03-17
TXN-14383,West,Apparel,15,181.92,11,2025-04-14
TXN-14384,South,Home & Kitchen,20,255.11,2,2025-04-14
TXN-14385,East,Groceries,3,383.26,7,2025-04-07
TXN-14386,North,Apparel,15,189.85,3,2025-03-11
TXN-14387,South,Books,19,413.78,7,2025-03-28
TXN-14388,North,Fitness,18,52.29,26,2025-05-13
TXN-14389,West,Home & Kitchen,7,61.27,6,2025-03-20
TXN-14390,West,Groceries,17,290.09,3,2025-05-10
TXN-14391,East,Groceries,9,99.41,15,2025-03-07
TXN-14392,South,Books,12,408.34,6,2025-03-24
TXN-14393,East,Electronics,2,77.79,150,2025-05-18
TXN-14394,South,Books,3,29.36,29,2025-04-25
TXN-14395,South,Groceries,5,496.53,11,2025-05-12
TXN-14396,South,Home & Kitchen,18,292.64,1,2025-05-21
TXN-14397,West,Books,3,262.28,5,2025-04-04
TXN-14398,South,Fitness,18,249.28,29,2025-03-14
TXN-14399,West,Electronics,17,149.35,26,2025-03-09
TXN-14400,North,Electronics,6,391.65,16,2025-03-08
TXN-14401,South,Groceries,16,438.93,5,2025-05-24
TXN-14402,East,Electronics,11,268.67,2,2025-04-10
TXN-14403,South,Home & Kitchen,1,430.71,24,2025-05-28
TXN-14404,South,Books,14,255.11,29,2025-03-20
TXN-14405,East,Home & Kitchen,11,120.50,17,2025-03-15
TXN-14406,North,Groceries,1,231.53,13,2025-04-13
TXN-14407,South,Groceries,4,131.42,25,2025-04-17
TXN-14408,South,Fitness,5,413.30,0,2025-03-06
TXN-14409,East,Apparel,7,39.46,23,2025-04-19
TXN-14410,North,Groceries,6,181.85,1,2025-03-18
TXN-14411,North,Fitness,15,365.72,3,2025-05-22
TXN-14412,East,Home & Kitchen,9,42.63,11,2025-03-25
TXN-14413,West,Books,4,374.84,26,2025-03-24
TXN-14414,North,Home & Kitchen,8,440.42,14,2025-05-05
TXN-14415,East,Electronics,10,INVALID_PRICE,28,2025-03-08
TXN-14416,North,Groceries,20,374.50,1,2025-05-25
TXN-14417,South,Electronics,20,285.31,16,2025-04-05
TXN-14418,North,Fitness,12,344.93,11,2025-04-10
TXN-14419,South,Fitness,18,151.24,18,2025-05-28
TXN-14420,West,Groceries,9,190.94,150,2025-04-13
TXN-14421,West,Home & Kitchen,2,418.84,17,2025-04-11
TXN-14422,East,Books,15,310.00,10,2025-05-09
TXN-14423,East,Groceries,7,298.91,16,2025-03-28
TXN-14424,North,Groceries,19,361.33,6,2025-05-19
TXN-14425,East,Home & Kitchen,10,128.00,10,2025-05-25
TXN-14426,West,Fitness,17,198.19,9,2025-04-18
TXN-14427,South,Electronics,9,207.88,19,2025-03-08
TXN-14428,North,Apparel,7,444.78,25,2025-04-21
TXN-14429,South,Books,15,406.05,26,2025-04-08
TXN-14430,North,Home & Kitchen,18,236.87,24,2025-03-25
TXN-14431,East,Fitness,2,97.24,15,2025-06-01
TXN-14432,South,Groceries,7,237.95,17,2025-03-18
TXN-14433,North,Electronics,6,20.97,15,2025-03-19
TXN-14434,East,Groceries,20,130.55,10,2025-04-07
TXN-14435,West,Home & Kitchen,16,435.83,22,2025-04-08
TXN-14436,East,Books,7,492.90,16,2025-05-26
TXN-14437,West,Home & Kitchen,2,277.41,21,2025-05-01
TXN-14438,North,Books,20,495.29,3,2025-04-23
TXN-14439,East,Books,6,82.01,28,2025-03-22
TXN-14440,West,Groceries,6,132.49,9,2025-04-19
TXN-14441,North,Books,16,59.83,5,2025-03-17
TXN-14442,East,Groceries,-5,196.56,0,2025-06-01
TXN-14443,North,Apparel,7,23.00,11,2025-03-06
TXN-14444,North,Apparel,17,198.79,19,2025-04-18
TXN-14445,North,Home & Kitchen,6,75.57,20,2025-03-10
TXN-14446,South,Fitness,17,406.91,10,2025-05-27
TXN-14447,East,Home & Kitchen,6,154.92,5,2025-05-28
TXN-14448,North,Electronics,18,84.72,9,2025-03-21
TXN-14449,South,Groceries,12,360.07,26,2025-03-09
TXN-14450,North,Books,2,294.30,14,2025-04-21
TXN-14451,South,Home & Kitchen,19,420.07,16,2025-05-04
TXN-14452,North,Home & Kitchen,1,425.48,19,2025-05-09
TXN-14453,North,Home & Kitchen,5,139.61,24,2025-04-16
TXN-14454,East,Groceries,11,450.96,24,2025-03-06
TXN-14455,North,Apparel,7,429.56,26,2025-06-01
TXN-14456,South,Apparel,2,166.80,10,2025-03-15
TXN-14457,East,Fitness,18,115.69,28,2025-03-13
TXN-14458,South,Books,14,83.76,14,2025-05-06
TXN-14459,North,Books,7,66.66,5,2025-04-02
TXN-14460,North,Fitness,20,84.52,11,2025-05-19
TXN-14461,South,Fitness,11,10.88,17,2025-04-18
TXN-14462,East,Home & Kitchen,11,469.62,23,2025-05-20
TXN-14463,South,Books,1,366.22,13,2025-04-04
TXN-14464,North,Electronics,4,142.28,20,2025-04-02
TXN-14465,North,Fitness,14,146.57,26,2025-04-11
TXN-14466,South,Electronics,14,334.53,5,2025-05-26
TXN-14467,South,Books,11,239.92,26,2025-03-31
TXN-14468,West,Fitness,15,139.94,4,2025-03-04
TXN-14469,West,Groceries,12,56.04,22,2025-05-26
TXN-14470,West,Books,5,INVALID_PRICE,3,2025-03-05
TXN-14471,East,Home & Kitchen,15,432.44,6,2025-04-05
TXN-14472,West,Electronics,20,152.34,10,2025-04-14
TXN-14473,South,Home & Kitchen,4,35.16,6,2025-05-21
TXN-14474,North,Groceries,3,240.26,6,2025-03-10
TXN-14475,West,Books,13,40.36,23,2025-03-21
TXN-14476,East,Books,14,6.78,7,2025-04-17
TXN-14477,West,Apparel,20,328.77,10,2025-05-29
TXN-14478,South,Groceries,3,289.45,21,2025-04-20
TXN-14479,South,Fitness,8,45.87,9,2025-05-09
TXN-14480,West,Fitness,9,INVALID_PRICE,1,2025-04-16
TXN-14481,East,Fitness,7,223.16,25,2025-03-08
TXN-14482,West,Groceries,2,59.75,14,2025-03-17
TXN-14483,North,Fitness,6,396.87,28,2025-03-19
TXN-14484,West,Fitness,6,100.30,27,2025-05-02
TXN-14485,East,Home & Kitchen,20,190.27,6,2025-04-05
TXN-14486,West,Home & Kitchen,3,253.21,8,2025-03-21
TXN-14487,North,Books,5,40.20,7,2025-03-24
TXN-14488,South,Electronics,2,333.01,29,2025-04-05
TXN-14489,East,Fitness,18,503.34,16,2025-04-25
TXN-14490,East,Electronics,1,365.05,18,2025-03-12
TXN-14491,East,Books,13,373.35,11,2025-03-15
TXN-14492,South,Groceries,7,315.20,27,2025-04-19
TXN-14493,West,Apparel,15,87.00,27,2025-04-12
TXN-14494,North,Apparel,19,253.35,29,2025-03-22
TXN-14495,North,Groceries,18,204.94,25,2025-05-02
TXN-14496,South,Electronics,16,360.27,14,2025-05-07
TXN-14497,West,Fitness,15,462.79,1,2025-05-20
TXN-14498,South,Electronics,6,125.81,4,2025-04-19
TXN-14499,West,Fitness,12,20.77,20,2025-05-04
TXN-14500,West,Books,14,59.12,18,2025-03-26
TXN-14501,West,Fitness,20,463.55,6,2025-04-02
TXN-14502,North,Home & Kitchen,7,58.87,30,2025-03-16
TXN-14503,North,Groceries,17,28.77,10,2025-05-23
TXN-14504,East,Books,20,497.91,28,2025-05-22
TXN-14505,North,Books,8,222.95,13,2025-05-09
TXN-14405,West,Books,8,207.69,8,2025-03-19
TXN-14507,North,Groceries,5,327.06,15,2025-05-26
TXN-14508,North,Fitness,13,221.82,16,2025-05-16
TXN-14509,South,Fitness,16,427.19,14,2025-04-16
TXN-14510,East,Apparel,20,369.72,29,2025-03-23
TXN-14511,South,Apparel,17,270.17,2,2025-04-20
TXN-14512,East,Groceries,5,301.83,9,2025-05-12
TXN-14513,West,Electronics,1,230.94,13,2025-05-07
TXN-14514,North,Books,9,282.63,19,2025-03-08
TXN-14515,North,Apparel,11,432.06,21,2025-03-28
TXN-14516,South,Books,15,59.69,25,2025-05-17
TXN-14517,South,Groceries,19,53.43,28,2025-05-25
TXN-14518,East,Apparel,12,321.70,7,2025-03-14
TXN-14519,East,Home & Kitchen,2,72.89,4,2025-05-16
TXN-14520,South,Fitness,19,209.26,20,2025-03-04
TXN-14521,East,Fitness,2,414.15,29,2025-04-02
TXN-14522,West,Fitness,5,19.72,27,2025-05-04
TXN-14523,North,Groceries,4,113.16,7,2025-05-14
TXN-14524,East,Electronics,2,127.91,24,2025-03-08
TXN-14525,North,Apparel,7,501.45,19,2025-05-20
TXN-14526,North,Apparel,14,282.17,17,2025-03-16
TXN-14527,West,Home & Kitchen,13,83.54,10,2025-05-02
TXN-14528,South,Groceries,5,203.17,23,2025-05-25
TXN-10136,West,Groceries,6,90.25,8,2025-03-14
TXN-14530,South,Home & Kitchen,19,319.72,17,2025-05-08
TXN-14531,East,Electronics,18,344.23,9,2025-05-20
TXN-14532,South,Apparel,13,77.87,6,2025-04-22
TXN-14533,South,Fitness,13,279.91,19,2025-03-30
TXN-14534,South,Apparel,4,110.92,13,2025-04-09
TXN-14535,South,Books,16,296.31,24,2025-03-29
TXN-14536,West,Home & Kitchen,6,277.47,6,2025-04-06
TXN-14537,North,Electronics,13,161.05,13,2025-04-11
TXN-14538,North,Apparel,7,191.82,17,2025-04-12
TXN-14539,West,Electronics,3,276.11,26,2025-04-16
TXN-14540,West,Electronics,1,213.16,26,2025-03-23
TXN-14541,South,Apparel,6,246.91,12,2025-04-05
TXN-14542,South,Electronics,14,129.14,15,2025-05-09
TXN-14543,West,Home & Kitchen,15,155.81,21,2025-05-28
TXN-14544,East,Groceries,19,343.97,10,2025-04-21
TXN-14545,North,Electronics,15,121.66,150,2025-04-23
TXN-14546,South,Groceries,4,121.82,23,2025-03-30
TXN-14547,South,Apparel,15,127.56,5,2025-03-23
TXN-14548,East,Fitness,7,312.05,29,2025-03-18
TXN-14549,East,Books,18,430.14,14,2025-03-11
TXN-14550,South,Groceries,14,113.85,7,2025-05-31
TXN-14551,West,Fitness,13,161.10,17,2025-04-23
TXN-14552,West,Groceries,18,402.84,12,2025-04-21
TXN-14553,South,Electronics,9,463.68,15,2025-04-20
TXN-14554,North,Apparel,15,280.65,8,2025-04-14
TXN-14555,North,Electronics,12,256.33,15,2025-05-12
TXN-14556,South,Electronics,7,116.11,28,2025-03-30
TXN-14557,West,Apparel,5,301.46,13,2025-03-14
TXN-14558,North,Fitness,10,183.90,20,2025-04-07
TXN-14559,East,Fitness,15,363.33,16,2025-03-06
TXN-11510,South,Home & Kitchen,1,342.50,23,2025-04-20
TXN-14001,North,Home & Kitchen,6,181.11,16,2025-05-31
TXN-14562,East,Books,16,77.74,26,2025-04-05
TXN-14563,East,Home & Kitchen,14,213.05,12,2025-04-13
TXN-14564,South,Apparel,15,427.58,12,2025-05-19
TXN-14565,North,Fitness,6,360.86,29,2025-04-08
TXN-10502,East,Home & Kitchen,1,162.94,6,2025-05-05
TXN-14567,West,Fitness,3,361.07,26,2025-05-13
TXN-14568,South,Electronics,2,249.53,8,2025-05-05
TXN-14569,West,Groceries,7,35.39,26,2025-04-24
TXN-14570,South,Fitness,19,302.88,18,2025-05-07
TXN-14571,East,Home & Kitchen,7,499.62,17,2025-04-29
TXN-14572,West,Home & Kitchen,6,232.70,26,2025-05-20
TXN-14573,West,Apparel,8,102.23,12,2025-05-26
TXN-14574,East,Apparel,-4,483.96,18,2025-03-11
TXN-14575,South,Apparel,2,7.50,8,2025-05-18
TXN-14576,East,Home & Kitchen,11,229.91,3,2025-03-24
TXN-14577,West,Apparel,14,267.77,17,2025-04-08
TXN-14578,North,Electronics,4,285.43,9,2025-03-31
TXN-14579,North,Home & Kitchen,14,457.30,7,2025-05-09
TXN-14580,North,Electronics,16,430.56,13,2025-04-07
TXN-14581,West,Fitness,6,372.72,11,2025-04-26
TXN-14582,East,Apparel,3,99.76,7,2025-04-21
TXN-14583,West,Groceries,1,101.37,24,2025-04-05
TXN-14584,South,Groceries,7,145.73,3,2025-04-06
TXN-14585,South,Fitness,12,189.20,6,2025-05-03
TXN-14586,North,Apparel,2,51.21,12,2025-05-16
TXN-14587,South,Apparel,1,99.50,14,2025-04-22
TXN-14588,West,Electronics,10,459.50,10,2025-03-25
TXN-14589,South,Electronics,7,496.17,22,2025-04-20
TXN-14590,South,Apparel,10,143.07,10,2025-05-30
TXN-14591,West,Home & Kitchen,9,503.91,22,2025-05-05
TXN-14592,East,Apparel,16,357.06,23,2025-04-24
TXN-14593,South,Electronics,6,464.53,15,2025-05-08
TXN-14594,South,Groceries,19,11.00,6,2025-04-28
TXN-14595,East,Fitness,9,420.26,6,2025-03-24
TXN-14596,East,Books,13,504.60,26,2025-05-24
TXN-14597,North,Electronics,11,30.91,18,2025-05-23
TXN-14598,East,Groceries,3,324.59,22,2025-05-13
TXN-14599,North,Fitness,4,169.71,11,2025-03-09
TXN-14600,South,Apparel,12,183.19,29,2099-12-31
TXN-14601,West,Electronics,8,39.32,11,2025-03-08
TXN-14602,West,Home & Kitchen,5,448.79,27,2025-03-14
TXN-14603,South,Books,4,398.50,19,2025-05-06
TXN-14604,West,Books,8,298.32,0,2025-03-17
TXN-14605,East,Home & Kitchen,19,6.96,27,2025-06-01
TXN-14606,South,Groceries,11,282.90,27,2025-04-13
TXN-14607,West,Home & Kitchen,15,352.09,27,2025-04-07
TXN-14608,South,Books,12,463.90,16,2025-04-30
TXN-14609,North,Electronics,6,166.63,11,2025-03-11
TXN-14610,East,Fitness,10,32.22,17,2025-03-10
TXN-14611,East,Apparel,13,497.86,9,2025-05-17
TXN-14612,South,Books,16,436.07,9,2025-05-30
TXN-14613,East,Groceries,1,460.62,1,2025-03-20
TXN-14614,West,Electronics,14,268.98,21,2025-03-14
TXN-14615,North,Groceries,20,210.56,11,2025-05-01
TXN-14616,West,Home & Kitchen,6,282.62,3,2025-03-31
TXN-14617,South,Groceries,11,496.70,23,2025-05-26
TXN-14618,East,Electronics,2,314.96,22,2025-03-28
TXN-14619,West,Books,18,7.12,26,2025-05-20
TXN-14620,South,Electronics,5,428.56,17,2025-03-04
TXN-14621,South,Electronics,15,448.25,5,2025-04-14
TXN-14622,North,Fitness,14,242.07,15,2025-03-30
TXN-14623,West,Fitness,9,155.99,19,2025-03-31
TXN-14624,West,Fitness,12,164.92,11,2025-05-12
TXN-14625,East,Fitness,19,306.39,8,2025-04-17
TXN-14626,South,Electronics,13,383.19,20,2025-04-04
TXN-14627,North,Home & Kitchen,13,280.52,16,2025-05-12
TXN-14628,North,Groceries,11,59.00,12,2025-03-19
TXN-14629,East,Books,9,443.64,30,2025-04-27
TXN-14630,North,Apparel,15,455.72,1,2025-05-28
TXN-14631,East,Apparel,13,436.30,18,2025-03-19
TXN-14632,West,Home & Kitchen,2,456.22,1,2025-05-12
TXN-14633,North,Apparel,15,335.44,14,2025-04-30
TXN-14634,South,Electronics,5,112.31,21,2025-05-07
TXN-14635,North,Apparel,11,433.36,6,2025-03-14
TXN-14636,East,Electronics,5,25.60,22,2025-04-08
TXN-14637,East,Apparel,5,212.98,29,2025-05-03
TXN-14638,North,Electronics,15,193.25,3,2025-03-12
TXN-14639,East,Electronics,7,17.22,18,2025-04-22
TXN-12610,West,Apparel,18,25.51,3,2025-06-01
TXN-14641,West,Fitness,13,149.01,6,2025-03-25
TXN-14642,South,Electronics,13,179.59,9,2025-05-22
TXN-14643,East,Books,3,159.59,13,2025-05-09
TXN-14644,South,Books,12,294.74,24,2025-04-05
TXN-14645,East,Groceries,16,149.16,1,2025-04-05
TXN-14646,East,Fitness,13,13.85,16,2025-04-07
TXN-14647,West,Groceries,5,112.75,25,2025-03-21
TXN-14648,East,Electronics,4,197.22,6,2025-03-23
TXN-14649,East,Apparel,16,50.32,22,2025-03-23
TXN-14650,North,Groceries,12,384.92,13,2025-04-13
TXN-14651,North,Electronics,20,61.50,25,2025-03-23
TXN-14652,South,Apparel,13,372.27,5,2025-04-04
TXN-14653,South,Books,11,144.37,3,2025-05-08
TXN-14654,West,Apparel,5,500.94,5,2025-04-09
TXN-14655,West,Electronics,8,298.36,24,2025-05-18
TXN-14656,South,Electronics,15,167.31,18,2025-05-31
TXN-14657,West,Electronics,16,425.55,7,2025-03-15
TXN-14658,North,Fitness,5,208.70,28,2025-05-29
TXN-14659,East,Groceries,2,88.18,150,2025-04-03
TXN-14660,West,Groceries,19,100.55,5,2025-05-07
TXN-14661,North,Apparel,13,168.07,16,2025-05-09
TXN-14662,South,Fitness,10,240.69,3,2025-03-18
TXN-14663,South,Books,8,109.31,20,2025-03-23
TXN-14664,North,Groceries,15,425.95,2,2025-03-28
TXN-14665,South,Electronics,6,233.67,18,2025-04-08
TXN-14666,South,Fitness,9,27.57,2,2025-05-08
TXN-14667,South,Home & Kitchen,5,241.48,27,2025-03-05
TXN-14668,West,Fitness,17,335.25,20,2025-04-30
TXN-14669,South,Books,11,136.43,0,2025-03-30
TXN-14670,North,Groceries,20,193.48,20,2025-05-27
TXN-14671,South,Apparel,11,30.05,4,2025-05-22
TXN-14672,West,Groceries,1,263.97,12,2025-06-01
TXN-14673,North,Fitness,6,14.87,150,2025-04-09
TXN-14674,East,Books,20,424.15,1,2025-05-03
TXN-14675,North,Electronics,11,317.13,3,2025-05-07
TXN-14676,West,Apparel,9,51.04,27,2025-05-07
TXN-14677,East,Home & Kitchen,7,188.70,25,2025-05-11
TXN-14678,East,Home & Kitchen,5,6.41,11,2025-04-06
TXN-14679,North,Electronics,14,21.96,2,2025-04-13
TXN-14680,East,Books,1,83.31,8,2025-05-12
TXN-14681,North,Groceries,9,288.58,6,2025-04-23
TXN-14682,North,Groceries,14,157.97,28,2025-04-02
TXN-14683,North,Home & Kitchen,12,249.16,20,2025-05-22
TXN-14684,West,Home & Kitchen,10,INVALID_PRICE,10,2025-05-02
TXN-14685,East,Home & Kitchen,9,477.97,23,2025-03-06
TXN-14686,East,Apparel,3,56.93,20,2025-04-22
TXN-14687,West,Apparel,20,207.44,8,2025-03-20
TXN-14688,East,Books,1,445.05,28,2025-05-05
TXN-14689,West,Home & Kitchen,18,INVALID_PRICE,8,2025-04-22
TXN-14690,East,Apparel,2,129.71,22,2025-05-08
TXN-14691,West,Apparel,13,317.08,28,2025-05-20
TXN-14692,East,Apparel,3,69.90,21,2025-05-18
TXN-14693,East,Fitness,10,303.52,2,2025-05-24
TXN-14694,West,Fitness,18,192.78,26,2025-05-29
TXN-14695,East,Books,10,197.28,8,2025-04-04
TXN-14696,East,Fitness,13,147.08,5,2025-03-11
TXN-14697,West,Groceries,11,490.86,2,2025-05-04
TXN-14698,North,Home & Kitchen,11,21.38,19,2025-05-10
TXN-14699,North,Groceries,2,304.88,1,2025-03-26
TXN-14700,North,Groceries,17,36.92,2,2025-05-05
TXN-14701,South,Groceries,5,406.67,10,2025-05-25
TXN-14702,South,Fitness,1,141.24,24,2025-04-23
TXN-14703,South,Books,18,80.75,7,2025-03-31
TXN-14704,West,Apparel,-4,50.64,25,2025-05-07
TXN-14705,South,Books,20,465.47,28,2025-03-11
TXN-14706,East,Apparel,8,113.19,23,2025-04-20
TXN-14707,South,Apparel,5,498.91,1,2025-04-26
TXN-14708,East,Fitness,15,269.35,21,2025-03-16
TXN-14709,South,Apparel,7,19.78,18,2025-05-30
TXN-14710,East,Groceries,6,312.95,13,2025-05-13
TXN-14711,South,Fitness,9,40.31,5,2025-04-15
TXN-14712,North,Electronics,7,363.70,8,2025-03-31
TXN-14713,South,Books,2,39.74,30,2025-04-27
TXN-14714,South,Home & Kitchen,15,227.45,1,2025-03-05
TXN-14715,West,Apparel,15,390.23,24,2025-04-12
TXN-14716,North,Electronics,10,437.50,18,2025-05-01
TXN-14717,North,Books,-4,491.33,15,2025-05-29
TXN-14718,East,Fitness,14,281.21,17,2025-05-07
TXN-14719,West,Fitness,13,5.76,4,2025-05-12
TXN-14720,North,Apparel,20,283.60,22,2025-04-05
TXN-14721,North,Apparel,10,382.32,18,2025-05-23
TXN-14722,West,Electronics,19,345.34,11,2025-03-07
TXN-14723,South,Groceries,19,435.94,27,2025-05-30
TXN-14724,South,Electronics,11,423.18,12,2025-03-19
TXN-14725,South,Groceries,15,339.00,3,2025-03-27
TXN-14726,West,Home & Kitchen,5,250.44,9,2025-05-16
TXN-14727,North,Apparel,7,171.68,21,2025-04-13
TXN-14728,South,Home & Kitchen,14,252.59,16,2025-05-06
TXN-14729,North,Electronics,16,329.37,13,2025-03-28
TXN-14730,East,Fitness,12,191.01,29,2025-04-10
TXN-14731,East,Electronics,2,173.53,6,2025-04-26
TXN-14732,North,Apparel,20,372.19,23,2025-03-25
TXN-14733,South,Home & Kitchen,12,343.23,12,2025-05-08
TXN-14734,East,Fitness,3,39.69,22,2025-04-26
TXN-14735,East,Home & Kitchen,17,411.73,8,2025-04-06
TXN-14736,East,Books,13,504.55,19,2025-04-25
TXN-14737,West,Fitness,15,216.39,6,2025-04-13
TXN-14738,North,Books,9,304.83,28,2025-03-28
TXN-14739,South,Fitness,11,191.57,1,2025-03-24
TXN-14740,East,Electronics,16,129.35,12,2025-05-17
TXN-14741,West,Electronics,11,375.66,21,2025-03-25
TXN-13907,East,Books,9,481.04,28,2025-03-31
TXN-14743,South,Fitness,1,283.74,19,2025-05-26
TXN-14744,North,Home & Kitchen,2,33.80,19,2025-05-27
TXN-14745,East,Home & Kitchen,8,8.64,24,2025-04-26
TXN-14746,North,Groceries,10,353.28,26,2025-05-15
TXN-14747,East,Groceries,6,391.46,17,2025-04-17
TXN-14748,West,Books,18,52.89,10,2025-04-12
TXN-14749,South,Apparel,7,79.50,10,2025-03-20
TXN-14750,South,Home & Kitchen,16,116.22,2,2025-05-29
TXN-14751,East,Fitness,7,125.49,16,2025-04-20
TXN-14752,East,Electronics,14,355.66,23,2025-03-10
TXN-14753,West,Electronics,18,454.66,7,2025-03-31
TXN-14754,South,Electronics,11,182.11,23,2025-04-02
TXN-14755,South,Apparel,12,261.39,12,2025-04-22
TXN-14756,North,Groceries,6,216.48,22,2025-05-21
TXN-14757,North,Books,7,170.18,3,2025-05-29
TXN-14758,East,Apparel,1,246.53,7,2025-03-30
TXN-14759,South,Fitness,5,151.80,12,2025-05-26
TXN-14760,North,Books,10,396.10,5,2025-03-23
TXN-14761,South,Fitness,19,48.02,26,2025-03-10
TXN-14762,East,Books,11,69.00,4,2025-04-19
TXN-14763,North,Apparel,20,391.56,10,2025-04-29
TXN-14764,South,Home & Kitchen,3,335.15,17,2025-03-16
TXN-14765,North,Electronics,8,476.79,12,2025-04-14
TXN-14766,West,Apparel,20,450.87,16,2025-04-29
TXN-14767,North,Electronics,7,215.45,23,2025-04-10
TXN-14768,East,Books,13,362.73,25,2025-03-12
TXN-14769,West,Apparel,15,150.61,7,2025-04-13
TXN-14770,North,Groceries,11,348.26,3,2025-05-16
TXN-14771,South,Books,5,199.76,12,2025-05-16
TXN-14772,West,Electronics,11,386.54,12,2025-04-16
TXN-14773,South,Groceries,4,48.45,10,2025-04-13
TXN-14774,South,Apparel,20,331.74,12,2025-03-30
TXN-14775,North,Electronics,9,77.78,21,2025-03-17
TXN-14776,North,Groceries,17,94.12,13,2025-03-28
TXN-14777,East,Fitness,3,111.94,10,2025-05-29
TXN-14778,South,Electronics,8,402.35,6,2025-04-12
TXN-14093,West,Electronics,16,460.93,10,2025-03-26
TXN-14780,West,Fitness,10,122.66,29,2025-05-08
TXN-14781,West,Fitness,8,99.50,24,2025-05-18
TXN-14782,South,Groceries,2,49.52,5,2025-03-18
TXN-14783,East,Groceries,12,204.98,27,2025-03-11
TXN-14784,East,Books,20,85.00,4,2025-05-02
TXN-14785,North,Fitness,18,360.49,11,2025-03-19
TXN-14786,East,Apparel,2,22.38,3,2025-03-17
TXN-14787,East,Apparel,4,33.10,10,2025-05-10
TXN-14788,East,Books,17,78.40,5,2025-05-28
TXN-14789,North,Groceries,19,475.85,10,2025-04-11
TXN-14790,East,Apparel,8,402.69,20,2025-05-02
TXN-14791,North,Fitness,12,219.78,29,2025-05-23
TXN-14792,North,Home & Kitchen,2,381.06,6,2025-03-28
TXN-14793,South,Books,14,50.93,9,2025-05-22
TXN-14794,West,Groceries,12,117.32,26,2025-05-15
TXN-14795,West,Home & Kitchen,18,6.50,13,2025-05-07
TXN-14796,West,Apparel,4,52.46,19,2025-03-26
TXN-14797,West,Electronics,10,492.19,7,2025-03-23
TXN-14798,South,Home & Kitchen,20,423.94,4,2025-05-17
TXN-14799,South,Fitness,12,309.92,10,2025-03-06
TXN-14800,North,Fitness,19,63.70,8,2025-04-25
TXN-14801,East,Books,6,454.35,18,2025-03-31
TXN-14802,West,Books,9,458.37,21,2025-04-28
TXN-14803,North,Fitness,13,196.23,22,2025-05-05
TXN-14804,East,Books,18,8.63,22,2025-04-14
TXN-14805,East,Home & Kitchen,20,352.99,10,2025-05-31
TXN-14806,South,Electronics,16,144.63,8,2025-04-07
TXN-14807,South,Books,12,474.25,28,2025-05-23
TXN-14808,East,Fitness,15,80.92,7,2025-05-10
TXN-14809,West,Home & Kitchen,8,86.43,17,2025-05-22
TXN-14810,South,Electronics,6,235.59,150,2025-04-26
TXN-14811,South,Apparel,14,485.51,1,2025-03-06
TXN-14812,East,Fitness,13,384.48,15,2025-04-25
TXN-14813,East,Fitness,1,317.71,23,2025-05-25
TXN-14814,South,Fitness,2,338.94,6,2025-03-16
TXN-14815,East,Fitness,3,INVALID_PRICE,21,2025-05-15
TXN-14816,South,Fitness,5,302.15,1,2025-03-04
TXN-14817,South,Apparel,20,402.28,25,2025-03-11
TXN-14818,West,Fitness,7,312.25,6,2025-03-24
TXN-14819,West,Apparel,8,167.18,20,2025-03-18
TXN-14820,East,Electronics,18,182.31,5,2025-04-13
TXN-14821,East,Home & Kitchen,15,40.57,19,2025-03-24
TXN-14822,East,Electronics,16,85.65,23,2025-03-17
TXN-14823,West,Books,12,344.06,2,2025-03-26
TXN-14824,East,Home & Kitchen,1,64.15,5,2025-04-30
TXN-14825,North,Groceries,8,173.55,2,2025-03-10
TXN-14826,South,Fitness,15,69.81,10,2025-03-30
TXN-14827,South,Books,12,239.16,18,2025-03-22
TXN-14828,South,Home & Kitchen,6,438.50,28,2025-04-27
TXN-14829,South,Home & Kitchen,15,35.50,1,2025-05-19
TXN-14830,East,Apparel,4,232.36,17,2025-03-21
TXN-14831,East,Books,13,11.27,8,2025-04-16
TXN-14832,West,Home & Kitchen,13,139.49,24,2025-03-11
TXN-14833,East,Fitness,15,329.08,23,2025-04-15
TXN-14834,South,Apparel,5,308.50,5,2025-04-05
TXN-14835,East,Electronics,18,131.75,6,2025-04-17
TXN-14836,East,Electronics,5,86.89,5,2025-04-06
TXN-14837,South,Fitness,2,304.27,16,2025-03-17
TXN-14838,West,Home & Kitchen,12,240.44,29,2025-05-03
TXN-14839,North,Electronics,2,29.23,29,2025-05-09
TXN-14840,North,Fitness,19,62.46,10,2025-04-20
TXN-14841,North,Electronics,14,438.50,22,2025-04-16
TXN-14842,South,Home & Kitchen,7,502.16,7,2025-05-16
TXN-14843,South,Groceries,9,102.67,12,2025-05-15
TXN-14844,North,Electronics,11,286.64,14,2025-04-18
TXN-14845,West,Groceries,18,128.34,11,2025-04-30
TXN-14846,East,Home & Kitchen,14,245.64,12,2025-04-25
TXN-14847,South,Electronics,8,117.02,11,2025-05-23
TXN-14848,North,Groceries,19,380.55,12,2025-03-20
TXN-14849,North,Home & Kitchen,9,348.73,19,2025-03-29
TXN-14850,West,Home & Kitchen,13,11.05,8,2025-04-18
TXN-14851,East,Electronics,13,488.08,18,2025-03-14
TXN-14852,South,Books,19,212.69,4,2025-05-25
TXN-14853,North,Groceries,11,308.29,5,2025-03-28
TXN-14854,North,Electronics,5,42.34,28,2025-05-15
TXN-14855,South,Fitness,15,302.13,10,2025-05-03
TXN-14856,North,Electronics,19,406.90,14,2025-06-01
TXN-14857,South,Electronics,13,332.87,14,2025-04-20
TXN-14858,East,Books,12,361.42,11,2025-05-14
TXN-14859,North,Apparel,14,488.50,28,2025-03-09
TXN-14860,South,Fitness,9,364.20,25,2025-03-07
TXN-14861,East,Fitness,17,459.86,13,2099-12-31
TXN-14862,South,Books,14,460.98,23,2025-03-21
TXN-14863,West,Fitness,13,40.47,14,2025-04-25
TXN-14864,South,Home & Kitchen,17,407.32,10,2025-04-21
TXN-14865,North,Fitness,20,120.55,20,2025-05-02
TXN-14866,South,Fitness,14,467.54,16,2025-05-16
TXN-14867,West,Apparel,13,147.16,22,2025-03-25
TXN-14868,North,Fitness,10,344.00,20,2025-05-31
TXN-14869,East,Electronics,3,106.91,14,2025-05-04
TXN-14870,West,Books,10,161.83,24,2025-05-16
TXN-14871,South,Books,2,378.57,11,2025-05-20
TXN-14872,East,Groceries,19,467.49,21,2025-03-28
TXN-14873,South,Electronics,13,204.52,16,2025-04-01
TXN-14874,South,Home & Kitchen,5,409.57,12,2025-04-21
TXN-14875,East,Books,15,48.35,3,2025-05-16
TXN-14876,East,Home & Kitchen,19,358.35,4,2025-05-08
TXN-14877,West,Electronics,17,442.41,22,2025-05-16
TXN-14878,North,Fitness,12,8.29,15,2025-05-06
TXN-14879,East,Electronics,5,360.05,24,2025-03-08
TXN-14880,South,Fitness,8,422.74,10,2025-05-17
TXN-14881,East,Electronics,2,87.20,14,2025-03-08
TXN-14882,East,Fitness,10,499.42,19,2025-03-05
TXN-14883,West,Home & Kitchen,17,140.82,9,2025-04-13
TXN-14884,South,Groceries,1,405.48,8,2025-05-02
TXN-14885,South,Home & Kitchen,12,363.52,21,2025-05-21
TXN-14886,East,Home & Kitchen,8,486.89,26,2025-03-29
TXN-14887,East,Electronics,17,41.05,20,2025-04-05
TXN-14888,West,Home & Kitchen,3,249.13,18,2025-03-07
TXN-14889,East,Home & Kitchen,13,59.26,27,2025-04-28
TXN-14890,West,Groceries,20,39.48,14,2025-05-23
TXN-14891,West,Groceries,3,346.96,1,2025-04-02
TXN-14892,East,Books,16,320.40,28,2025-03-16
TXN-14893,South,Fitness,15,391.24,12,2025-05-19
TXN-14894,East,Books,2,19.71,19,2025-05-06
TXN-14895,South,Fitness,18,111.30,2,2025-04-30
TXN-14896,East,Groceries,11,129.84,0,2025-04-14
TXN-14897,North,Books,13,220.08,12,2025-03-24
TXN-14898,North,Home & Kitchen,18,242.60,28,2025-05-23
TXN-14899,West,Apparel,18,169.32,6,2025-05-04
TXN-14900,East,Apparel,14,336.60,3,2025-04-21
TXN-14901,North,Groceries,18,84.79,29,2025-04-02
TXN-14902,East,Electronics,12,453.48,22,2025-05-13
TXN-14903,North,Electronics,19,121.19,24,2025-06-01
TXN-14904,North,Electronics,17,256.99,2,2025-03-09
TXN-14905,North,Books,18,350.45,29,2025-05-29
TXN-14906,North,Books,15,42.66,25,2025-04-12
TXN-14907,West,Books,16,98.30,25,2025-05-04
TXN-14908,East,Home & Kitchen,18,243.52,7,2025-05-26
TXN-14909,North,Fitness,20,177.85,24,2025-03-28
TXN-14910,West,Apparel,19,156.13,3,2025-04-30
TXN-14911,North,Groceries,16,292.52,2,2025-03-11
TXN-14912,North,Fitness,1,91.05,27,2025-03-24
TXN-14913,East,Electronics,19,429.41,24,2025-04-11
TXN-14914,East,Electronics,6,262.83,19,2025-04-03
TXN-14915,West,Electronics,5,123.37,3,2025-04-28
TXN-14916,East,Fitness,14,435.08,21,2025-04-11
TXN-14917,West,Books,6,396.90,1,2025-05-28
TXN-14918,South,Apparel,12,460.14,16,2025-05-08
TXN-14919,South,Electronics,2,201.10,5,2025-05-03
TXN-14920,West,Books,14,62.31,22,2025-03-10
TXN-14921,West,Books,4,321.60,9,2025-03-17
TXN-14922,East,Electronics,18,467.16,2,2025-05-07
TXN-14923,East,Home & Kitchen,9,173.13,23,2025-05-05
TXN-14924,North,Electronics,19,304.54,21,2025-03-28
TXN-14925,East,Home & Kitchen,9,88.13,5,2025-04-12
TXN-14926,South,Groceries,13,173.26,18,2025-05-19
TXN-14927,South,Apparel,5,233.14,29,2025-05-05
TXN-14928,North,Apparel,7,50.07,3,2025-05-01
TXN-14929,North,Apparel,12,215.98,18,2025-04-18
TXN-14930,North,Groceries,19,INVALID_PRICE,15,2025-05-31
TXN-14931,West,Electronics,20,388.76,16,2025-03-18
TXN-14932,East,Home & Kitchen,13,463.65,29,2025-04-22
TXN-14933,North,Home & Kitchen,18,344.23,0,2025-05-23
TXN-14934,East,Books,1,36.94,11,2025-04-16
TXN-14935,West,Groceries,8,362.40,15,2025-03-26
TXN-14936,South,Electronics,8,355.07,27,2025-05-23
TXN-14937,East,Groceries,19,329.91,20,2025-05-31
TXN-14938,East,Electronics,12,132.13,13,2025-03-20
TXN-14939,South,Fitness,10,59.55,12,2025-03-23
TXN-14940,East,Apparel,20,172.08,21,2025-05-14
TXN-14941,West,Electronics,7,296.93,12,2025-05-20
TXN-14942,East,Groceries,1,205.81,3,2025-05-21
TXN-14943,West,Books,6,244.56,15,2025-05-29
TXN-14944,South,Books,18,421.39,13,2025-05-01
TXN-14945,West,Fitness,6,146.84,21,2025-03-04
TXN-14946,East,Electronics,16,222.46,22,2025-03-24
TXN-14947,South,Apparel,14,117.89,11,2025-04-30
TXN-14948,West,Fitness,19,41.68,6,2025-03-25
TXN-14949,East,Fitness,1,277.94,22,2025-03-27
TXN-14950,North,Home & Kitchen,4,143.37,16,2025-04-05
TXN-14951,North,Groceries,14,383.95,19,2025-04-18
TXN-14952,East,Home & Kitchen,16,491.03,22,2025-03-19
TXN-14953,North,Fitness,7,299.51,20,2025-04-25
TXN-14954,North,Groceries,4,432.49,6,2025-04-27
TXN-14955,North,Fitness,11,460.23,27,2025-04-13
TXN-14956,East,Apparel,10,177.61,1,2025-05-17
TXN-14957,West,Home & Kitchen,11,139.32,16,2025-04-17
TXN-14958,North,Books,5,40.83,10,2099-12-31
TXN-14959,West,Home & Kitchen,3,106.84,20,2025-04-16
TXN-14960,West,Apparel,13,407.06,28,2025-05-14
TXN-14961,East,Fitness,13,486.48,13,2025-03-11
TXN-14962,South,Books,5,178.79,13,2025-05-09
TXN-14963,South,Home & Kitchen,10,14.29,24,2025-05-10
TXN-14964,South,Home & Kitchen,12,273.56,17,2025-05-30
TXN-14965,East,Books,14,320.86,7,2025-03-22
TXN-14966,South,Apparel,6,237.93,7,2025-05-28
TXN-14967,South,Groceries,14,501.44,27,2025-03-12
TXN-14968,South,Home & Kitchen,1,192.16,10,2099-12-31
TXN-14969,West,Home & Kitchen,16,277.63,27,2025-03-26
TXN-14970,East,Electronics,8,365.70,11,2025-04-30
TXN-14971,East,Electronics,12,65.21,21,2025-05-13
TXN-14972,South,Apparel,14,465.07,29,2025-05-28
TXN-14973,South,Electronics,14,134.09,24,2025-05-20
TXN-14974,East,Fitness,7,476.22,24,2025-03-19
TXN-14975,East,Groceries,2,385.61,8,2025-05-24
TXN-14976,North,Fitness,10,448.07,26,2025-04-11
TXN-14977,West,Home & Kitchen,18,297.28,4,2025-05-14
TXN-14978,East,Apparel,7,121.25,17,2025-03-07
TXN-14979,East,Electronics,19,77.79,5,2025-03-06
TXN-14980,East,Apparel,17,249.99,9,2025-04-14
TXN-14981,North,Fitness,18,22.49,25,2025-05-07
TXN-14982,East,Home & Kitchen,11,434.57,22,2025-05-14
TXN-14790,West,Electronics,20,361.98,22,2025-04-16
TXN-14984,South,Groceries,10,421.69,5,2025-05-23
TXN-14985,South,Books,10,125.30,12,2025-05-03
TXN-14986,East,Fitness,-1,377.98,5,2025-04-19
TXN-14987,West,Groceries,20,417.00,3,2025-05-21
TXN-14988,West,Books,2,270.94,12,2025-03-26
TXN-14989,South,Apparel,1,411.61,10,2025-04-03
TXN-14990,East,Electronics,16,444.09,11,2025-04-28
TXN-14991,North,Groceries,14,281.13,0,2025-03-09
TXN-14992,East,Fitness,5,480.71,22,2025-04-11
TXN-14993,South,Groceries,13,112.06,26,2025-03-17
TXN-14994,West,Electronics,1,221.47,9,2025-03-19
TXN-14995,South,Home & Kitchen,13,440.69,27,2025-05-03
TXN-14996,South,Groceries,11,334.98,29,2025-04-10
TXN-14997,East,Books,9,13.15,17,2025-05-04
TXN-14998,West,Home & Kitchen,17,92.15,29,2025-04-25
TXN-14999,North,Home & Kitchen,1,211.01,28,2025-03-11
TXN-15000,North,Apparel,1,253.68,18,2025-04-03
TXN-15001,South,Groceries,10,93.28,11,2025-06-01
TXN-15002,South,Apparel,14,61.18,20,2025-05-08
TXN-12900,West,Home & Kitchen,6,245.29,23,2025-05-08
TXN-15004,South,Fitness,13,125.93,21,2025-05-21
TXN-15005,East,Books,13,427.01,8,2025-04-26
TXN-15006,West,Fitness,20,164.62,20,2025-04-27
TXN-15007,North,Fitness,15,333.62,22,2025-05-08
TXN-15008,East,Electronics,10,11.03,24,2025-05-29
TXN-15009,South,Fitness,17,129.99,26,2025-04-21
TXN-15010,East,Home & Kitchen,1,501.29,2,2025-04-07
TXN-15011,East,Groceries,1,86.87,4,2025-05-30
TXN-15012,North,Fitness,2,127.86,14,2025-04-27
TXN-15013,South,Groceries,16,55.86,21,2025-06-01
TXN-15014,North,Books,20,390.95,29,2025-05-31
TXN-15015,East,Books,19,399.52,25,2025-04-17
TXN-15016,West,Apparel,6,371.58,2,2025-04-12
TXN-15017,East,Home & Kitchen,13,70.56,25,2025-04-03
TXN-15018,North,Electronics,14,155.37,15,2025-05-16
TXN-15019,West,Apparel,10,267.67,30,2025-05-04
TXN-15020,North,Books,11,30.82,5,2025-03-28
TXN-15021,North,Home & Kitchen,18,473.68,27,2025-05-28
TXN-15022,East,Fitness,8,491.73,26,2025-05-17
TXN-15023,East,Electronics,6,88.37,3,2025-05-30
TXN-15024,South,Books,19,194.00,7,2025-03-09
TXN-15025,West,Home & Kitchen,19,110.82,21,2025-05-21
TXN-13186,South,Fitness,6,167.11,8,2025-03-25
TXN-15027,East,Groceries,19,424.27,10,2025-05-18
TXN-15028,South,Groceries,14,123.47,18,2025-05-09
TXN-15029,North,Apparel,4,180.52,5,2025-06-01
TXN-15030,East,Books,16,471.22,21,2025-03-18
TXN-15031,South,Home & Kitchen,9,11.51,13,2025-05-26
TXN-15032,East,Home & Kitchen,12,72.68,17,2025-05-27
TXN-15033,East,Fitness,13,69.78,20,2025-05-30
TXN-15034,East,Apparel,9,406.05,19,2025-04-27
TXN-15035,South,Books,2,385.56,16,2025-04-24
TXN-15036,West,Books,12,226.90,24,2025-04-16
TXN-11039,West,Groceries,6,446.17,26,2025-04-19
TXN-15038,East,Apparel,12,297.92,13,2025-05-14
TXN-15039,North,Fitness,13,356.76,11,2025-04-09
TXN-15040,West,Apparel,15,354.01,29,2025-05-04
TXN-15041,West,Groceries,5,274.77,10,2025-03-28
TXN-15042,South,Home & Kitchen,3,301.63,18,2025-05-11
TXN-15043,East,Books,7,364.34,9,2025-05-27
TXN-15044,West,Apparel,11,40.30,7,2025-03-26
TXN-15045,West,Electronics,17,224.46,30,2025-05-01
TXN-15046,North,Apparel,7,217.25,19,2025-06-01
TXN-15047,North,Electronics,13,327.21,24,2025-04-26
TXN-15048,South,Groceries,13,387.00,30,2025-03-27
TXN-15049,South,Books,4,149.33,18,2025-04-09
TXN-15050,West,Books,2,227.39,10,2025-05-03
TXN-15051,North,Groceries,16,200.09,11,2025-04-28
TXN-15052,West,Electronics,7,8.42,13,2025-04-14
TXN-15053,South,Apparel,13,398.46,2,2025-04-19
TXN-15054,North,Fitness,10,109.67,26,2025-04-17
TXN-15055,North,Fitness,11,112.75,15,2025-05-09
TXN-15056,North,Electronics,2,493.21,18,2025-05-30
TXN-15057,West,Apparel,6,149.47,11,2025-05-28
TXN-15058,South,Electronics,11,84.40,8,2025-04-01
TXN-15059,East,Books,13,485.91,5,2025-05-19
TXN-15060,North,Fitness,2,202.65,7,2025-03-23
TXN-15061,South,Books,2,380.23,14,2025-05-23
TXN-15062,North,Fitness,2,45.85,25,2025-05-08
TXN-15063,South,Apparel,14,462.52,10,2025-05-06
TXN-15064,South,Books,16,450.11,16,2025-03-26
TXN-15065,East,Apparel,2,234.59,12,2025-05-12
TXN-15066,West,Books,6,36.54,4,2025-04-05
TXN-15067,East,Electronics,16,83.76,25,2025-03-23
TXN-15068,East,Electronics,8,239.52,8,2025-03-11
TXN-15069,South,Books,19,143.78,1,2025-03-28
TXN-15070,East,Books,9,128.11,7,2025-05-29
TXN-15071,North,Apparel,15,376.75,7,2025-03-20
TXN-15072,North,Home & Kitchen,17,81.60,27,2025-05-08
TXN-15073,East,Books,8,192.19,15,2025-03-19
TXN-15074,North,Home & Kitchen,13,353.17,11,2025-03-27
TXN-15075,East,Electronics,12,112.06,20,2025-04-27
TXN-15076,West,Electronics,7,211.17,15,2025-04-28
TXN-15077,West,Books,4,381.32,10,2025-05-30
TXN-15078,North,Electronics,5,401.55,10,2025-04-17
TXN-15079,North,Groceries,1,302.45,7,2025-03-05
TXN-15080,South,Apparel,10,327.53,24,2025-05-14
TXN-15081,North,Electronics,15,235.16,24,2025-05-16
TXN-15082,West,Home & Kitchen,14,306.86,4,2025-05-08
TXN-15083,West,Apparel,3,186.25,18,2025-05-15
TXN-15084,North,Groceries,2,116.84,29,2025-04-20
TXN-15085,South,Fitness,20,25.90,5,2025-04-22
TXN-15086,West,Home & Kitchen,5,338.12,22,2025-03-16
TXN-15087,North,Fitness,12,471.55,16,2025-05-02
TXN-15088,South,Apparel,12,155.16,30,2025-05-19
TXN-15089,North,Home & Kitchen,14,470.07,16,2025-04-26
TXN-15090,South,Books,3,130.78,29,2025-04-30
TXN-15091,West,Fitness,10,227.23,28,2025-03-09
TXN-15092,South,Books,10,374.13,0,2025-04-13
TXN-15093,West,Apparel,7,266.78,19,2025-03-17
TXN-15094,North,Electronics,16,463.79,24,2025-03-10
TXN-15095,North,Home & Kitchen,14,219.01,10,2025-03-09
TXN-15096,East,Home & Kitchen,17,306.82,13,2025-03-30
TXN-15097,West,Electronics,2,20.13,20,2025-05-10
TXN-15098,East,Books,6,33.61,25,2025-05-25
TXN-15099,South,Electronics,18,150.52,30,2025-05-07
TXN-15100,North,Fitness,5,461.32,17,2025-05-05
TXN-15101,South,Groceries,9,345.56,9,2025-03-05
TXN-15102,South,Apparel,6,51.09,15,2025-03-22
TXN-15103,North,Apparel,18,133.64,2,2025-05-05
TXN-15104,East,Apparel,11,225.16,26,2025-03-28
TXN-15105,West,Books,8,413.81,22,2025-05-21
TXN-15106,West,Electronics,15,443.30,22,2025-05-30
TXN-15107,North,Books,14,345.51,4,2025-05-31
TXN-15108,North,Books,4,200.36,28,2025-05-14
TXN-15109,South,Apparel,20,229.89,30,2025-03-06
TXN-15110,North,Electronics,8,266.11,22,2025-05-02
TXN-15111,East,Electronics,14,102.16,4,2025-05-16
TXN-15112,South,Groceries,16,483.40,25,2025-04-30
TXN-15113,East,Electronics,18,476.42,12,2025-03-15
TXN-15114,South,Books,19,271.26,12,2025-05-12
TXN-15115,South,Apparel,11,56.09,11,2025-05-01
TXN-15116,East,Apparel,14,469.46,18,2025-03-09
TXN-15117,North,Groceries,8,394.25,23,2025-05-16
TXN-11086,West,Groceries,6,457.36,1,2025-04-06
TXN-15119,East,Home & Kitchen,7,204.63,10,2025-04-25
TXN-15120,West,Apparel,20,213.99,14,2025-03-17
TXN-15121,East,Fitness,18,83.69,25,2025-03-08
TXN-15122,North,Books,20,124.29,29,2025-05-02
TXN-15123,East,Electronics,2,266.42,15,2025-03-24
TXN-15124,North,Apparel,10,461.14,11,2025-04-24
TXN-15125,East,Books,2,285.05,29,2025-04-29
TXN-15126,South,Home & Kitchen,2,240.44,13,2025-04-13
TXN-15127,North,Fitness,4,221.00,0,2025-03-19
TXN-15128,South,Fitness,15,43.21,12,2025-05-21
TXN-15129,East,Home & Kitchen,2,82.13,29,2025-05-30
TXN-15130,East,Fitness,7,217.62,23,2025-05-08
TXN-15131,North,Fitness,11,453.52,8,2025-04-11
TXN-15132,South,Groceries,12,107.32,1,2025-03-18
TXN-15133,North,Fitness,6,203.86,1,2025-03-11
TXN-15134,North,Apparel,8,497.39,28,2025-03-07
TXN-15135,West,Books,13,246.06,2,2025-05-19
TXN-15136,East,Electronics,3,477.76,24,2025-05-13
TXN-15137,West,Home & Kitchen,16,244.32,30,2025-04-10
TXN-15138,North,Apparel,10,463.84,5,2025-05-21
TXN-15139,East,Books,12,488.58,1,2025-05-03
TXN-15140,North,Fitness,14,14.62,29,2025-04-01
TXN-15141,North,Home & Kitchen,6,109.58,27,2025-04-23
TXN-15142,East,Books,6,469.95,30,2025-05-04
TXN-15143,North,Fitness,18,374.38,29,2025-03-26
TXN-15144,South,Books,19,162.74,16,2025-03-27
TXN-15145,West,Fitness,17,219.39,4,2025-04-23
TXN-15146,South,Electronics,4,234.76,5,2025-05-04
TXN-15147,West,Books,2,88.47,15,2025-04-11
TXN-15148,South,Fitness,1,173.32,5,2025-05-22
TXN-15149,East,Electronics,3,270.01,8,2025-05-12
TXN-15150,East,Electronics,8,396.35,8,2025-05-19
TXN-15151,West,Groceries,16,388.01,24,2025-03-27
TXN-15152,South,Groceries,16,119.02,10,2025-05-13
TXN-15153,South,Books,18,163.39,2,2025-04-17
TXN-15154,North,Fitness,13,236.67,14,2025-05-05
TXN-15155,North,Groceries,10,312.40,10,2025-05-19
TXN-15156,North,Apparel,4,282.11,22,2099-12-31
TXN-15157,South,Electronics,19,280.39,5,2025-03-23
TXN-15158,South,Home & Kitchen,4,283.59,17,2025-03-10
TXN-15159,West,Books,18,193.10,20,2025-04-16
TXN-15160,South,Apparel,8,414.22,12,2025-04-01
TXN-15161,East,Groceries,7,469.31,2,2025-04-30
TXN-15162,East,Electronics,5,146.01,18,2025-05-13
TXN-15163,West,Apparel,14,149.35,18,2025-03-16
TXN-15164,South,Fitness,15,406.37,7,2025-03-26
TXN-15165,South,Electronics,1,205.83,20,2025-04-28
TXN-15166,East,Apparel,6,139.97,6,2025-04-10
TXN-15167,South,Home & Kitchen,9,479.13,19,2025-04-12
TXN-15168,West,Books,12,226.25,0,2025-03-18
TXN-15169,East,Apparel,3,60.68,28,2025-04-27
TXN-15170,South,Books,18,488.17,10,2025-04-30
TXN-15171,East,Home & Kitchen,6,348.59,17,2025-05-24
TXN-15172,West,Fitness,5,312.19,6,2025-05-08
TXN-15173,North,Books,17,425.71,4,2025-04-28
TXN-15174,North,Home & Kitchen,7,271.89,7,2025-04-06
TXN-15175,East,Home & Kitchen,16,104.11,17,2025-03-11
TXN-15176,East,Groceries,6,351.05,16,2025-03-29
TXN-15177,North,Apparel,18,460.95,22,2025-03-12
TXN-15178,South,Apparel,18,309.17,30,2025-05-13
TXN-15179,East,Groceries,18,397.76,25,2025-04-02
TXN-15180,East,Apparel,4,305.00,5,2025-03-23
TXN-15181,North,Groceries,13,99.21,19,2025-05-14
TXN-15182,North,Home & Kitchen,11,228.93,24,2025-06-01
TXN-15183,West,Books,16,260.36,10,2025-05-03
TXN-15184,North,Home & Kitchen,18,84.39,7,2025-03-29
TXN-15185,North,Groceries,4,211.98,1,2025-05-07
TXN-15186,East,Fitness,6,235.22,2,2025-03-12
TXN-15187,North,Apparel,7,124.94,22,2025-05-18
TXN-15188,West,Groceries,18,318.23,22,2025-05-30
TXN-15189,North,Apparel,20,30.13,26,2025-03-26
TXN-15190,North,Groceries,17,446.03,14,2025-04-08
TXN-15191,South,Groceries,11,389.89,30,2025-05-17
TXN-15192,West,Electronics,5,487.59,2,2025-05-20
TXN-15193,East,Fitness,10,339.75,13,2025-03-21
TXN-15194,East,Home & Kitchen,3,479.33,16,2025-03-09
TXN-15195,East,Apparel,15,407.97,150,2025-04-05
TXN-15196,South,Home & Kitchen,8,458.35,14,2025-04-04
TXN-15197,South,Home & Kitchen,13,372.23,28,2025-03-27
TXN-15198,East,Electronics,4,110.85,5,2025-03-28
TXN-15199,South,Books,6,233.54,3,2025-03-13
TXN-15200,West,Books,4,277.31,27,2025-04-15
TXN-15201,South,Fitness,12,119.45,7,2025-04-08
TXN-15202,South,Groceries,10,495.92,24,2025-04-21
TXN-15203,East,Groceries,17,53.80,29,2025-03-09
TXN-15204,East,Fitness,7,153.38,24,2025-05-11
TXN-15205,South,Books,5,255.34,12,2025-05-22
TXN-15206,West,Groceries,14,373.49,20,2025-04-28
TXN-15207,West,Groceries,16,87.08,26,2025-03-28
TXN-15208,North,Electronics,5,376.12,3,2025-04-14
TXN-15209,East,Books,9,467.67,17,2025-03-29
TXN-15210,East,Apparel,17,185.04,25,2025-03-14
TXN-15211,North,Fitness,9,490.79,11,2025-04-09
TXN-15212,North,Home & Kitchen,7,181.79,6,2025-04-07
TXN-15213,West,Fitness,19,9.64,18,2025-05-14
TXN-15214,North,Home & Kitchen,11,286.66,5,2025-05-09
TXN-15215,South,Home & Kitchen,11,493.09,15,2025-04-15
TXN-15216,West,Groceries,12,433.61,7,2025-03-31
TXN-15217,North,Electronics,8,29.94,29,2025-04-10
TXN-15218,North,Fitness,13,341.07,8,2025-04-05
TXN-15219,South,Books,17,441.23,28,2025-03-08
TXN-15220,South,Groceries,6,112.04,29,2025-05-26
TXN-15221,North,Electronics,13,231.27,22,2025-04-29
TXN-15222,South,Apparel,7,364.92,0,2025-05-20
TXN-15223,North,Fitness,3,490.49,28,2025-04-23
TXN-15224,South,Apparel,10,275.57,27,2025-04-23
TXN-15225,East,Apparel,7,94.80,19,2025-04-29
TXN-15226,South,Fitness,19,238.29,2,2025-03-05
TXN-15227,West,Fitness,20,373.39,30,2025-04-09
TXN-15228,South,Books,6,236.60,10,2025-05-24
TXN-15229,East,Electronics,5,22.09,29,2025-04-07
TXN-15230,North,Home & Kitchen,20,469.77,11,2025-05-04
TXN-15231,North,Apparel,5,109.40,14,2025-04-11
TXN-13537,North,Fitness,17,171.33,25,2025-04-13
TXN-15233,South,Apparel,2,502.40,7,2025-03-29
TXN-15234,North,Groceries,19,408.24,6,2025-03-13
TXN-15235,North,Electronics,5,308.80,28,2025-03-20
TXN-15236,North,Fitness,16,56.67,4,2025-04-25
TXN-15237,North,Groceries,7,354.67,29,2025-03-06
TXN-15238,East,Electronics,9,440.88,1,2025-05-09
TXN-15239,North,Home & Kitchen,2,410.79,18,2025-03-24
TXN-15240,West,Electronics,18,435.09,25,2025-04-03
TXN-15241,East,Fitness,5,192.72,10,2025-03-28
TXN-15242,South,Books,7,27.70,1,2025-04-28
TXN-15243,West,Home & Kitchen,20,446.87,19,2025-04-05
TXN-15244,East,Fitness,9,412.23,16,2025-04-15
TXN-15245,South,Groceries,10,480.90,23,2025-04-02
TXN-15246,West,Fitness,10,179.76,13,2025-05-26
TXN-15247,South,Home & Kitchen,2,463.98,14,2025-05-16
TXN-15248,South,Groceries,7,495.22,2,2025-04-30
TXN-15249,West,Electronics,1,382.35,16,2025-05-09
TXN-15250,East,Books,19,313.16,10,2025-05-14
TXN-15251,North,Electronics,12,485.16,27,2025-04-10
TXN-15252,South,Fitness,16,195.60,13,2025-03-11
TXN-15253,East,Apparel,8,111.15,26,2025-04-14
TXN-15254,East,Fitness,11,352.63,11,2025-04-17
TXN-15255,East,Electronics,16,9.36,26,2025-05-26
TXN-15256,East,Apparel,8,335.84,6,2025-05-14
TXN-15257,South,Apparel,2,242.81,17,2025-05-19
TXN-15258,East,Fitness,12,116.37,27,2025-03-20
TXN-15259,South,Books,11,207.45,21,2025-04-09
TXN-15260,South,Electronics,6,380.96,4,2025-04-08
TXN-15261,North,Fitness,18,493.60,13,2025-03-11
TXN-15262,West,Home & Kitchen,2,221.78,22,2025-03-16
TXN-15263,North,Apparel,19,291.22,8,2025-06-01
TXN-15264,West,Electronics,15,67.70,29,2025-03-16
TXN-15265,West,Books,18,225.85,9,2025-04-16
TXN-15266,East,Fitness,7,205.95,18,2025-05-22
TXN-15267,North,Groceries,6,310.82,22,2025-05-31
TXN-15268,North,Books,2,206.06,28,2025-04-14
TXN-15269,East,Electronics,17,91.75,17,2025-05-20
TXN-15270,West,Electronics,15,228.91,0,2025-05-19
TXN-15271,West,Books,-4,496.01,14,2025-03-27
TXN-15272,East,Fitness,14,201.41,4,2025-06-01
TXN-15273,West,Apparel,15,286.53,22,2025-05-06
TXN-15274,East,Fitness,17,200.27,8,2025-05-23
TXN-15275,North,Groceries,12,242.34,19,2025-04-16
TXN-15276,West,Groceries,8,306.81,19,2025-03-19
TXN-15277,West,Groceries,10,464.02,11,2025-03-25
TXN-15278,North,Books,8,407.45,22,2025-05-12
TXN-15279,East,Electronics,1,284.13,19,2025-05-20
TXN-15280,West,Books,6,237.15,13,2025-03-31
TXN-15281,East,Home & Kitchen,4,444.13,19,2025-04-21
TXN-15282,East,Books,14,27.78,0,2025-04-03
TXN-15283,South,Fitness,6,478.90,16,2025-05-20
TXN-12465,North,Books,6,9.79,29,2025-05-24
TXN-15285,South,Fitness,11,49.63,10,2025-04-26
TXN-15286,West,Fitness,1,117.58,21,2025-04-13
TXN-15287,East,Fitness,17,495.11,2,2025-03-30
TXN-15288,South,Electronics,10,14.78,15,2025-03-07
TXN-15289,South,Books,11,57.09,9,2025-04-16
TXN-15290,East,Groceries,14,272.64,7,2099-12-31
TXN-15291,West,Electronics,17,30.21,18,2025-04-12
TXN-15292,West,Electronics,15,388.58,20,2025-03-10
TXN-15293,North,Books,10,414.70,13,2025-04-08
TXN-15294,West,Fitness,5,25.46,3,2025-03-26
TXN-15295,South,Electronics,7,138.25,23,2025-03-28
TXN-15296,West,Books,4,316.58,22,2099-12-31
TXN-15297,North,Home & Kitchen,17,490.46,20,2025-04-04
TXN-15298,West,Books,16,395.86,28,2025-04-25
TXN-10034,West,Groceries,11,6.73,29,2025-05-08
TXN-15300,North,Books,3,132.29,6,2025-03-16
TXN-15301,West,Home & Kitchen,5,INVALID_PRICE,2,2025-05-03
TXN-15302,South,Home & Kitchen,2,23.60,10,2025-04-19
TXN-15303,East,Apparel,6,186.33,6,2025-04-14
TXN-15304,South,Groceries,12,91.24,2,2025-03-12
TXN-15305,West,Groceries,13,491.58,1,2025-03-22
TXN-15306,East,Apparel,5,39.34,4,2025-05-03
TXN-15307,West,Books,10,91.39,27,2025-03-09
TXN-15308,North,Home & Kitchen,6,148.29,10,2025-03-09
TXN-15309,South,Electronics,1,100.24,19,2025-05-09
TXN-15310,South,Apparel,11,235.58,20,2025-04-20
TXN-15311,East,Home & Kitchen,7,78.06,21,2025-04-10
TXN-15312,North,Books,18,220.14,24,2025-03-14
TXN-15313,West,Electronics,9,244.58,10,2025-05-07
TXN-15314,West,Groceries,14,119.06,28,2025-03-07
TXN-15315,South,Electronics,18,295.54,14,2025-03-08
TXN-15316,North,Books,13,31.04,27,2099-12-31
TXN-15317,South,Apparel,6,368.10,1,2025-03-16
TXN-15318,North,Fitness,6,484.10,24,2025-03-06
TXN-15319,West,Fitness,7,141.56,11,2025-03-23
TXN-15320,South,Home & Kitchen,20,131.60,19,2025-05-19
TXN-15321,North,Books,17,315.54,28,2025-03-25
TXN-15322,South,Books,14,492.06,17,2025-05-14
TXN-15323,North,Groceries,8,244.01,17,2025-05-30
TXN-15324,South,Home & Kitchen,4,406.63,27,2025-05-09
TXN-15325,West,Fitness,15,480.14,4,2025-03-15
TXN-15326,South,Home & Kitchen,16,220.72,11,2025-04-08
TXN-15327,West,Electronics,19,443.98,15,2025-03-21
TXN-15328,South,Groceries,10,81.01,24,2025-05-12
TXN-15329,West,Home & Kitchen,9,280.34,8,2025-04-06
TXN-15330,West,Home & Kitchen,11,275.35,20,2025-05-24
TXN-15331,East,Books,20,166.88,9,2025-04-14
TXN-15332,South,Electronics,1,499.17,2,2025-03-04
TXN-15333,South,Fitness,14,420.49,8,2025-04-14
TXN-15334,North,Books,9,218.90,8,2025-03-21
TXN-15335,East,Home & Kitchen,18,471.12,8,2025-04-14
TXN-15336,East,Books,9,414.04,5,2025-05-11
TXN-15337,North,Fitness,16,464.44,1,2025-03-04
TXN-15338,West,Electronics,20,418.92,13,2025-05-27
TXN-15339,North,Groceries,16,68.17,10,2025-03-13
TXN-15340,East,Home & Kitchen,4,76.11,19,2025-04-07
TXN-15341,West,Home & Kitchen,1,265.96,29,2025-04-22
TXN-15342,South,Electronics,16,199.06,14,2025-03-16
TXN-15343,East,Books,18,424.58,27,2025-03-06
TXN-15344,East,Electronics,3,72.68,10,2025-03-26
TXN-15345,East,Home & Kitchen,8,232.55,14,2025-05-07
TXN-15346,North,Apparel,20,43.31,10,2025-05-05
TXN-15347,West,Home & Kitchen,8,167.26,29,2025-05-25
TXN-15348,South,Apparel,5,288.08,22,2025-05-16
TXN-15349,South,Groceries,17,292.62,5,2025-03-20
TXN-15350,North,Apparel,1,88.12,16,2025-05-06
TXN-15351,North,Fitness,18,304.04,19,2025-04-12
TXN-15352,East,Home & Kitchen,6,427.39,11,2025-03-28
TXN-15353,East,Groceries,9,52.44,3,2099-12-31
TXN-15354,West,Electronics,3,190.52,13,2025-05-10
TXN-15355,East,Fitness,20,316.73,22,2025-04-15
TXN-15356,West,Fitness,11,225.01,0,2025-05-04
TXN-15357,West,Electronics,17,349.23,18,2025-04-05
TXN-15358,East,Electronics,17,368.03,14,2025-05-05
TXN-15359,North,Books,16,72.36,26,2025-04-09
TXN-15360,West,Fitness,16,270.92,7,2025-04-23
TXN-15361,West,Groceries,4,74.73,11,2025-05-04
TXN-15362,South,Electronics,17,5.08,12,2025-03-04
TXN-15363,West,Home & Kitchen,18,20.38,30,2025-05-02
TXN-12865,East,Apparel,7,485.20,9,2025-04-07
TXN-15365,West,Home & Kitchen,5,370.73,8,2025-04-20
TXN-15366,North,Groceries,2,332.31,17,2025-05-31
TXN-15367,West,Electronics,7,235.71,26,2025-03-13
TXN-15368,South,Groceries,16,214.66,17,2025-03-20
TXN-15369,South,Groceries,3,244.55,6,2025-05-09
TXN-15370,North,Electronics,4,209.50,27,2025-05-20
TXN-15371,North,Home & Kitchen,13,444.13,16,2025-04-09
TXN-15372,North,Electronics,11,427.91,9,2025-05-22
TXN-15373,East,Groceries,10,190.02,15,2025-05-02
TXN-15374,South,Apparel,3,467.64,5,2025-03-28
TXN-15375,South,Home & Kitchen,9,110.75,22,2025-03-09
TXN-15376,West,Fitness,12,318.59,6,2025-03-19
TXN-15377,South,Fitness,18,422.09,22,2025-05-23
TXN-15378,North,Apparel,16,236.80,15,2025-05-22
TXN-15379,West,Electronics,20,56.42,11,2025-03-20
TXN-15380,South,Groceries,19,313.02,13,2025-04-09
TXN-15381,East,Fitness,15,355.23,11,2025-03-17
TXN-15382,East,Fitness,13,317.23,1,2025-05-03
TXN-15383,North,Home & Kitchen,18,136.01,24,2025-04-17
TXN-15384,North,Books,20,205.51,3,2025-03-20
TXN-15385,West,Home & Kitchen,11,306.56,8,2025-03-31
TXN-15386,North,Home & Kitchen,13,224.20,11,2025-03-21
TXN-15387,South,Fitness,2,81.87,6,2025-05-28
TXN-15388,West,Books,1,479.49,12,2025-03-17
TXN-15389,West,Groceries,2,33.40,0,2025-05-15
TXN-15390,North,Books,15,384.55,24,2025-04-19
TXN-15391,East,Books,5,230.97,1,2025-03-20
TXN-15392,East,Books,19,258.73,10,2025-04-29
TXN-15393,East,Fitness,9,32.98,27,2025-03-16
TXN-15394,South,Electronics,14,217.80,8,2025-04-23
TXN-15395,East,Fitness,19,449.77,3,2025-04-29
TXN-15396,North,Apparel,3,258.58,25,2025-05-22
TXN-15397,North,Groceries,16,303.94,22,2025-03-25
TXN-15398,East,Electronics,18,36.68,24,2025-03-26
TXN-15399,North,Home & Kitchen,14,457.95,25,2025-04-24
TXN-15400,East,Electronics,3,73.43,18,2025-03-09
TXN-15401,East,Groceries,6,350.70,21,2025-05-28
TXN-15402,East,Electronics,19,316.46,17,2025-04-26
TXN-15403,North,Home & Kitchen,16,31.88,12,2025-04-01
TXN-15404,East,Groceries,14,185.84,30,2025-05-13
TXN-15405,East,Home & Kitchen,16,413.40,29,2099-12-31
TXN-15406,South,Books,9,449.91,5,2025-05-24
TXN-15407,East,Fitness,18,374.63,27,2025-05-21
TXN-15408,North,Groceries,10,409.12,11,2025-05-07
TXN-15409,East,Electronics,1,71.33,20,2025-04-12
TXN-15410,South,Books,14,24.09,12,2025-03-07
TXN-15411,North,Books,15,439.66,28,2025-03-30
TXN-15412,West,Electronics,3,143.78,12,2025-04-15
TXN-15413,South,Fitness,6,191.59,14,2025-06-01
TXN-15414,East,Books,8,340.15,25,2025-03-22
TXN-15415,South,Books,17,93.34,1,2025-03-12
TXN-15416,East,Books,1,92.37,29,2025-03-27
TXN-15417,East,Electronics,19,101.85,21,2099-12-31
TXN-15418,North,Apparel,11,425.93,4,2025-04-02
TXN-15419,West,Electronics,8,278.20,0,2025-03-21
TXN-15420,West,Books,9,503.57,8,2025-05-27
TXN-15421,East,Fitness,20,289.46,5,2025-03-06
TXN-15422,West,Apparel,11,209.74,3,2025-05-19
TXN-15423,North,Books,10,214.51,19,2025-03-11
TXN-15424,North,Home & Kitchen,9,382.14,19,2025-04-28
TXN-15425,West,Groceries,20,314.62,4,2025-04-27
TXN-15426,South,Home & Kitchen,11,416.31,30,2025-03-05
TXN-15427,East,Apparel,10,174.48,10,2025-03-11
TXN-15428,South,Groceries,20,434.75,23,2025-04-10
TXN-15429,East,Apparel,20,362.84,7,2025-04-13
TXN-15430,East,Groceries,19,154.78,24,2025-03-07
TXN-15431,South,Books,11,9.27,15,2025-03-10
TXN-15432,East,Apparel,6,436.23,13,2025-03-20
TXN-15433,North,Home & Kitchen,15,494.52,1,2025-03-24
TXN-15434,East,Home & Kitchen,15,43.90,26,2025-03-07
TXN-15435,North,Groceries,6,251.00,12,2025-04-06
TXN-15436,North,Books,3,250.24,23,2025-03-29
TXN-15437,West,Fitness,15,362.60,14,2025-05-10
TXN-15438,West,Groceries,15,26.49,22,2099-12-31
TXN-15439,South,Home & Kitchen,17,76.66,26,2025-04-24
TXN-15440,East,Books,11,325.32,3,2025-03-26
TXN-15441,South,Fitness,4,389.76,1,2025-03-28
TXN-15442,North,Fitness,14,244.29,17,2025-03-04
TXN-15443,East,Electronics,6,387.59,5,2025-03-25
TXN-15444,North,Groceries,16,406.79,11,2025-05-01
TXN-15445,North,Fitness,9,49.28,26,2025-03-15
TXN-15446,North,Groceries,14,357.44,14,2025-03-12
TXN-15447,West,Fitness,9,205.24,23,2025-04-26
TXN-12168,North,Fitness,3,125.55,25,2025-04-20
TXN-15449,West,Electronics,10,153.47,15,2025-03-10
TXN-15450,South,Home & Kitchen,9,59.05,21,2025-03-20
TXN-15451,East,Books,20,51.58,3,2025-04-25
TXN-15452,West,Books,2,293.51,20,2025-05-07
TXN-15453,East,Fitness,6,16.25,5,2025-05-29
TXN-15454,West,Books,2,66.89,11,2025-03-12
TXN-15455,South,Electronics,20,87.68,2,2025-04-10
TXN-15456,East,Electronics,7,287.56,23,2025-03-09
TXN-15457,North,Home & Kitchen,10,497.03,0,2025-03-19
TXN-15458,North,Home & Kitchen,6,244.31,16,2025-04-04
TXN-15459,West,Apparel,19,171.32,17,2025-04-29
TXN-15460,North,Home & Kitchen,10,409.49,28,2025-03-09
TXN-15461,East,Apparel,16,414.84,22,2025-05-27
TXN-15462,South,Home & Kitchen,17,233.49,23,2025-04-22
TXN-15463,East,Fitness,13,330.08,18,2025-03-18
TXN-15464,East,Electronics,10,389.64,2,2025-03-25
TXN-15465,East,Groceries,15,299.57,18,2025-04-09
TXN-15466,North,Electronics,1,283.86,10,2025-04-16
TXN-15467,West,Electronics,18,386.28,28,2025-05-16
TXN-15468,East,Books,8,297.67,3,2025-03-24
TXN-15469,South,Electronics,13,270.40,15,2025-04-05
TXN-10804,North,Home & Kitchen,17,118.38,20,2025-04-14
TXN-15471,North,Books,18,212.97,14,2025-03-17
TXN-15472,South,Groceries,5,285.02,23,2025-03-25
TXN-15473,North,Apparel,18,501.02,1,2025-03-25
TXN-15474,West,Fitness,10,422.38,9,2025-04-29
TXN-15475,South,Fitness,-1,269.17,26,2025-04-17
TXN-15476,East,Fitness,6,104.79,18,2025-05-23
TXN-15477,East,Groceries,7,326.88,26,2025-05-17
TXN-15478,West,Fitness,14,271.78,19,2025-04-05
TXN-15479,East,Home & Kitchen,16,168.40,0,2025-04-18
TXN-15480,East,Fitness,6,121.05,26,2025-04-30
TXN-15481,North,Electronics,11,72.03,5,2025-06-01
TXN-15482,South,Groceries,17,422.83,8,2025-03-27
TXN-15483,West,Books,4,96.89,17,2025-03-10
TXN-15484,East,Home & Kitchen,2,INVALID_PRICE,5,2025-04-03
TXN-15485,South,Apparel,6,350.31,20,2025-04-22
TXN-15486,South,Home & Kitchen,2,366.11,11,2025-04-06
TXN-15487,North,Groceries,5,326.44,5,2025-05-14
TXN-15488,East,Groceries,5,224.06,6,2025-03-31
TXN-15489,West,Books,12,341.60,30,2025-05-26
TXN-15490,East,Books,3,51.50,27,2025-03-22
TXN-15491,South,Apparel,5,182.89,27,2025-04-11
TXN-15492,South,Electronics,16,391.36,23,2025-05-08
TXN-15493,West,Electronics,2,293.28,11,2025-04-12
TXN-15494,South,Home & Kitchen,11,141.76,7,2025-05-04
TXN-15495,South,Books,20,420.12,11,2025-04-27
TXN-15496,East,Home & Kitchen,8,288.22,11,2025-03-09
TXN-15497,North,Groceries,2,384.80,11,2025-03-17
TXN-15498,South,Fitness,5,472.22,24,2025-04-14
TXN-15499,North,Books,14,350.68,10,2025-05-12
TXN-15500,South,Home & Kitchen,2,479.88,9,2025-05-13
TXN-15501,East,Fitness,20,321.38,10,2025-05-26
TXN-15502,West,Books,13,411.98,21,2025-03-14
TXN-15503,North,Home & Kitchen,1,438.49,22,2025-05-30
TXN-15504,West,Fitness,6,356.74,12,2025-05-04
TXN-15505,North,Books,9,73.63,1,2025-04-15
TXN-15506,North,Fitness,13,247.89,22,2025-03-06
TXN-15507,North,Books,4,10.27,16,2025-04-22
TXN-15508,South,Books,17,480.27,25,2025-03-08
TXN-15509,North,Groceries,18,226.49,13,2025-04-16
TXN-15510,North,Electronics,9,196.22,20,2025-03-17
TXN-15511,East,Groceries,14,11.21,15,2025-04-12
TXN-15512,South,Electronics,13,317.98,16,2025-03-30
TXN-15513,East,Books,14,77.34,25,2025-03-11
TXN-15514,North,Electronics,9,427.27,1,2025-03-16
TXN-15515,West,Fitness,14,391.82,20,2025-03-08
TXN-15516,West,Home & Kitchen,20,303.24,22,2025-04-01
TXN-15517,West,Home & Kitchen,5,441.95,17,2025-04-10
TXN-15518,North,Books,18,28.73,15,2025-04-30
TXN-15519,South,Home & Kitchen,5,420.54,26,2025-03-12
TXN-15520,West,Electronics,5,422.12,18,2025-04-25
TXN-15521,South,Fitness,10,401.51,28,2025-03-18
TXN-15522,West,Electronics,12,211.95,23,2025-03-09
TXN-15523,West,Books,-5,202.31,13,2025-03-24
TXN-15524,North,Groceries,16,452.44,17,2025-03-23
TXN-12071,West,Fitness,8,335.81,25,2025-03-21
TXN-15526,North,Electronics,15,56.29,25,2025-04-26
TXN-15527,South,Fitness,13,312.29,27,2025-03-17
TXN-15528,North,Fitness,11,109.84,14,2025-05-03
TXN-15529,East,Home & Kitchen,7,500.88,28,2025-04-25
TXN-15530,South,Electronics,12,377.57,10,2025-04-30
TXN-15531,North,Electronics,12,484.67,24,2025-04-04
TXN-15532,North,Apparel,4,279.05,22,2025-04-18
TXN-15533,South,Home & Kitchen,20,375.62,5,2025-04-16
TXN-15534,North,Home & Kitchen,20,109.40,20,2025-05-19
TXN-15535,West,Groceries,15,154.85,15,2025-05-11
TXN-15536,North,Books,18,246.00,5,2025-05-19
TXN-15537,East,Electronics,17,48.63,5,2025-05-10
TXN-15538,East,Apparel,5,470.49,25,2025-03-08
TXN-15539,North,Electronics,4,229.24,26,2025-05-15
TXN-15540,West,Home & Kitchen,6,226.39,29,2025-04-21
TXN-10619,South,Groceries,19,51.22,17,2025-03-15
TXN-15542,West,Home & Kitchen,17,253.55,6,2025-04-04
TXN-15543,East,Apparel,13,269.01,29,2025-05-31
TXN-15544,South,Apparel,1,136.43,30,2025-04-10
TXN-15545,East,Apparel,9,384.76,24,2025-04-15
TXN-15546,South,Groceries,10,22.33,22,2025-03-18
TXN-15547,East,Electronics,6,303.25,6,2025-05-28
TXN-15548,East,Apparel,12,279.12,24,2025-03-10
TXN-15549,East,Fitness,4,322.80,29,2025-04-07
TXN-15550,East,Books,14,154.13,5,2025-03-22
TXN-15551,South,Fitness,12,388.86,24,2025-03-05
TXN-15552,West,Electronics,3,217.15,13,2025-05-02
TXN-15553,West,Home & Kitchen,13,59.03,15,2025-03-31
TXN-15554,East,Groceries,7,193.11,24,2025-03-31
TXN-15555,West,Electronics,1,504.86,2,2025-03-24
TXN-15556,East,Electronics,11,336.80,23,2025-04-22
TXN-15557,South,Fitness,5,215.46,11,2025-03-20
TXN-15558,South,Apparel,18,120.70,18,2025-04-21
TXN-15559,West,Groceries,12,231.76,26,2025-03-26
TXN-15560,East,Apparel,3,197.41,20,2025-05-07
TXN-15561,East,Books,9,227.56,8,2025-04-01
TXN-15562,South,Books,5,62.69,2,2025-04-12
TXN-15563,North,Fitness,13,344.20,18,2025-04-06
TXN-15564,South,Apparel,15,85.51,5,2025-05-08
TXN-15565,South,Fitness,20,117.38,11,2025-03-12
TXN-15566,South,Books,7,141.02,22,2025-03-16
TXN-15567,South,Fitness,19,493.63,14,2025-03-22
TXN-15568,West,Electronics,12,249.70,12,2025-05-23
TXN-15569,North,Home & Kitchen,13,72.47,18,2025-03-22
TXN-15570,West,Fitness,2,62.23,13,2025-05-20
TXN-15571,East,Electronics,8,327.01,12,2025-05-10
TXN-15572,North,Fitness,14,205.60,16,2025-05-30
TXN-15573,North,Electronics,12,420.10,27,2025-05-19
TXN-15574,North,Apparel,5,452.88,1,2025-03-18
TXN-15575,East,Apparel,3,84.53,24,2025-04-06
TXN-15576,North,Fitness,9,395.08,9,2025-03-19
TXN-15577,South,Apparel,10,14.10,29,2025-03-06
TXN-15578,West,Electronics,18,289.89,20,2025-05-13
TXN-15579,West,Home & Kitchen,8,417.97,15,2025-05-16
TXN-15580,West,Electronics,13,46.89,2,2025-04-30
TXN-15581,West,Home & Kitchen,2,42.48,27,2025-04-09
TXN-15582,South,Groceries,1,80.54,27,2025-03-18
TXN-15583,South,Electronics,7,189.18,18,2025-05-04
TXN-15584,East,Fitness,17,187.53,30,2025-04-12
TXN-15585,North,Electronics,4,395.49,13,2025-03-19
TXN-15586,North,Groceries,2,492.57,15,2025-05-30
TXN-15587,West,Fitness,1,37.92,26,2025-05-17
TXN-15588,South,Home & Kitchen,20,320.91,22,2025-03-23
TXN-15589,West,Books,19,179.35,7,2025-03-30
TXN-15590,East,Books,9,369.57,23,2025-04-20
TXN-15591,North,Fitness,4,175.79,13,2025-03-12
TXN-15592,North,Books,2,414.45,6,2025-03-05
TXN-15593,East,Apparel,3,361.93,1,2025-03-07
TXN-15594,East,Groceries,5,191.17,22,2025-05-16
TXN-15595,South,Books,20,355.99,19,2025-04-30
TXN-15596,South,Electronics,11,333.84,5,2025-05-04
TXN-15597,North,Apparel,13,190.19,7,2025-04-14
TXN-15598,North,Electronics,20,432.25,12,2025-03-31
TXN-15599,East,Books,1,183.06,7,2025-03-22
TXN-15600,South,Fitness,3,441.86,1,2025-04-05
TXN-15601,East,Fitness,4,205.30,2,2025-05-30
TXN-15602,South,Electronics,11,137.11,10,2025-04-14
TXN-15603,North,Groceries,11,281.57,22,2025-03-26
TXN-15604,East,Home & Kitchen,14,327.32,5,2025-04-14
TXN-15605,North,Books,7,474.46,1,2025-05-31
TXN-15606,North,Apparel,19,14.80,16,2025-05-17
TXN-15607,West,Home & Kitchen,13,129.13,150,2025-03-27
TXN-15608,East,Books,19,415.05,29,2025-04-24
TXN-15609,South,Home & Kitchen,4,307.64,21,2025-05-01
TXN-15610,North,Electronics,18,417.80,13,2025-05-19
TXN-15611,South,Books,11,383.43,7,2025-05-14
TXN-15612,East,Groceries,8,64.60,9,2025-05-02
TXN-15613,North,Apparel,16,222.34,17,2025-03-11
TXN-15614,South,Home & Kitchen,10,186.54,11,2025-04-08
TXN-15615,West,Books,19,235.32,19,2025-03-27
TXN-15616,South,Electronics,1,210.49,26,2025-03-19
TXN-15617,West,Books,14,141.60,13,2025-05-19
TXN-15618,East,Groceries,14,303.69,15,2025-05-03
TXN-15619,South,Home & Kitchen,17,268.71,11,2025-05-31
TXN-15620,East,Electronics,4,43.95,7,2025-03-28
TXN-15621,East,Apparel,9,183.78,23,2025-04-28
TXN-15622,West,Fitness,18,269.25,23,2025-03-31
TXN-15623,North,Groceries,14,477.04,6,2025-05-30
TXN-15624,East,Electronics,13,468.76,29,2025-04-12
TXN-15625,East,Electronics,3,137.72,9,2025-04-05
TXN-15626,South,Fitness,20,421.77,26,2025-05-30
TXN-15627,West,Books,9,359.23,1,2025-05-28
TXN-15628,South,Apparel,18,294.92,18,2025-05-10
TXN-15629,West,Home & Kitchen,16,113.31,11,2025-05-14
TXN-15630,North,Books,4,456.90,7,2025-05-26
TXN-15631,South,Electronics,4,477.71,0,2025-05-27
TXN-11718,South,Home & Kitchen,2,334.93,5,2025-03-16
TXN-15633,East,Apparel,9,140.54,3,2025-03-27
TXN-15634,South,Apparel,17,468.15,19,2099-12-31
TXN-15635,North,Books,1,147.47,16,2025-05-14
TXN-15636,East,Groceries,14,88.23,9,2025-04-19
TXN-15637,South,Books,1,62.91,14,2025-04-25
TXN-15638,South,Home & Kitchen,7,302.35,27,2025-04-25
TXN-15639,East,Groceries,19,356.13,5,2025-03-29
TXN-15640,North,Books,20,148.96,22,2025-05-20
TXN-15641,West,Books,11,301.19,18,2025-04-02
TXN-15642,East,Electronics,7,335.93,4,2025-05-07
TXN-15643,West,Home & Kitchen,10,386.76,18,2025-04-26
TXN-15644,West,Electronics,2,415.21,1,2025-03-25
TXN-15645,North,Home & Kitchen,10,15.98,30,2025-03-12
TXN-15646,East,Electronics,4,218.26,8,2025-03-28
TXN-15647,South,Books,8,157.82,29,2025-05-22
TXN-15648,South,Apparel,15,248.20,23,2025-05-19
TXN-15649,South,Groceries,15,254.12,4,2025-04-04
TXN-15650,South,Home & Kitchen,20,299.09,7,2025-03-09
TXN-15651,West,Books,7,376.93,5,2025-05-03
TXN-15652,North,Books,-4,23.04,5,2025-03-24
TXN-15653,West,Fitness,11,196.39,26,2025-05-19
TXN-15654,South,Electronics,2,362.35,28,2025-04-04
TXN-15655,East,Books,5,392.22,28,2025-03-10
TXN-15656,West,Apparel,3,42.79,14,2025-05-24
TXN-15657,West,Books,18,55.45,26,2025-03-17
TXN-15658,East,Books,13,240.33,19,2025-05-20
TXN-15659,West,Home & Kitchen,14,71.88,23,2025-05-11
TXN-15660,North,Apparel,18,235.33,16,2025-04-29
TXN-15661,North,Fitness,3,57.77,22,2025-04-30
TXN-15662,South,Apparel,6,45.71,9,2025-03-26
TXN-15663,East,Electronics,6,145.86,11,2025-04-16
TXN-15664,West,Apparel,12,480.66,15,2025-03-30
TXN-15665,West,Fitness,13,453.63,1,2025-04-17
TXN-15666,East,Home & Kitchen,17,393.96,29,2025-05-17
TXN-15667,North,Fitness,13,364.07,18,2025-03-14
TXN-15668,North,Apparel,9,350.08,17,2025-05-29
TXN-15669,South,Apparel,14,150.09,0,2025-05-01
TXN-15670,East,Home & Kitchen,1,345.77,9,2025-05-09
TXN-15671,North,Home & Kitchen,8,246.07,24,2025-04-15
TXN-15672,North,Fitness,18,18.53,5,2025-03-14
TXN-15673,South,Books,18,194.98,3,2025-05-15
TXN-15674,South,Groceries,17,INVALID_PRICE,18,2025-05-20
TXN-15675,West,Fitness,17,313.83,22,2025-03-19
TXN-15676,East,Home & Kitchen,2,237.82,12,2025-03-16
TXN-15677,East,Home & Kitchen,4,195.52,27,2025-04-08
TXN-15678,West,Fitness,19,188.27,28,2025-03-22
TXN-15679,West,Home & Kitchen,4,162.38,2,2025-05-28
TXN-15680,South,Books,19,229.17,29,2025-05-06
TXN-15681,West,Electronics,12,239.76,7,2025-05-06
TXN-15682,West,Home & Kitchen,12,91.87,5,2025-05-17
TXN-15683,East,Fitness,10,27.13,19,2025-03-06
TXN-15684,South,Fitness,3,62.30,3,2025-03-28
TXN-15685,West,Electronics,12,302.37,6,2025-04-27
TXN-15686,South,Fitness,18,489.90,11,2025-04-06
TXN-15687,East,Home & Kitchen,1,479.57,11,2025-05-08
TXN-13946,South,Books,7,363.91,19,2025-03-29
TXN-15689,West,Electronics,12,502.67,8,2025-04-10
TXN-15690,South,Books,12,403.13,2,2025-05-20
TXN-15691,East,Fitness,2,28.36,29,2025-03-04
TXN-15692,South,Apparel,13,244.36,19,2025-03-14
TXN-15693,East,Books,20,333.60,0,2025-05-04
TXN-15694,North,Fitness,12,69.17,27,2025-03-10
TXN-15695,South,Home & Kitchen,19,476.58,28,2025-04-13
TXN-15696,West,Books,18,251.92,12,2025-04-14
TXN-15697,South,Books,16,140.79,21,2025-04-22
TXN-15698,West,Books,12,354.73,26,2025-06-01
TXN-15699,North,Books,20,10.88,0,2025-05-01
TXN-15700,East,Home & Kitchen,12,29.82,20,2025-04-19
TXN-15701,West,Electronics,15,388.74,30,2025-03-25
TXN-15702,South,Home & Kitchen,15,221.02,17,2025-03-08
TXN-15703,West,Home & Kitchen,4,504.96,2,2025-05-28
TXN-15704,West,Books,20,323.66,28,2025-05-10
TXN-15705,North,Books,8,398.55,8,2025-05-01
TXN-15706,West,Home & Kitchen,13,225.53,3,2025-03-05
TXN-15707,West,Home & Kitchen,1,474.44,20,2025-04-08
TXN-15708,North,Apparel,3,411.32,29,2025-04-18
TXN-15709,South,Electronics,8,475.45,7,2025-03-15
TXN-15710,North,Apparel,10,464.01,15,2025-03-15
TXN-15711,South,Fitness,20,8.35,6,2025-03-04
TXN-15712,West,Electronics,5,112.99,15,2025-05-24
TXN-15713,East,Apparel,8,89.52,22,2025-05-28
TXN-15714,West,Fitness,18,147.62,5,2025-03-25
TXN-15715,South,Books,4,285.72,22,2025-04-17
TXN-15716,East,Groceries,7,277.97,6,2025-03-13
TXN-15717,North,Apparel,7,306.92,8,2025-05-04
TXN-15718,West,Fitness,8,404.90,9,2025-03-28
TXN-15719,North,Books,19,260.16,15,2025-05-04
TXN-15720,South,Home & Kitchen,1,408.14,19,2025-04-06
TXN-15721,South,Groceries,14,397.32,11,2025-03-28
TXN-15722,West,Apparel,14,343.02,23,2025-03-13
TXN-15723,West,Electronics,10,429.28,5,2025-05-03
TXN-15724,East,Books,18,253.52,29,2025-05-05
TXN-15725,South,Home & Kitchen,10,281.80,1,2025-04-22
TXN-15726,South,Groceries,15,423.56,3,2025-05-16
TXN-15727,West,Books,16,275.47,3,2025-03-31
TXN-15728,East,Apparel,9,95.79,2,2025-05-04
TXN-15729,North,Home & Kitchen,17,414.95,11,2025-04-22
TXN-15730,East,Apparel,12,83.46,20,2025-05-03
TXN-15731,East,Groceries,12,205.35,8,2025-05-27
TXN-15732,West,Groceries,5,362.57,25,2025-04-16
TXN-15733,East,Electronics,-2,52.97,26,2025-03-15
TXN-15734,East,Fitness,1,236.22,16,2025-05-25
TXN-15735,West,Books,9,171.99,3,2025-04-04
TXN-15736,East,Books,19,79.99,21,2025-03-26
TXN-15737,North,Apparel,1,41.85,10,2025-04-30
TXN-15738,West,Home & Kitchen,16,437.23,17,2025-05-31
TXN-15739,South,Home & Kitchen,12,180.36,17,2025-05-21
TXN-15740,North,Fitness,2,51.90,17,2025-05-02
TXN-15741,West,Groceries,16,297.97,0,2025-04-07
TXN-15742,South,Fitness,14,164.99,18,2025-04-30
TXN-15743,North,Home & Kitchen,12,349.08,27,2025-05-06
TXN-15744,North,Books,7,50.31,14,2025-04-29
TXN-15745,East,Electronics,2,37.40,7,2025-04-06
TXN-15746,South,Groceries,19,426.47,15,2025-04-10
TXN-15747,North,Fitness,15,12.82,1,2025-05-13
TXN-15748,South,Electronics,19,454.17,22,2025-04-28
TXN-15749,West,Home & Kitchen,17,385.44,25,2025-03-19
TXN-15750,North,Electronics,1,376.10,11,2025-04-26
TXN-15751,East,Books,4,251.38,14,2025-04-15
TXN-15752,North,Home & Kitchen,3,423.76,12,2025-04-27
TXN-15753,West,Home & Kitchen,10,270.17,12,2025-05-13
TXN-15754,West,Books,10,32.68,5,2025-03-31
TXN-15755,South,Apparel,6,266.91,2,2025-04-05
TXN-15756,North,Groceries,15,345.19,5,2025-04-21
TXN-15757,North,Electronics,16,173.35,4,2025-03-18
TXN-15758,South,Apparel,2,230.78,1,2025-05-14
TXN-15759,West,Home & Kitchen,18,55.90,25,2025-05-11
TXN-15760,North,Fitness,12,60.01,17,2025-03-22
TXN-15761,East,Groceries,12,482.27,14,2025-04-20
TXN-15762,South,Fitness,5,403.66,23,2025-05-12
TXN-15763,South,Home & Kitchen,16,211.37,22,2025-04-15
TXN-15764,North,Electronics,17,55.38,24,2025-04-05
TXN-15765,South,Fitness,17,49.68,12,2025-03-22
TXN-15766,North,Home & Kitchen,14,504.38,20,2025-03-21
TXN-15767,East,Apparel,6,286.85,1,2025-05-03
TXN-15768,East,Electronics,9,235.16,20,2025-03-04
TXN-15769,East,Home & Kitchen,18,169.50,18,2025-05-09
TXN-15770,South,Apparel,7,293.45,0,2025-05-10
TXN-15771,North,Home & Kitchen,15,108.79,3,2025-05-15
TXN-10051,South,Fitness,13,39.54,15,2025-04-26
TXN-15773,West,Electronics,5,447.97,5,2025-04-15
TXN-15774,South,Electronics,3,377.44,17,2025-05-02
TXN-14997,West,Books,12,144.22,10,2025-05-04
TXN-15776,South,Groceries,20,268.55,25,2025-05-21
TXN-15777,West,Electronics,7,364.99,6,2025-04-27
TXN-15778,South,Fitness,15,93.04,0,2025-03-18
TXN-15779,North,Fitness,19,344.15,11,2025-05-25
TXN-15780,South,Fitness,2,279.26,19,2025-03-21
TXN-15781,North,Books,8,376.08,7,2025-03-06
TXN-15782,East,Books,12,116.18,15,2025-04-17
TXN-15783,South,Fitness,5,64.40,6,2025-04-02
TXN-15784,West,Apparel,3,104.26,5,2025-04-29
TXN-15785,East,Fitness,4,304.29,10,2025-05-12
TXN-15786,North,Electronics,3,300.72,150,2025-04-15
TXN-15787,East,Fitness,15,183.46,25,2025-03-15
TXN-15788,North,Apparel,18,460.27,3,2025-03-07
TXN-15789,North,Groceries,10,347.11,7,2025-04-05
TXN-15790,South,Books,5,141.85,18,2025-04-24
TXN-15791,East,Electronics,20,484.86,150,2025-05-15
TXN-15792,West,Books,4,109.01,25,2025-06-01
TXN-15793,West,Home & Kitchen,12,137.15,28,2025-04-28
TXN-15794,West,Electronics,16,280.83,1,2025-03-12
TXN-15795,South,Fitness,12,144.51,6,2025-05-19
TXN-15796,South,Home & Kitchen,16,188.61,5,2025-05-26
TXN-15797,West,Home & Kitchen,20,19.76,21,2025-05-01
TXN-15798,North,Apparel,18,417.40,4,2025-05-14
TXN-15799,East,Fitness,2,444.90,26,2025-03-16
TXN-15800,North,Fitness,18,128.91,24,2025-04-23
TXN-15801,North,Electronics,3,421.44,9,2025-03-14
TXN-15802,North,Fitness,2,186.78,21,2025-05-14
TXN-15803,East,Apparel,16,321.11,17,2025-05-13
TXN-15804,North,Electronics,2,237.42,17,2025-04-15
TXN-15805,South,Home & Kitchen,8,436.08,23,2025-04-29
TXN-15806,North,Apparel,2,437.24,20,2025-05-27
TXN-15807,West,Fitness,7,409.61,10,2025-04-17
TXN-15808,West,Books,8,466.51,4,2025-03-10
TXN-15809,West,Home & Kitchen,9,185.63,5,2025-04-18
TXN-15810,West,Apparel,14,342.78,21,2025-04-04
TXN-15811,West,Groceries,6,348.06,23,2025-03-17
TXN-15812,North,Books,13,185.66,7,2025-04-19
TXN-15813,South,Books,11,339.14,18,2025-05-31
TXN-15814,West,Apparel,19,94.13,3,2025-03-15
TXN-15815,North,Books,14,427.32,7,2025-05-08
TXN-15816,South,Groceries,17,142.92,28,2025-04-07
TXN-11565,East,Fitness,9,119.83,3,2025-03-12
TXN-15818,West,Home & Kitchen,19,63.68,23,2025-03-10
TXN-15819,West,Electronics,20,89.43,10,2025-04-06
TXN-15820,South,Home & Kitchen,6,7.15,23,2025-04-15
TXN-15821,North,Apparel,11,55.42,3,2025-05-19
TXN-15822,East,Apparel,6,294.33,25,2025-05-28
TXN-15823,West,Books,15,61.67,23,2025-05-01
TXN-15824,South,Apparel,14,108.95,4,2025-03-25
TXN-15825,South,Electronics,8,397.04,28,2025-03-10
TXN-15826,East,Home & Kitchen,2,305.55,14,2025-03-07
TXN-15827,North,Apparel,8,499.44,29,2025-04-05
TXN-15828,East,Home & Kitchen,5,101.06,0,2025-05-08
TXN-15829,West,Apparel,7,343.86,23,2025-03-12
TXN-15830,East,Fitness,2,INVALID_PRICE,24,2025-05-01
TXN-15831,South,Books,18,491.60,19,2025-03-18
TXN-15832,West,Groceries,8,275.82,28,2025-04-23
TXN-15833,East,Electronics,14,437.85,28,2025-04-19
TXN-15834,North,Books,19,196.10,20,2025-03-16
TXN-15835,North,Apparel,4,157.19,22,2025-05-18
TXN-15836,South,Books,9,462.57,1,2025-05-05
TXN-15837,East,Home & Kitchen,3,299.33,10,2025-03-19
TXN-15838,West,Books,18,268.64,8,2025-05-27
TXN-15839,North,Groceries,20,301.65,18,2025-05-18
TXN-15840,South,Books,15,293.11,10,2025-03-14
TXN-15841,South,Groceries,2,491.46,8,2025-05-09
TXN-15842,West,Groceries,8,388.03,28,2025-04-17
TXN-15843,South,Apparel,5,99.13,1,2025-05-31
TXN-15844,South,Groceries,20,312.09,3,2025-04-02
TXN-15845,West,Groceries,3,376.81,19,2025-04-30
TXN-15846,North,Fitness,19,180.57,3,2025-05-24
TXN-15847,North,Apparel,20,373.02,7,2025-05-28
TXN-15848,West,Apparel,1,42.60,1,2025-03-06
TXN-15849,East,Electronics,18,199.91,14,2025-05-13
TXN-15850,South,Apparel,11,118.09,15,2025-04-14
TXN-15851,West,Home & Kitchen,14,126.14,14,2025-04-14
TXN-15852,West,Books,20,348.43,1,2025-03-09
TXN-15853,West,Home & Kitchen,3,362.46,10,2025-05-31
TXN-15854,West,Fitness,13,11.49,21,2025-03-06
TXN-15855,West,Home & Kitchen,-4,393.84,13,2025-03-24
TXN-15856,North,Apparel,9,356.47,26,2025-04-25
TXN-15857,West,Home & Kitchen,10,391.99,29,2025-04-06
TXN-15858,North,Home & Kitchen,4,203.46,3,2025-03-12
TXN-15859,East,Fitness,2,479.32,12,2025-04-10
TXN-15860,East,Fitness,14,370.73,16,2025-03-14
TXN-15861,South,Books,12,113.49,18,2025-05-27
TXN-15862,South,Books,20,326.57,11,2025-05-25
TXN-15863,East,Electronics,13,178.52,24,2025-03-13
TXN-15864,North,Home & Kitchen,6,36.09,8,2025-05-28
TXN-15865,West,Books,9,203.67,4,2025-05-23
TXN-15866,South,Apparel,16,435.48,27,2025-05-12
TXN-15867,West,Books,14,336.44,14,2025-05-21
TXN-15868,South,Groceries,18,120.46,30,2025-03-19
TXN-15869,West,Electronics,19,235.92,21,2025-03-20
TXN-15870,South,Fitness,19,292.74,20,2025-05-09
TXN-15871,East,Books,-5,469.92,14,2025-04-24
TXN-15872,East,Apparel,20,142.71,12,2025-04-15
TXN-15873,East,Apparel,12,427.05,5,2025-04-20
TXN-15874,South,Groceries,14,349.49,4,2025-05-22
TXN-15875,East,Apparel,20,285.80,11,2025-05-19
TXN-15876,West,Electronics,1,123.15,4,2025-05-27
TXN-15877,East,Apparel,14,292.49,29,2025-05-10
TXN-15878,West,Electronics,10,38.95,28,2025-04-15
TXN-15879,South,Books,10,412.32,1,2025-04-10
TXN-15880,North,Groceries,15,483.90,22,2025-03-05
TXN-15881,West,Home & Kitchen,19,92.71,8,2025-04-04
TXN-15882,West,Groceries,7,14.76,29,2025-05-07
TXN-15883,West,Books,14,INVALID_PRICE,2,2025-03-21
TXN-15884,West,Books,5,49.65,4,2025-04-30
TXN-15885,East,Books,4,252.21,5,2025-03-09
TXN-15886,North,Apparel,12,335.75,28,2025-03-22
TXN-15887,North,Books,9,501.16,13,2025-03-20
TXN-15888,South,Electronics,20,19.51,9,2025-04-15
TXN-15889,East,Electronics,14,251.12,25,2025-03-30
TXN-15890,West,Groceries,5,120.87,29,2025-03-07
TXN-15891,South,Electronics,19,283.68,13,2025-05-05
TXN-15892,East,Apparel,4,210.18,28,2025-04-21
TXN-15893,South,Apparel,16,74.40,11,2025-03-13
TXN-15894,East,Electronics,10,428.70,19,2025-05-24
TXN-15895,South,Home & Kitchen,19,281.93,11,2025-03-15
TXN-15896,West,Home & Kitchen,9,381.96,7,2025-05-16
TXN-15897,South,Fitness,18,17.83,3,2025-05-27
TXN-15898,West,Home & Kitchen,19,252.34,15,2025-04-28
TXN-15899,South,Apparel,1,194.11,15,2025-03-24
TXN-15900,West,Apparel,1,252.54,3,2025-05-23
TXN-15901,West,Fitness,19,212.31,3,2025-03-27
TXN-15902,South,Apparel,14,312.33,27,2025-05-20
TXN-15903,South,Apparel,13,321.84,1,2025-05-20
TXN-11041,West,Books,4,226.39,23,2025-04-24
TXN-15905,West,Groceries,3,475.17,9,2025-03-19
TXN-15906,South,Groceries,19,168.67,10,2025-03-14
TXN-15907,South,Apparel,12,149.45,20,2025-03-26
TXN-15908,East,Apparel,11,295.96,16,2025-05-02
TXN-15909,South,Apparel,6,189.93,12,2025-05-10
TXN-15910,East,Electronics,6,183.45,14,2025-03-11
TXN-15911,South,Home & Kitchen,20,INVALID_PRICE,3,2025-04-05
TXN-15912,North,Fitness,2,248.26,20,2025-04-18
TXN-15913,West,Fitness,16,39.47,6,2099-12-31
TXN-15914,North,Apparel,13,325.05,29,2025-04-10
TXN-15915,East,Groceries,12,435.00,1,2025-04-22
TXN-15916,North,Books,3,121.11,24,2025-05-16
TXN-15917,West,Home & Kitchen,20,177.07,25,2025-03-23
TXN-15918,East,Home & Kitchen,6,269.34,2,2025-03-12
TXN-15919,East,Home & Kitchen,16,232.46,29,2025-05-30
TXN-15920,East,Fitness,5,266.28,13,2025-04-23
TXN-15921,East,Fitness,10,164.70,3,2025-05-26
TXN-15922,South,Fitness,13,362.97,15,2025-04-04
TXN-15923,East,Books,3,388.34,11,2025-03-20
TXN-15924,South,Groceries,19,319.26,15,2025-03-30
TXN-15925,East,Apparel,14,491.30,21,2025-05-31
TXN-15926,North,Fitness,11,406.77,19,2025-05-27
TXN-15927,North,Electronics,4,220.49,12,2025-03-10
TXN-15928,West,Fitness,3,369.42,7,2025-03-13
TXN-15929,North,Home & Kitchen,10,277.00,21,2025-03-10
TXN-15930,East,Books,15,235.87,26,2025-04-05
TXN-15931,East,Home & Kitchen,13,423.29,25,2025-04-27
TXN-15932,East,Groceries,20,120.29,4,2025-04-22
TXN-15933,North,Books,17,156.49,7,2025-04-09
TXN-15934,East,Fitness,17,87.23,20,2025-04-08
TXN-15935,North,Home & Kitchen,17,49.36,22,2025-04-20
TXN-15936,South,Apparel,11,487.01,27,2025-04-17
TXN-15937,East,Electronics,16,477.14,8,2025-05-31
TXN-15938,East,Fitness,10,223.24,10,2025-05-16
TXN-15939,East,Fitness,19,171.83,28,2025-04-18
TXN-15940,East,Books,17,12.06,28,2025-03-24
TXN-15941,East,Books,12,311.25,19,2025-04-29
TXN-15942,South,Fitness,4,47.88,2,2025-05-18
TXN-15943,West,Electronics,9,416.15,10,2025-03-30
TXN-15944,South,Books,13,271.50,8,2025-05-31
TXN-15945,West,Books,14,448.22,28,2025-04-12
TXN-15946,West,Fitness,17,495.23,20,2025-04-26
TXN-15947,South,Fitness,1,10.56,13,2025-05-31
TXN-15948,North,Home & Kitchen,12,226.50,10,2025-04-28
TXN-15949,South,Books,14,135.01,18,2025-04-11
TXN-15950,West,Groceries,1,332.86,22,2025-05-03
TXN-15951,South,Fitness,17,158.71,11,2025-03-26
TXN-15952,East,Groceries,13,282.59,26,2025-03-30
TXN-15953,North,Books,18,498.21,2,2025-03-19
TXN-15954,West,Apparel,2,208.38,14,2025-05-28
TXN-15955,North,Groceries,17,502.71,11,2025-03-08
TXN-15956,North,Books,4,49.85,2,2025-03-19
TXN-15957,East,Books,5,328.89,27,2025-05-23
TXN-15958,North,Fitness,9,400.07,15,2025-05-22
TXN-15959,South,Apparel,14,316.60,13,2025-05-03
TXN-15960,West,Home & Kitchen,4,28.55,11,2025-03-26
TXN-15961,West,Books,10,452.81,6,2025-03-18
TXN-15962,South,Electronics,4,28.34,27,2025-05-04
TXN-15963,East,Apparel,11,299.41,16,2025-03-27
TXN-15964,East,Home & Kitchen,17,70.06,26,2025-03-21
TXN-15965,North,Apparel,6,124.79,16,2025-05-21
TXN-15966,West,Home & Kitchen,20,177.91,26,2025-05-12
TXN-15967,South,Books,18,230.87,1,2025-04-01
TXN-15968,East,Apparel,12,81.56,2,2025-04-25
TXN-15969,East,Apparel,1,142.24,24,2025-05-01
TXN-15970,West,Fitness,8,290.31,9,2025-04-28
TXN-15971,West,Fitness,4,460.63,28,2025-06-01
TXN-15972,East,Electronics,14,267.60,9,2025-05-15
TXN-15973,North,Groceries,16,354.64,11,2025-03-17
TXN-15974,East,Electronics,18,406.61,21,2025-05-01
TXN-15975,South,Groceries,9,201.85,27,2025-05-16
TXN-15976,East,Apparel,5,123.58,1,2025-03-04
TXN-15977,South,Books,6,425.48,13,2025-05-31
TXN-15978,North,Electronics,20,499.50,17,2025-04-01
TXN-15979,West,Groceries,12,338.94,6,2025-04-19
TXN-15980,South,Fitness,5,362.07,22,2025-03-29
TXN-15981,East,Apparel,12,208.10,1,2025-04-24
TXN-15982,North,Books,5,301.51,11,2025-04-08
TXN-15983,East,Apparel,18,165.64,23,2025-05-16
TXN-15984,East,Apparel,14,316.45,3,2025-03-23
TXN-15985,East,Groceries,14,487.32,7,2025-03-26
TXN-15986,East,Groceries,13,427.40,9,2025-03-10
TXN-15987,North,Electronics,18,417.49,25,2025-03-08
TXN-15988,East,Fitness,10,50.71,14,2025-04-25
TXN-15989,West,Electronics,16,302.95,5,2025-05-28
TXN-15990,East,Electronics,13,399.53,19,2025-04-21
TXN-15991,West,Home & Kitchen,11,39.15,27,2025-05-15
TXN-15992,West,Apparel,12,477.91,27,2025-03-23
TXN-15993,East,Groceries,13,248.68,14,2025-03-13
TXN-15994,East,Electronics,11,96.35,8,2025-04-16
TXN-15995,North,Home & Kitchen,19,86.14,12,2025-04-04
TXN-15996,South,Home & Kitchen,4,10.75,24,2025-05-22
TXN-15997,North,Home & Kitchen,19,179.81,28,2025-05-22
TXN-15998,West,Electronics,6,463.35,7,2025-04-07
TXN-15999,West,Books,14,360.79,10,2025-05-31
TXN-16000,South,Home & Kitchen,18,337.57,22,2025-04-22
TXN-16001,East,Apparel,3,366.99,4,2025-04-11
TXN-16002,East,Apparel,12,184.45,22,2025-03-11
TXN-16003,South,Groceries,1,372.57,10,2025-05-10
TXN-16004,East,Fitness,17,20.77,11,2025-03-15
TXN-16005,North,Books,6,318.36,15,2025-05-17
TXN-16006,East,Books,8,470.12,13,2025-03-19
TXN-16007,West,Fitness,18,278.71,2,2025-03-11
TXN-16008,North,Home & Kitchen,10,392.17,2,2025-05-27
TXN-16009,South,Books,12,442.25,28,2025-05-03
TXN-16010,East,Apparel,-5,386.19,8,2025-03-16
TXN-16011,South,Home & Kitchen,2,239.56,22,2025-03-18
TXN-16012,East,Home & Kitchen,19,256.75,0,2025-04-26
TXN-16013,West,Books,7,226.45,18,2025-04-18
TXN-16014,West,Electronics,20,290.01,7,2025-05-13
TXN-10329,South,Electronics,19,282.64,8,2025-03-20
TXN-16016,West,Groceries,11,309.87,9,2025-05-14
TXN-16017,South,Groceries,10,222.75,29,2025-04-22
TXN-16018,East,Electronics,14,482.98,20,2025-03-13
TXN-16019,East,Fitness,10,451.90,12,2025-04-05
TXN-16020,South,Fitness,5,408.30,16,2025-04-04
TXN-16021,East,Apparel,12,208.05,19,2025-03-13
TXN-16022,North,Electronics,20,36.82,30,2025-05-05
TXN-16023,South,Fitness,8,58.23,2,2025-03-21
TXN-16024,North,Books,10,108.39,26,2025-04-04
TXN-16025,South,Home & Kitchen,15,391.90,4,2025-05-15
TXN-16026,West,Groceries,11,433.32,17,2025-04-13
TXN-16027,North,Fitness,13,137.63,1,2025-03-25
TXN-16028,West,Apparel,1,207.35,4,2025-03-15
TXN-16029,South,Fitness,3,143.96,15,2025-03-06
TXN-16030,North,Books,2,212.34,28,2025-04-16
TXN-16031,South,Fitness,16,366.83,18,2025-04-15
TXN-16032,South,Books,11,106.67,5,2025-04-26
TXN-16033,West,Home & Kitchen,3,225.94,28,2025-03-22
TXN-16034,South,Books,4,436.12,28,2025-05-31
TXN-16035,South,Home & Kitchen,8,284.51,8,2025-05-13
TXN-16036,West,Books,1,498.72,15,2025-03-05
TXN-16037,South,Books,12,363.04,13,2025-05-19
TXN-16038,East,Home & Kitchen,17,481.65,8,2025-05-04
TXN-16039,South,Electronics,17,69.67,15,2025-03-06
TXN-16040,West,Electronics,12,445.94,23,2025-05-19
TXN-16041,North,Home & Kitchen,4,79.16,21,2025-05-15
TXN-16042,North,Fitness,11,25.18,2,2025-05-17
TXN-16043,North,Books,12,336.98,9,2025-04-07
TXN-16044,South,Electronics,2,419.66,13,2025-05-22
TXN-16045,East,Home & Kitchen,9,303.08,15,2025-04-09
TXN-16046,West,Fitness,2,128.55,5,2025-05-06
TXN-16047,West,Fitness,19,293.82,27,2025-03-06
TXN-16048,West,Home & Kitchen,12,282.23,29,2025-03-31
TXN-16049,North,Home & Kitchen,15,38.01,15,2025-05-31
TXN-16050,North,Groceries,10,199.49,8,2025-03-11
TXN-16051,East,Books,14,230.79,5,2025-04-29
TXN-16052,West,Fitness,7,133.93,20,2025-03-10
TXN-16053,West,Fitness,16,86.67,28,2025-05-21
TXN-16054,North,Fitness,8,229.82,9,2025-03-04
TXN-16055,East,Apparel,6,346.18,10,2025-04-07
TXN-16056,West,Fitness,8,14.61,15,2025-04-26
TXN-16057,South,Groceries,13,389.74,9,2025-03-19
TXN-16058,North,Apparel,11,250.20,30,2025-05-20
TXN-16059,West,Home & Kitchen,16,208.75,16,2025-05-12
TXN-16060,North,Groceries,4,381.18,15,2025-03-21
TXN-16061,West,Home & Kitchen,10,217.65,19,2025-03-17
TXN-16062,West,Books,5,50.30,19,2025-04-12
TXN-16063,East,Groceries,1,108.87,3,2025-04-27
TXN-16064,North,Electronics,5,236.83,9,2025-04-24
TXN-16065,North,Books,6,159.59,22,2025-03-30
TXN-16066,West,Home & Kitchen,14,203.06,4,2025-03-06
TXN-16067,North,Groceries,18,158.02,25,2025-03-26
TXN-16068,South,Electronics,2,92.74,29,2025-04-21
TXN-16069,South,Electronics,6,492.79,12,2025-04-09
TXN-16070,North,Books,10,158.77,5,2025-03-10
TXN-16071,South,Home & Kitchen,10,443.77,2,2025-04-28
TXN-16072,North,Books,19,5.37,15,2025-04-11
TXN-16073,North,Apparel,6,324.56,21,2025-05-08
TXN-16074,East,Books,6,51.28,21,2025-05-28
TXN-16075,West,Groceries,19,212.99,22,2025-04-23
TXN-16076,East,Home & Kitchen,18,482.62,12,2025-03-26
TXN-16077,North,Apparel,18,282.06,8,2025-05-11
TXN-16078,North,Apparel,10,332.44,5,2025-04-29
TXN-16079,West,Apparel,7,276.55,13,2025-04-23
TXN-16080,West,Apparel,14,217.33,14,2025-03-21
TXN-16081,North,Books,19,408.59,18,2025-04-20
TXN-16082,North,Books,3,149.61,14,2025-04-11
TXN-16083,East,Fitness,17,436.02,4,2025-04-15
TXN-16084,North,Groceries,17,178.89,29,2025-05-02
TXN-16085,North,Apparel,5,491.92,10,2025-04-09
TXN-16086,East,Books,11,489.79,13,2025-04-17
TXN-16087,South,Apparel,15,471.17,3,2025-05-15
TXN-16088,West,Apparel,18,463.08,22,2025-03-16
TXN-16089,South,Books,11,465.93,2,2025-03-20
TXN-16090,South,Electronics,12,24.25,27,2025-03-11
TXN-16091,East,Fitness,19,328.11,15,2025-03-26
TXN-16092,East,Groceries,19,134.47,2,2025-04-03
TXN-16093,South,Groceries,4,66.55,5,2025-05-06
TXN-16094,West,Books,4,226.54,17,2025-05-30
TXN-16095,East,Fitness,1,383.05,13,2025-03-21
TXN-16096,East,Apparel,8,400.44,21,2025-05-18
TXN-16097,West,Home & Kitchen,3,303.51,25,2025-03-11
TXN-16098,North,Groceries,20,231.59,19,2025-03-08
TXN-16099,East,Fitness,9,66.98,9,2025-03-09
TXN-16100,West,Home & Kitchen,3,63.18,13,2025-04-22
TXN-16101,East,Groceries,1,301.11,25,2025-04-14
TXN-16102,East,Books,15,241.28,19,2025-05-14
TXN-16103,West,Apparel,14,367.74,30,2025-03-22
TXN-16104,West,Books,7,40.13,2,2025-05-28
TXN-16105,South,Electronics,16,462.57,9,2025-04-27
TXN-16106,North,Books,16,77.27,29,2025-05-23
TXN-16107,East,Books,17,462.81,29,2025-05-07
TXN-16108,North,Books,14,278.80,11,2025-04-03
TXN-16109,East,Home & Kitchen,14,220.10,0,2025-03-24
TXN-16110,South,Electronics,2,119.68,6,2025-03-05
TXN-16111,South,Groceries,3,481.54,14,2025-04-26
TXN-16112,South,Home & Kitchen,15,77.31,23,2025-04-04
TXN-16113,South,Home & Kitchen,19,449.48,16,2025-04-03
TXN-16114,West,Home & Kitchen,5,485.54,23,2025-05-05
TXN-16115,North,Electronics,18,270.79,22,2025-03-06
TXN-16116,North,Groceries,12,202.56,25,2025-04-22
TXN-16117,West,Books,17,350.72,28,2025-03-10
TXN-16118,West,Groceries,3,67.43,19,2025-05-09
TXN-16119,North,Home & Kitchen,13,403.85,0,2025-03-05
TXN-16120,South,Fitness,15,368.70,12,2025-04-12
TXN-16121,East,Apparel,13,INVALID_PRICE,18,2025-04-22
TXN-16122,North,Home & Kitchen,7,240.44,29,2025-04-26
TXN-16123,North,Groceries,20,254.10,3,2025-03-26
TXN-16124,East,Groceries,9,457.69,30,2025-03-07
TXN-16125,East,Fitness,3,419.54,21,2025-05-03
TXN-16126,East,Apparel,5,460.90,4,2025-04-12
TXN-16127,West,Home & Kitchen,1,494.80,22,2025-03-28
TXN-16128,North,Home & Kitchen,11,223.59,23,2025-05-15
TXN-16129,North,Home & Kitchen,2,69.09,28,2025-04-20
TXN-16130,North,Fitness,19,412.30,29,2025-05-31
TXN-16131,South,Apparel,11,342.23,26,2025-03-31
TXN-16132,South,Groceries,9,234.74,27,2025-03-15
TXN-16133,East,Apparel,4,218.19,23,2025-03-06
TXN-16134,West,Electronics,16,156.61,28,2025-03-27
TXN-16135,South,Books,11,322.58,24,2025-04-20
TXN-16136,South,Home & Kitchen,15,32.23,17,2025-05-18
TXN-16137,North,Electronics,16,130.26,26,2025-04-11
TXN-16138,West,Apparel,20,177.48,26,2025-03-21
TXN-16139,South,Books,13,21.90,24,2025-04-27
TXN-16140,North,Electronics,7,342.25,0,2025-05-09
TXN-16141,West,Home & Kitchen,5,35.99,21,2025-05-08
TXN-16142,North,Apparel,19,210.89,17,2025-04-30
TXN-16143,South,Books,7,255.81,22,2025-03-24
TXN-16144,South,Apparel,1,281.71,21,2025-03-24
TXN-16145,North,Apparel,9,193.56,8,2025-03-24
TXN-16146,West,Electronics,5,437.82,20,2025-04-26
TXN-16147,West,Groceries,11,127.95,10,2099-12-31
TXN-16148,South,Electronics,19,418.81,12,2025-04-29
TXN-16149,South,Electronics,19,412.75,0,2025-03-09
TXN-16150,South,Home & Kitchen,8,457.13,11,2025-05-25
TXN-16151,South,Groceries,16,204.82,27,2025-03-27
TXN-16152,North,Apparel,11,172.67,13,2025-03-20
TXN-16153,East,Home & Kitchen,10,222.03,17,2099-12-31
TXN-15758,East,Fitness,10,358.27,19,2025-05-14
TXN-16155,South,Electronics,11,291.67,14,2025-05-23
TXN-16156,West,Home & Kitchen,16,368.20,27,2025-05-31
TXN-16157,West,Electronics,9,445.96,4,2025-05-23
TXN-16158,South,Groceries,19,472.00,7,2025-05-09
TXN-16159,East,Apparel,6,356.39,3,2025-05-31
TXN-16160,West,Groceries,1,380.93,21,2025-05-12
TXN-16161,East,Apparel,7,473.04,10,2025-05-05
TXN-16162,West,Fitness,5,282.22,10,2025-04-18
TXN-16163,South,Groceries,16,313.75,2,2025-05-25
TXN-16164,West,Electronics,4,133.29,19,2025-04-10
TXN-16165,East,Fitness,11,157.39,15,2025-05-16
TXN-16166,East,Fitness,18,244.86,23,2025-05-18
TXN-16167,East,Apparel,18,368.02,8,2025-05-29
TXN-16168,North,Books,2,292.63,22,2025-05-15
TXN-16169,East,Books,2,149.99,24,2025-05-18
TXN-16170,West,Apparel,14,400.81,6,2025-05-21
TXN-16171,East,Home & Kitchen,7,499.56,19,2025-05-09
TXN-16172,North,Books,14,327.03,23,2025-03-06
TXN-16173,South,Fitness,3,205.89,24,2025-03-10
TXN-16174,East,Apparel,5,155.84,24,2025-03-14
TXN-16175,North,Books,2,353.86,30,2025-05-20
TXN-16176,West,Fitness,9,420.95,27,2025-04-07
TXN-16177,West,Groceries,6,14.10,12,2025-04-07
TXN-16178,East,Groceries,3,149.88,1,2025-05-24
TXN-16179,North,Apparel,6,75.46,28,2025-03-22
TXN-16180,South,Home & Kitchen,7,356.46,18,2025-04-08
TXN-16181,South,Apparel,20,78.98,0,2025-05-31
TXN-16182,West,Electronics,9,142.51,14,2025-03-16
TXN-16183,East,Books,7,450.27,19,2025-03-14
TXN-16184,North,Books,18,253.46,5,2025-04-20
TXN-16185,East,Fitness,1,275.84,16,2025-03-27
TXN-16186,East,Fitness,15,359.10,26,2025-03-13
TXN-16187,West,Home & Kitchen,3,384.00,21,2025-04-05
TXN-16188,South,Groceries,10,260.68,16,2025-05-04
TXN-16189,East,Home & Kitchen,6,214.12,150,2025-05-08
TXN-16190,East,Fitness,18,346.57,26,2025-04-17
TXN-16191,South,Groceries,9,129.67,12,2025-05-01
TXN-16192,East,Fitness,11,33.51,20,2025-05-30
TXN-16193,North,Groceries,6,INVALID_PRICE,21,2025-03-06
TXN-16194,East,Home & Kitchen,16,46.12,11,2025-03-06
TXN-16195,North,Groceries,13,284.61,19,2025-05-25
TXN-16196,West,Groceries,15,501.59,15,2025-03-11
TXN-16197,East,Groceries,1,187.60,6,2025-04-14
TXN-16198,West,Apparel,13,365.31,15,2025-04-07
TXN-16199,East,Fitness,11,500.98,29,2025-04-01
TXN-16200,North,Groceries,5,329.15,16,2025-04-04
TXN-16201,North,Apparel,14,444.50,29,2025-03-04
TXN-16202,West,Groceries,7,200.76,10,2025-05-31
TXN-16203,West,Home & Kitchen,2,200.51,25,2025-03-18
TXN-16204,East,Groceries,13,492.92,19,2025-04-27
TXN-16205,South,Books,4,260.68,0,2025-03-15
TXN-16206,North,Books,17,393.11,9,2025-05-28
TXN-16207,West,Home & Kitchen,10,306.40,13,2025-03-18
TXN-16208,West,Electronics,14,268.51,10,2025-04-04
TXN-16209,West,Groceries,3,168.74,16,2025-03-07
TXN-16210,South,Fitness,14,INVALID_PRICE,3,2025-04-07
TXN-16211,North,Fitness,17,222.53,26,2025-04-15
TXN-16212,South,Groceries,10,321.20,15,2025-03-08
TXN-16213,West,Home & Kitchen,12,452.56,20,2025-05-02
TXN-16214,South,Apparel,16,286.44,15,2025-05-10
TXN-16215,South,Books,4,263.98,2,2025-05-08
TXN-16216,North,Groceries,5,249.19,14,2025-03-04
TXN-16217,North,Electronics,12,430.79,19,2025-03-08
TXN-16218,East,Groceries,6,455.57,14,2025-03-05
TXN-16219,East,Groceries,9,151.79,21,2025-04-12
TXN-16220,North,Fitness,9,119.30,16,2025-03-29
TXN-16221,West,Books,3,85.65,23,2025-03-22
TXN-16222,South,Books,15,465.33,21,2025-04-26
TXN-16223,North,Groceries,15,38.49,13,2025-05-21
TXN-16224,East,Apparel,18,230.38,2,2025-03-30
TXN-16225,West,Groceries,17,122.53,23,2025-04-05
TXN-16226,North,Electronics,2,325.26,24,2025-03-20
TXN-16227,South,Books,20,417.68,27,2025-05-07
TXN-16228,South,Groceries,12,484.60,9,2025-05-30
TXN-16229,East,Home & Kitchen,18,369.51,24,2025-05-16
TXN-16230,South,Books,2,454.28,7,2025-04-10
TXN-16231,East,Books,7,403.31,20,2025-03-25
TXN-16232,North,Books,15,336.97,5,2025-03-05
TXN-16233,North,Apparel,10,455.42,28,2025-04-11
TXN-16234,East,Apparel,2,31.84,2,2025-04-03
TXN-16235,West,Fitness,9,115.49,2,2025-03-06
TXN-16236,North,Groceries,6,150.00,29,2025-05-03
TXN-16237,West,Groceries,17,355.83,8,2025-03-25
TXN-16238,North,Groceries,7,288.05,1,2025-03-09
TXN-16239,North,Books,17,404.29,20,2025-04-09
TXN-16240,North,Apparel,4,473.56,15,2025-05-07
TXN-16241,South,Books,12,413.18,17,2025-05-17
TXN-16242,East,Apparel,10,478.98,28,2025-04-08
TXN-16243,North,Home & Kitchen,20,305.50,30,2025-05-01
TXN-16244,East,Apparel,11,370.42,30,2025-06-01
TXN-16245,West,Books,8,315.57,27,2025-03-19
TXN-16246,North,Groceries,17,124.35,150,2025-03-24
TXN-16247,West,Electronics,18,180.68,22,2025-04-05
TXN-16248,East,Groceries,10,34.62,14,2025-05-28
TXN-16249,South,Books,7,49.90,20,2025-05-10
TXN-16250,North,Groceries,10,57.56,22,2025-04-14
TXN-16251,North,Fitness,19,136.78,20,2025-05-25
TXN-16252,North,Electronics,12,338.49,8,2025-05-03
TXN-16253,North,Home & Kitchen,16,416.41,14,2025-04-30
TXN-16254,South,Fitness,17,311.20,29,2025-04-18
TXN-16255,West,Home & Kitchen,5,118.13,16,2025-05-23
TXN-16256,West,Home & Kitchen,16,478.52,7,2025-03-22
TXN-16257,West,Apparel,14,190.70,22,2025-05-30
TXN-16258,West,Groceries,12,44.10,27,2025-05-24
TXN-16259,West,Groceries,-4,58.45,13,2025-05-04
TXN-16260,East,Electronics,11,441.03,25,2025-04-12
TXN-16261,East,Electronics,17,331.42,13,2025-04-12
TXN-16262,East,Fitness,11,90.88,24,2025-03-12
TXN-16263,East,Electronics,-1,100.34,17,2025-03-17
TXN-16264,North,Fitness,13,135.70,4,2025-03-20
TXN-16265,West,Apparel,3,122.58,5,2025-04-15
TXN-16266,South,Fitness,18,457.03,15,2025-03-24
TXN-16267,West,Fitness,3,260.02,7,2025-03-16
TXN-16268,South,Groceries,3,470.92,5,2025-04-22
TXN-16269,North,Books,9,178.89,25,2025-05-19
TXN-16270,West,Groceries,19,94.16,24,2025-05-25
TXN-16271,South,Books,3,216.23,28,2025-05-04
TXN-16272,South,Apparel,11,14.69,26,2025-03-25
TXN-16273,West,Home & Kitchen,14,44.72,5,2025-06-01
TXN-16274,North,Apparel,10,277.66,27,2025-03-20
TXN-16275,East,Groceries,5,249.66,1,2025-04-16
TXN-16276,South,Home & Kitchen,15,70.11,2,2025-03-25
TXN-16277,West,Apparel,7,448.49,21,2025-03-17
TXN-16278,West,Fitness,6,286.75,21,2025-03-21
TXN-16279,East,Books,3,393.43,10,2025-05-13
TXN-16280,North,Books,15,501.55,29,2025-05-25
TXN-16281,West,Groceries,1,113.70,30,2025-04-19
TXN-16282,East,Books,7,100.40,27,2025-05-17
TXN-16283,East,Apparel,11,110.40,29,2025-04-28
TXN-16284,North,Fitness,16,INVALID_PRICE,15,2025-05-15
TXN-16285,South,Books,7,297.30,28,2025-04-24
TXN-16286,North,Electronics,10,121.38,14,2025-04-02
TXN-16287,South,Electronics,14,INVALID_PRICE,22,2025-04-24
TXN-16288,North,Apparel,17,417.86,23,2025-05-29
TXN-16289,West,Books,16,396.44,12,2025-03-12
TXN-16290,South,Books,19,254.56,16,2025-04-23
TXN-16291,South,Electronics,2,401.42,19,2025-05-26
TXN-16292,North,Electronics,1,71.19,14,2025-04-20
TXN-16293,South,Books,14,46.96,10,2025-04-17
TXN-16294,East,Home & Kitchen,12,488.54,10,2025-03-14
TXN-16295,West,Electronics,6,222.94,21,2025-04-28
TXN-16296,West,Fitness,20,24.40,3,2025-05-08
TXN-16297,East,Groceries,6,186.61,16,2025-05-05
TXN-16298,West,Groceries,3,14.02,28,2025-04-02
TXN-16299,South,Fitness,14,92.45,10,2025-05-22
TXN-16300,North,Fitness,6,360.16,18,2025-04-11
TXN-16301,West,Apparel,17,395.82,12,2025-03-05
TXN-16302,South,Electronics,16,INVALID_PRICE,19,2025-04-18
TXN-16303,East,Electronics,9,242.69,5,2025-05-02
TXN-16304,West,Home & Kitchen,3,321.57,14,2025-03-18
TXN-16305,East,Groceries,14,199.55,19,2025-03-12
TXN-16306,West,Electronics,18,448.86,20,2025-05-18
TXN-16307,North,Books,16,314.99,17,2025-03-08
TXN-16308,South,Groceries,14,357.30,20,2025-04-03
TXN-16309,North,Electronics,16,497.91,20,2025-05-04
TXN-16310,North,Fitness,6,88.73,11,2025-05-01
TXN-16311,East,Books,17,408.54,8,2099-12-31
TXN-16312,North,Groceries,12,164.98,18,2025-03-14
TXN-16313,South,Groceries,1,175.05,11,2025-06-01
TXN-16314,North,Fitness,7,18.39,12,2025-05-16
TXN-16315,South,Books,7,453.63,26,2025-03-16
TXN-16316,South,Books,2,386.81,17,2025-03-20
TXN-16317,East,Fitness,12,286.25,22,2025-05-10
TXN-16318,South,Fitness,9,178.27,9,2025-03-17
TXN-16319,East,Groceries,15,424.41,10,2025-04-06
TXN-16320,West,Fitness,9,180.33,21,2025-03-23
TXN-16321,West,Electronics,16,48.77,3,2025-05-31
TXN-16322,South,Fitness,6,301.72,10,2025-03-26
TXN-16323,West,Fitness,16,83.87,22,2025-06-01
TXN-16324,North,Electronics,14,18.54,28,2025-05-29
TXN-16325,East,Electronics,14,415.53,24,2025-03-07
TXN-16326,East,Books,2,429.12,29,2025-04-30
TXN-16327,East,Books,20,279.80,6,2025-05-28
TXN-16328,South,Home & Kitchen,18,162.62,4,2025-05-29
TXN-16329,North,Apparel,15,24.64,23,2025-05-18
TXN-16330,North,Fitness,13,332.69,23,2025-04-25
TXN-16331,North,Electronics,19,445.98,24,2025-04-14
TXN-16332,North,Electronics,10,240.07,17,2025-05-04
TXN-16333,North,Books,19,248.41,19,2025-04-29
TXN-16334,East,Groceries,19,84.04,0,2025-03-15
TXN-16335,South,Apparel,15,391.62,14,2025-05-31
TXN-16336,North,Home & Kitchen,3,465.54,14,2025-03-25
TXN-16337,South,Electronics,18,438.27,9,2025-06-01
TXN-16338,West,Apparel,8,275.48,7,2025-04-25
TXN-16339,North,Home & Kitchen,6,194.01,15,2025-04-30
TXN-16340,North,Home & Kitchen,17,121.15,22,2025-03-13
TXN-16341,North,Groceries,6,156.64,2,2025-03-19
TXN-16342,East,Home & Kitchen,1,11.16,22,2025-04-07
TXN-16343,South,Fitness,12,325.49,7,2025-04-04
TXN-16344,East,Books,12,481.92,16,2025-05-16
TXN-16345,East,Home & Kitchen,12,39.20,5,2025-03-28
TXN-16346,East,Apparel,10,145.54,3,2025-05-07
TXN-16347,West,Books,20,92.03,29,2025-03-24
TXN-16348,North,Fitness,6,187.24,4,2025-04-21
TXN-16349,North,Home & Kitchen,1,58.28,12,2025-03-19
TXN-16350,South,Groceries,10,450.03,14,2025-04-03
TXN-16351,West,Groceries,17,34.99,5,2025-04-14
TXN-16352,North,Books,14,173.27,10,2025-05-09
TXN-16353,East,Fitness,3,307.55,16,2025-05-17
TXN-16354,North,Groceries,6,118.95,29,2025-05-21
TXN-16355,West,Books,12,91.30,22,2025-05-13
TXN-16356,South,Electronics,9,225.97,11,2025-04-13
TXN-16357,East,Electronics,1,468.24,5,2025-04-18
TXN-16358,South,Groceries,11,268.92,29,2025-05-02
TXN-16359,North,Groceries,2,268.84,9,2025-04-24
TXN-16360,South,Books,2,98.30,5,2025-04-14
TXN-16361,West,Home & Kitchen,7,295.35,14,2025-05-21
TXN-16362,West,Groceries,5,258.09,1,2025-05-01
TXN-16363,West,Apparel,13,469.99,22,2025-05-14
TXN-16364,East,Fitness,14,127.88,16,2025-03-21
TXN-16365,South,Books,7,283.89,19,2025-05-14
TXN-16366,North,Groceries,9,331.96,15,2025-05-02
TXN-16367,North,Fitness,9,180.92,12,2025-03-23
TXN-16368,South,Home & Kitchen,9,491.18,24,2025-04-12
TXN-16369,North,Fitness,17,198.20,17,2025-04-06
TXN-16370,South,Apparel,13,170.20,1,2025-05-09
TXN-16371,South,Books,13,249.94,5,2025-03-08
TXN-16372,West,Electronics,5,54.30,8,2025-04-22
TXN-12992,North,Home & Kitchen,16,172.24,9,2025-05-29
TXN-16374,North,Electronics,11,500.47,27,2025-04-14
TXN-16375,North,Groceries,18,35.97,4,2025-04-20
TXN-16376,West,Apparel,11,331.44,4,2025-03-26
TXN-16377,West,Groceries,10,71.92,23,2025-04-14
TXN-16378,East,Books,-3,17.56,12,2025-05-30
TXN-16379,South,Electronics,15,65.33,19,2025-03-09
TXN-16380,South,Home & Kitchen,10,390.55,19,2025-04-12
TXN-16381,South,Groceries,11,35.76,19,2025-04-15
TXN-16382,West,Electronics,19,219.74,29,2025-03-18
TXN-16383,East,Home & Kitchen,20,277.59,12,2025-04-17
TXN-16384,South,Fitness,15,124.24,5,2025-05-11
TXN-16385,North,Books,8,493.84,16,2025-03-04
TXN-16386,South,Groceries,13,290.38,12,2025-04-19
TXN-16387,West,Electronics,9,91.27,17,2025-05-11
TXN-16388,North,Books,6,280.41,17,2025-03-28
TXN-16389,North,Home & Kitchen,15,150.75,20,2025-05-23
TXN-16390,South,Fitness,13,246.32,27,2025-04-18
TXN-16391,West,Electronics,14,309.45,22,2025-05-13
TXN-16392,West,Books,16,449.97,27,2025-05-11
TXN-16393,West,Books,1,305.63,19,2025-03-26
TXN-16394,West,Fitness,15,408.23,27,2025-04-29
TXN-16395,North,Electronics,1,8.33,28,2025-03-21
TXN-16396,North,Fitness,7,99.24,8,2025-04-16
TXN-16397,South,Books,3,166.82,13,2025-03-07
TXN-16398,North,Apparel,20,332.12,22,2025-03-27
TXN-16399,North,Books,2,113.84,24,2025-05-02
TXN-12113,West,Electronics,13,309.54,28,2025-04-23
TXN-16401,West,Fitness,12,24.02,12,2025-05-27
TXN-16402,East,Fitness,9,72.22,18,2025-05-01
TXN-16403,North,Fitness,12,98.98,29,2025-03-13
TXN-16404,North,Electronics,5,115.33,11,2025-05-17
TXN-16405,North,Home & Kitchen,7,18.38,150,2025-04-29
TXN-16406,West,Home & Kitchen,3,292.33,28,2025-03-17
TXN-16407,South,Fitness,3,447.46,16,2025-04-09
TXN-16408,North,Apparel,1,149.85,23,2025-05-14
TXN-16409,West,Apparel,16,5.95,26,2025-03-19
TXN-16410,North,Groceries,11,340.12,29,2025-04-07
TXN-16411,North,Apparel,15,456.36,29,2025-04-13
TXN-16412,East,Home & Kitchen,9,485.69,2,2025-03-08
TXN-16413,North,Home & Kitchen,3,440.14,7,2025-05-25
TXN-16414,South,Groceries,12,29.90,12,2025-04-04
TXN-16415,North,Electronics,16,224.58,24,2025-03-17
TXN-16416,South,Fitness,13,357.56,13,2025-04-23
TXN-16417,South,Electronics,16,411.53,17,2025-03-12
TXN-16418,West,Groceries,1,472.32,9,2025-04-10
TXN-16419,South,Home & Kitchen,8,93.76,9,2025-05-14
TXN-11009,West,Electronics,17,441.53,23,2025-06-01
TXN-16421,West,Apparel,3,449.63,25,2025-05-07
TXN-16422,East,Electronics,6,308.37,15,2025-03-10
TXN-16423,North,Fitness,16,29.26,28,2025-05-29
TXN-16424,South,Groceries,19,502.28,29,2025-03-31
TXN-16425,West,Groceries,10,499.70,22,2025-05-17
TXN-16426,East,Electronics,1,22.00,22,2025-05-31
TXN-16427,West,Apparel,14,55.41,150,2025-04-17
TXN-16428,North,Groceries,5,114.45,19,2025-05-27
TXN-16429,East,Books,7,29.25,26,2025-04-14
TXN-16430,South,Groceries,14,418.88,15,2025-05-29
TXN-16431,West,Fitness,11,27.33,24,2025-06-01
TXN-16432,South,Books,9,409.14,8,2025-05-01
TXN-16433,North,Apparel,3,87.92,6,2025-05-28
TXN-13300,East,Home & Kitchen,10,402.41,4,2025-04-02
TXN-16435,South,Fitness,18,411.76,16,2025-05-29
TXN-16436,North,Fitness,6,472.46,23,2025-04-01
TXN-16437,South,Groceries,8,419.48,27,2025-03-22
TXN-16438,South,Electronics,17,304.22,30,2025-04-10
TXN-16439,East,Home & Kitchen,19,92.66,27,2025-03-25
TXN-16440,South,Home & Kitchen,11,333.47,16,2025-05-16
TXN-16441,West,Fitness,9,50.72,3,2025-04-22
TXN-16442,North,Home & Kitchen,2,201.20,5,2025-03-26
TXN-16443,South,Electronics,20,463.48,3,2025-04-30
TXN-16444,West,Books,3,INVALID_PRICE,27,2025-03-04
TXN-16445,North,Home & Kitchen,7,460.95,3,2025-05-22
TXN-16446,North,Books,6,240.93,8,2025-04-09
TXN-16447,North,Books,19,325.26,20,2025-04-17
TXN-16448,North,Books,13,41.97,19,2025-05-13
TXN-16449,East,Groceries,2,460.53,1,2025-04-07
TXN-16450,West,Fitness,20,225.95,14,2025-03-17
TXN-16451,South,Books,1,189.85,17,2025-04-01
TXN-16452,West,Fitness,6,297.13,24,2025-04-05
TXN-16453,South,Books,2,149.47,1,2025-04-26
TXN-16454,South,Home & Kitchen,14,423.98,30,2025-05-27
TXN-16455,North,Home & Kitchen,9,321.83,11,2025-03-16
TXN-16456,South,Apparel,5,473.04,18,2025-05-30
TXN-16457,North,Books,2,488.14,21,2025-05-09
TXN-16458,East,Electronics,8,87.74,15,2025-05-16
TXN-16459,West,Apparel,16,205.09,20,2025-03-14
TXN-16460,South,Home & Kitchen,8,118.10,20,2025-03-12
TXN-16461,South,Home & Kitchen,5,351.62,12,2025-04-12
TXN-16462,East,Books,19,218.31,4,2025-03-16
TXN-16463,West,Groceries,13,120.81,21,2025-04-20
TXN-16464,West,Home & Kitchen,3,457.64,8,2025-05-09
TXN-16465,East,Books,15,130.05,19,2025-04-16
TXN-16466,North,Fitness,2,281.33,25,2025-04-29
TXN-16467,South,Fitness,2,464.94,23,2025-03-11
TXN-16468,East,Apparel,1,470.83,20,2025-03-31
TXN-16469,North,Groceries,18,364.14,14,2025-05-22
TXN-16470,West,Apparel,17,393.99,26,2025-05-12
TXN-16471,West,Books,12,378.64,25,2025-03-24
TXN-16472,South,Fitness,6,298.98,10,2025-05-24
TXN-16473,South,Home & Kitchen,6,220.53,21,2025-05-05
TXN-16474,East,Apparel,4,284.37,8,2025-03-10
TXN-16475,North,Home & Kitchen,16,160.26,6,2025-04-03
TXN-16476,East,Fitness,1,299.40,24,2025-04-02
TXN-16477,South,Electronics,16,306.79,12,2025-03-08
TXN-16478,West,Fitness,4,8.56,4,2025-03-11
TXN-16479,South,Books,15,269.09,24,2025-04-07
TXN-16480,North,Home & Kitchen,7,160.44,8,2025-05-06
TXN-16481,West,Groceries,-4,190.85,21,2025-05-25
TXN-16482,West,Books,17,288.35,5,2025-05-01
TXN-16483,South,Electronics,6,111.77,11,2025-05-10
TXN-16484,South,Electronics,13,42.08,30,2025-04-23
TXN-16485,East,Electronics,2,289.70,21,2025-05-26
TXN-16486,East,Books,16,332.40,5,2025-04-26
TXN-16487,North,Books,13,12.49,14,2025-05-06
TXN-16488,North,Home & Kitchen,16,240.30,6,2025-05-06
TXN-16489,South,Books,13,66.73,23,2025-05-17
TXN-16490,North,Home & Kitchen,3,138.69,3,2025-04-07
TXN-16491,South,Books,11,302.84,22,2025-03-25
TXN-16492,South,Electronics,18,336.11,16,2025-05-29
TXN-16493,West,Books,18,291.90,5,2025-05-09
TXN-16494,West,Apparel,19,318.88,19,2025-04-28
TXN-16495,West,Home & Kitchen,14,144.75,21,2025-04-22
TXN-16496,East,Fitness,19,306.54,15,2025-04-15
TXN-16497,South,Home & Kitchen,6,447.45,19,2025-03-24
TXN-16498,South,Fitness,18,376.58,28,2025-04-01
TXN-16499,West,Electronics,1,286.67,14,2025-04-17
TXN-16500,North,Apparel,1,393.47,0,2025-04-18
TXN-16501,West,Home & Kitchen,7,329.41,18,2025-03-29
TXN-16502,East,Electronics,15,150.46,23,2025-04-02
TXN-16503,East,Apparel,8,428.42,7,2025-04-19
TXN-16504,South,Apparel,12,422.34,14,2025-04-28
TXN-16505,South,Fitness,19,97.42,6,2025-03-12
TXN-16506,East,Fitness,16,263.10,3,2025-05-30
TXN-16507,East,Groceries,10,265.39,27,2025-04-30
TXN-16508,West,Books,8,328.84,1,2025-03-09
TXN-16509,West,Apparel,10,116.00,28,2025-05-25
TXN-16510,West,Home & Kitchen,5,187.43,13,2025-05-21
TXN-16511,East,Books,5,139.61,20,2025-05-17
TXN-16512,East,Books,2,28.73,1,2025-04-15
TXN-16513,West,Electronics,20,484.26,15,2025-04-07
TXN-16514,East,Books,18,301.51,4,2025-04-24
TXN-16515,South,Books,1,110.09,22,2025-04-21
TXN-16516,South,Fitness,18,394.87,25,2025-05-11
TXN-16517,East,Fitness,10,315.60,25,2025-04-24
TXN-16518,South,Electronics,20,115.21,27,2025-05-04
TXN-16519,East,Home & Kitchen,19,260.47,19,2025-03-04
TXN-16520,South,Fitness,13,8.96,1,2025-05-08
TXN-16521,West,Home & Kitchen,7,41.78,4,2025-04-22
TXN-16522,South,Fitness,-2,279.39,0,2025-03-25
TXN-10878,North,Books,3,95.46,5,2025-04-18
TXN-16524,West,Fitness,8,240.83,12,2025-04-08
TXN-16525,North,Electronics,7,287.54,22,2025-05-27
TXN-16526,South,Electronics,13,185.66,24,2025-04-10
TXN-16527,South,Groceries,12,218.05,8,2025-03-21
TXN-16528,South,Home & Kitchen,2,247.16,12,2025-04-30
TXN-16529,West,Home & Kitchen,1,458.54,5,2025-03-12
TXN-16530,North,Electronics,13,160.68,19,2025-05-12
TXN-16531,South,Fitness,16,444.77,20,2025-04-22
TXN-16532,West,Fitness,13,331.32,8,2025-03-22
TXN-16533,South,Home & Kitchen,15,212.36,17,2025-03-16
TXN-16534,East,Fitness,17,367.99,17,2025-05-02
TXN-16535,North,Books,14,354.82,11,2025-04-22
TXN-16536,North,Electronics,6,188.54,17,2025-03-17
TXN-16537,South,Fitness,4,458.70,1,2025-04-19
TXN-16538,West,Electronics,8,266.57,9,2025-05-17
TXN-16539,North,Apparel,5,160.82,29,2025-06-01
TXN-16540,North,Groceries,19,191.66,17,2025-03-07
TXN-16541,South,Electronics,4,445.00,30,2025-04-23
TXN-16542,East,Apparel,4,464.38,17,2025-05-15
TXN-16543,North,Fitness,5,143.55,7,2025-04-22
TXN-16544,South,Books,14,465.45,22,2025-04-14
TXN-16545,North,Books,4,136.71,17,2025-04-16
TXN-16546,East,Fitness,2,264.04,11,2025-05-26
TXN-16547,South,Apparel,15,206.01,28,2025-04-22
TXN-16548,West,Books,6,108.68,23,2025-05-25
TXN-16549,East,Books,11,230.44,150,2025-05-06
TXN-16550,South,Books,8,42.16,29,2025-05-02
TXN-16551,East,Home & Kitchen,11,278.69,17,2025-04-16
TXN-16552,South,Fitness,13,40.61,17,2025-03-12
TXN-16553,North,Fitness,16,430.42,5,2025-03-29
TXN-16554,North,Electronics,17,15.23,10,2025-05-11
TXN-16555,North,Fitness,6,479.61,19,2025-03-25
TXN-16556,North,Apparel,12,172.47,10,2025-03-30
TXN-16557,South,Fitness,12,342.26,30,2025-04-19
TXN-16558,East,Groceries,6,447.00,30,2025-03-08
TXN-16559,West,Books,20,478.97,30,2025-03-07
TXN-16560,North,Electronics,3,33.68,8,2025-04-20
TXN-16561,South,Electronics,11,235.11,15,2025-04-20
TXN-16562,West,Books,4,50.29,17,2025-03-06
TXN-16563,West,Electronics,15,35.97,25,2025-03-06
TXN-16564,East,Home & Kitchen,19,246.94,7,2025-03-27
TXN-16565,South,Apparel,11,201.20,27,2025-03-06
TXN-16566,South,Books,5,445.98,2,2025-03-18
TXN-16567,North,Books,14,232.58,17,2025-05-16
TXN-16568,East,Groceries,7,8.33,25,2025-04-08
TXN-16569,West,Apparel,14,433.92,21,2025-04-10
TXN-16570,West,Electronics,2,495.86,25,2025-05-15
TXN-16571,South,Apparel,13,198.61,26,2025-04-23
TXN-16572,East,Home & Kitchen,8,24.66,14,2025-03-31
TXN-16573,South,Books,12,297.09,8,2025-04-09
TXN-16574,South,Electronics,6,295.63,14,2025-04-03
TXN-16575,West,Electronics,4,217.18,19,2025-03-27
TXN-16576,West,Electronics,3,178.53,11,2025-05-08
TXN-16577,East,Fitness,15,45.13,19,2025-03-19
TXN-16578,North,Books,6,115.65,13,2025-04-27
TXN-16579,South,Electronics,15,426.67,3,2025-05-28
TXN-16580,South,Books,20,309.96,16,2025-04-11
TXN-16581,West,Books,11,178.80,15,2025-03-07
TXN-16582,South,Home & Kitchen,10,188.76,16,2025-04-16
TXN-16583,North,Electronics,9,484.65,27,2025-05-13
TXN-16584,North,Fitness,2,325.68,13,2025-03-28
TXN-16585,South,Groceries,15,177.55,4,2025-03-19
TXN-16586,South,Home & Kitchen,18,405.58,12,2025-05-12
TXN-16587,East,Apparel,9,290.29,19,2025-03-20
TXN-16588,South,Electronics,7,17.92,23,2025-03-09
TXN-16589,East,Apparel,13,333.92,150,2025-04-29
TXN-16590,North,Apparel,12,395.40,17,2025-04-11
TXN-16591,South,Electronics,13,138.57,15,2025-03-16
TXN-16592,East,Fitness,7,378.23,20,2025-03-21
TXN-16593,South,Home & Kitchen,9,409.38,8,2025-04-16
TXN-16594,South,Electronics,5,140.33,14,2025-04-15
TXN-16595,South,Apparel,9,11.78,24,2025-05-22
TXN-16596,North,Electronics,1,219.57,12,2025-03-31
TXN-16597,South,Home & Kitchen,10,123.11,7,2025-03-06
TXN-16598,West,Home & Kitchen,14,178.85,17,2025-04-30
TXN-16599,East,Books,2,349.21,16,2025-05-07
TXN-16600,West,Apparel,15,30.80,0,2025-03-13
TXN-16601,North,Home & Kitchen,7,486.86,7,2025-03-30
TXN-16602,West,Books,4,312.34,20,2025-05-20
TXN-16603,North,Electronics,8,51.42,1,2025-03-11
TXN-16604,South,Groceries,20,241.20,7,2025-05-15
TXN-16605,West,Groceries,1,310.49,6,2025-05-05
TXN-16606,West,Groceries,17,264.90,6,2025-05-15
TXN-16607,South,Books,16,175.78,27,2025-03-16
TXN-16608,South,Electronics,19,222.37,6,2025-03-09
TXN-16609,East,Home & Kitchen,17,336.90,9,2025-03-21
TXN-16610,West,Apparel,19,193.37,27,2025-05-28
TXN-16611,West,Books,5,19.58,18,2025-03-25
TXN-16612,West,Apparel,1,364.43,27,2025-05-17
TXN-16613,South,Groceries,12,467.74,8,2099-12-31
TXN-16614,South,Groceries,16,58.91,19,2025-05-25
TXN-16615,South,Groceries,20,121.21,19,2025-05-03
TXN-16616,East,Books,8,86.81,4,2025-05-26
TXN-16617,East,Groceries,7,148.81,6,2025-03-28
TXN-16618,North,Apparel,9,285.22,0,2025-03-16
TXN-16619,North,Electronics,17,287.71,8,2025-03-21
TXN-16620,East,Groceries,10,88.81,5,2025-04-29
TXN-16621,South,Home & Kitchen,15,470.61,16,2025-04-08
TXN-16622,North,Apparel,3,149.44,9,2025-03-18
TXN-16623,East,Home & Kitchen,16,91.39,19,2025-05-21
TXN-16624,East,Apparel,14,422.18,18,2025-04-01
TXN-16625,West,Home & Kitchen,14,29.32,4,2025-05-11
TXN-16626,West,Apparel,3,218.09,13,2025-03-14
TXN-10727,West,Books,11,386.73,10,2025-04-08
TXN-16628,South,Groceries,14,111.66,25,2025-05-08
TXN-16629,West,Apparel,3,276.47,26,2025-04-07
TXN-16630,East,Fitness,17,322.23,12,2025-04-23
TXN-16631,East,Electronics,5,26.73,21,2025-03-30
TXN-16632,East,Apparel,8,31.88,29,2025-03-06
TXN-16633,North,Apparel,12,77.50,14,2025-03-30
TXN-16634,West,Apparel,13,187.65,21,2025-04-19
TXN-16635,South,Apparel,3,54.12,25,2025-05-06
TXN-16636,North,Groceries,19,294.61,27,2025-04-02
TXN-16637,East,Apparel,13,460.11,5,2025-03-10
TXN-16638,West,Books,20,402.20,17,2025-04-10
TXN-12691,East,Books,1,437.02,9,2025-04-08
TXN-16640,North,Electronics,12,189.72,24,2025-04-11
TXN-16641,North,Electronics,18,283.71,5,2025-03-23
TXN-16642,North,Electronics,18,359.73,16,2025-05-23
TXN-16643,South,Electronics,18,379.12,21,2025-03-16
TXN-16644,South,Apparel,13,332.26,29,2025-05-16
TXN-16645,West,Apparel,14,116.50,12,2025-05-20
TXN-16646,South,Groceries,9,101.81,19,2025-05-01
TXN-16647,South,Apparel,5,483.21,8,2025-03-14
TXN-16648,West,Books,8,186.23,14,2025-05-29
TXN-16649,West,Books,14,222.50,2,2025-04-15
TXN-16650,West,Electronics,15,119.07,27,2025-05-22
TXN-16651,East,Books,14,482.84,1,2025-04-30
TXN-16652,East,Books,2,208.01,25,2025-05-13
TXN-16653,North,Books,19,403.29,3,2025-05-11
TXN-16654,South,Home & Kitchen,19,91.22,28,2025-04-09
TXN-16655,East,Home & Kitchen,7,210.08,3,2025-03-23
TXN-16656,West,Home & Kitchen,14,422.21,3,2025-04-18
TXN-16657,West,Books,8,197.36,22,2025-03-11
TXN-16658,West,Electronics,1,459.64,9,2025-06-01
TXN-16659,West,Groceries,20,308.61,7,2025-04-11
TXN-16660,South,Groceries,12,502.16,12,2099-12-31
TXN-16661,North,Fitness,3,284.22,22,2025-05-18
TXN-16662,East,Groceries,8,228.89,16,2025-05-03
TXN-16663,North,Electronics,20,382.14,26,2025-04-19
TXN-16664,South,Books,10,385.25,9,2025-05-03
TXN-16665,West,Home & Kitchen,1,263.04,4,2025-05-08
TXN-16666,West,Fitness,1,160.25,4,2025-04-24
TXN-16667,West,Electronics,13,304.05,5,2025-04-17
TXN-16668,West,Books,-3,171.68,0,2025-03-04
TXN-16669,West,Books,8,69.27,5,2025-05-30
TXN-16670,South,Home & Kitchen,6,170.10,21,2025-05-13
TXN-16671,East,Fitness,4,51.52,9,2025-03-30
TXN-16672,West,Electronics,10,43.55,19,2025-03-16
TXN-16673,North,Home & Kitchen,16,449.56,26,2025-04-26
TXN-16674,North,Home & Kitchen,13,375.39,13,2025-05-02
TXN-16675,North,Fitness,20,309.04,28,2025-03-17
TXN-16676,East,Fitness,15,400.49,4,2025-03-08
TXN-16677,East,Books,9,114.53,11,2025-04-01
TXN-16678,South,Electronics,17,304.43,17,2025-04-06
TXN-16679,South,Electronics,16,288.31,9,2025-05-03
TXN-16680,South,Apparel,15,261.96,22,2025-05-05
TXN-16681,South,Home & Kitchen,19,367.48,18,2025-04-17
TXN-16682,South,Groceries,2,404.04,7,2025-04-02
TXN-16683,North,Electronics,5,231.18,7,2025-04-05
TXN-16684,East,Groceries,16,487.85,17,2025-05-25
TXN-16685,South,Home & Kitchen,16,265.02,26,2025-04-17
TXN-16686,North,Home & Kitchen,14,109.53,20,2025-05-28
TXN-16687,East,Books,12,254.55,10,2025-03-28
TXN-16688,North,Home & Kitchen,5,305.90,5,2025-04-28
TXN-16689,West,Electronics,12,314.59,10,2025-05-18
TXN-16690,North,Books,4,7.86,0,2025-03-28
TXN-16691,South,Apparel,9,102.20,5,2025-03-12
TXN-16692,West,Electronics,4,429.28,28,2025-05-19
TXN-16693,East,Books,20,473.33,16,2025-05-29
TXN-16694,East,Fitness,1,175.87,23,2025-05-21
TXN-16695,West,Groceries,1,475.62,24,2025-05-15
TXN-16696,North,Fitness,17,183.24,9,2025-04-07
TXN-16697,East,Books,5,272.31,17,2025-03-29
TXN-16698,West,Fitness,20,330.13,13,2025-04-04
TXN-16699,South,Electronics,2,478.81,21,2025-05-04
TXN-16700,West,Apparel,6,304.33,17,2025-04-13
TXN-16701,West,Fitness,12,258.09,16,2025-03-19
TXN-16702,East,Electronics,3,230.40,6,2025-03-29
TXN-16703,South,Apparel,11,81.16,19,2025-05-12
TXN-16704,North,Electronics,6,401.94,6,2025-05-22
TXN-16705,South,Apparel,7,26.24,20,2025-03-26
TXN-16706,West,Electronics,15,198.18,26,2025-05-01
TXN-16707,West,Groceries,11,498.83,8,2025-05-23
TXN-16708,East,Apparel,20,30.67,2,2025-04-21
TXN-16709,East,Apparel,12,14.57,4,2025-05-15
TXN-16710,West,Apparel,10,370.97,5,2025-04-16
TXN-16711,West,Groceries,14,274.92,16,2025-04-24
TXN-16712,West,Groceries,19,392.10,26,2025-03-28
TXN-16713,East,Books,14,200.32,30,2025-04-05
TXN-16714,North,Fitness,1,280.03,21,2025-03-18
TXN-16715,North,Apparel,11,114.72,7,2025-05-14
TXN-16716,South,Apparel,14,469.67,8,2025-04-09
TXN-16717,East,Groceries,13,234.54,10,2025-05-02
TXN-16718,East,Fitness,10,327.46,11,2025-04-08
TXN-16719,East,Books,6,187.61,28,2025-05-08
TXN-16720,West,Apparel,4,51.79,13,2025-05-23
TXN-16721,East,Home & Kitchen,3,205.85,3,2025-05-17
TXN-16722,South,Groceries,15,150.40,23,2025-05-04
TXN-16723,South,Books,15,455.43,7,2025-04-29
TXN-16724,West,Books,10,61.31,150,2025-03-12
TXN-16725,East,Home & Kitchen,16,310.65,13,2025-03-05
TXN-16726,East,Electronics,9,237.33,5,2025-04-28
TXN-16727,South,Electronics,1,283.47,2,2025-03-20
TXN-16728,West,Apparel,13,18.94,10,2025-04-24
TXN-16729,West,Home & Kitchen,2,89.42,4,2025-03-09
TXN-16730,South,Apparel,12,276.49,8,2025-03-16
TXN-16731,East,Home & Kitchen,14,6.68,14,2025-05-09
TXN-16732,North,Electronics,13,477.40,23,2025-03-27
TXN-16733,West,Groceries,18,396.20,4,2025-05-04
TXN-16734,East,Books,11,284.95,14,2025-05-13
TXN-16735,South,Electronics,5,225.15,29,2025-04-13
TXN-16736,North,Electronics,6,45.39,22,2025-05-15
TXN-16737,North,Fitness,16,204.45,17,2025-03-15
TXN-16738,North,Fitness,4,251.48,26,2025-03-15
TXN-16739,North,Fitness,13,472.28,13,2025-04-12
TXN-16740,East,Electronics,18,290.04,11,2025-05-13
TXN-16741,East,Fitness,8,415.57,17,2025-03-19
TXN-16742,East,Groceries,9,6.19,28,2025-05-02
TXN-16743,West,Books,5,320.72,15,2025-04-02
TXN-16744,East,Fitness,18,223.04,17,2025-03-19
TXN-16745,East,Apparel,5,228.30,12,2025-05-26
TXN-16746,East,Home & Kitchen,13,327.92,1,2025-04-25
TXN-16747,East,Apparel,12,80.21,15,2025-04-26
TXN-16748,North,Electronics,19,338.39,24,2025-04-22
TXN-16749,West,Groceries,1,13.89,9,2025-05-07
TXN-16750,North,Books,18,455.71,1,2025-04-30
TXN-16751,North,Apparel,16,353.08,3,2025-05-18
TXN-16752,West,Groceries,8,64.77,12,2025-03-29
TXN-16753,West,Electronics,12,229.59,3,2025-04-15
TXN-16754,West,Electronics,17,294.12,0,2025-04-08
TXN-16755,East,Electronics,5,20.64,12,2025-04-10
TXN-16756,South,Books,10,157.00,5,2025-04-08
TXN-16757,East,Home & Kitchen,4,363.49,7,2025-04-14
TXN-16758,East,Books,20,173.92,24,2025-04-20
TXN-16759,West,Groceries,1,442.01,9,2025-04-21
TXN-16760,North,Fitness,15,273.42,18,2025-04-30
TXN-16761,North,Home & Kitchen,15,247.86,14,2025-05-27
TXN-16762,West,Electronics,16,443.10,5,2025-03-16
TXN-16763,East,Home & Kitchen,5,166.28,10,2025-03-15
TXN-16764,South,Groceries,3,495.48,17,2025-03-13
TXN-16765,West,Groceries,2,205.72,0,2025-03-05
TXN-16766,West,Books,20,418.17,4,2025-03-24
TXN-16767,West,Fitness,10,257.62,30,2025-05-23
TXN-16768,North,Groceries,16,194.71,13,2025-05-23
TXN-16769,West,Home & Kitchen,19,222.25,25,2025-06-01
TXN-16770,East,Books,19,265.51,4,2025-04-24
TXN-16771,West,Books,20,154.15,1,2025-05-20
TXN-16772,South,Books,1,17.79,6,2025-04-27
TXN-16773,South,Apparel,12,252.74,2,2025-04-23
TXN-16774,East,Home & Kitchen,16,95.39,24,2025-04-13
TXN-16775,East,Fitness,10,151.34,6,2025-04-25
TXN-16776,West,Fitness,18,364.00,11,2025-03-16
TXN-16777,North,Home & Kitchen,9,111.13,26,2025-04-11
TXN-16778,South,Home & Kitchen,15,49.59,1,2025-05-14
TXN-16779,East,Electronics,7,115.51,24,2025-05-07
TXN-16780,West,Apparel,3,469.16,7,2025-05-03
TXN-16781,East,Books,18,163.00,24,2025-03-11
TXN-16782,South,Electronics,13,338.22,23,2025-05-15
TXN-16783,West,Fitness,15,404.44,20,2025-04-05
TXN-16784,East,Apparel,1,376.22,9,2025-05-07
TXN-16785,South,Electronics,15,142.13,19,2025-03-30
TXN-16786,South,Home & Kitchen,17,350.07,2,2025-03-23
TXN-16787,South,Books,16,434.15,26,2025-03-08
TXN-16788,South,Groceries,2,246.86,6,2025-05-30
TXN-16789,East,Books,3,315.82,10,2025-04-04
TXN-16790,South,Home & Kitchen,4,316.92,14,2025-04-06
TXN-16791,North,Electronics,7,408.25,5,2025-03-15
TXN-16792,West,Electronics,17,125.56,16,2025-04-15
TXN-16793,North,Fitness,12,284.05,17,2025-03-30
TXN-16794,South,Books,6,95.91,20,2025-04-16
TXN-16795,West,Groceries,17,469.22,26,2025-05-28
TXN-16796,North,Apparel,14,149.73,9,2025-04-08
TXN-16797,North,Books,11,432.85,22,2025-04-16
TXN-16798,South,Home & Kitchen,10,143.83,18,2025-03-15
TXN-16799,West,Fitness,20,255.74,23,2025-05-06
TXN-16800,West,Apparel,19,256.71,11,2025-04-16
TXN-16801,East,Apparel,16,358.19,11,2025-03-29
TXN-16802,North,Home & Kitchen,10,372.96,23,2025-03-07
TXN-16803,East,Books,12,130.63,19,2025-05-13
TXN-16804,East,Electronics,13,68.52,16,2025-03-10
TXN-16805,North,Books,9,254.97,10,2025-03-13
TXN-16806,North,Groceries,3,431.35,17,2025-05-05
TXN-16807,West,Home & Kitchen,9,448.03,28,2025-04-27
TXN-16808,North,Apparel,7,91.68,23,2025-04-23
TXN-16809,West,Home & Kitchen,2,123.46,17,2025-05-15
TXN-16810,West,Home & Kitchen,11,104.68,14,2025-04-24
TXN-16811,North,Fitness,4,444.41,17,2025-04-17
TXN-16812,East,Electronics,17,377.44,30,2025-03-30
TXN-16813,North,Apparel,8,337.50,20,2025-03-12
TXN-16814,West,Fitness,20,474.68,19,2025-03-22
TXN-16815,North,Books,1,241.20,28,2025-05-25
TXN-16816,East,Electronics,8,156.59,27,2025-04-21
TXN-16817,South,Fitness,9,271.39,12,2025-05-10
TXN-16818,West,Groceries,12,93.78,17,2025-04-02
TXN-16819,West,Fitness,15,352.52,4,2025-03-25
TXN-16820,South,Home & Kitchen,18,159.03,16,2025-04-20
TXN-16821,South,Apparel,18,93.85,19,2025-04-30
TXN-16822,East,Groceries,4,401.03,3,2099-12-31
TXN-16823,East,Home & Kitchen,8,459.98,18,2025-04-24
TXN-16824,West,Groceries,11,145.91,8,2025-03-14
TXN-16825,East,Apparel,19,153.56,15,2025-04-21
TXN-16826,North,Home & Kitchen,10,445.64,11,2025-05-24
TXN-16827,East,Fitness,4,456.58,2,2025-03-13
TXN-16828,South,Home & Kitchen,8,82.66,28,2025-06-01
TXN-16829,West,Fitness,3,353.42,9,2025-06-01
TXN-16830,South,Groceries,-2,362.38,27,2025-05-18
TXN-16831,West,Groceries,5,15.67,5,2025-03-13
TXN-16832,West,Home & Kitchen,13,410.35,10,2025-03-10
TXN-16833,East,Fitness,20,47.45,14,2025-04-01
TXN-16834,East,Home & Kitchen,15,92.50,16,2099-12-31
TXN-16835,South,Fitness,19,393.43,4,2025-03-10
TXN-16836,North,Books,18,61.28,1,2025-04-23
TXN-16837,North,Apparel,20,343.05,8,2025-04-20
TXN-16838,West,Groceries,10,504.65,25,2025-03-21
TXN-16839,West,Electronics,11,87.01,2,2025-04-07
TXN-16840,North,Groceries,14,169.09,10,2025-04-03
TXN-16841,North,Electronics,13,339.01,28,2025-05-26
TXN-16842,West,Fitness,18,497.74,22,2025-05-09
TXN-16843,West,Fitness,1,493.51,5,2025-04-18
TXN-16844,West,Electronics,6,335.73,9,2025-03-14
TXN-16845,West,Home & Kitchen,5,491.36,22,2025-05-14
TXN-16846,East,Home & Kitchen,20,496.78,19,2025-05-03
TXN-16847,West,Books,8,204.49,13,2025-03-26
TXN-16848,North,Apparel,10,145.33,23,2025-04-25
TXN-16849,West,Groceries,9,477.26,14,2025-04-27
TXN-16850,North,Apparel,14,155.69,21,2025-05-09
TXN-16851,East,Groceries,7,321.97,11,2025-04-30
TXN-16852,South,Fitness,15,317.47,14,2025-03-06
TXN-16853,West,Home & Kitchen,15,43.44,27,2025-05-29
TXN-16854,East,Groceries,18,75.79,13,2025-04-03
TXN-16855,East,Electronics,15,67.82,0,2025-05-12
TXN-16856,South,Books,12,394.42,16,2025-05-31
TXN-16857,South,Home & Kitchen,17,328.96,27,2025-03-30
TXN-16858,South,Groceries,18,214.49,20,2025-05-10
TXN-16859,North,Fitness,5,168.66,20,2025-04-14
TXN-16860,North,Electronics,19,436.80,26,2025-03-27
TXN-16861,West,Groceries,18,128.95,27,2025-05-04
TXN-16862,West,Fitness,-2,360.85,9,2025-04-12
TXN-16863,North,Electronics,18,261.78,10,2025-04-26
TXN-16864,South,Home & Kitchen,14,497.97,12,2025-04-15
TXN-16865,West,Groceries,10,336.24,7,2025-05-13
TXN-16866,West,Home & Kitchen,18,49.68,15,2025-03-10
TXN-16867,North,Fitness,20,471.16,6,2025-05-01
TXN-16868,North,Fitness,6,487.18,13,2025-03-20
TXN-16869,North,Books,6,384.09,24,2025-04-25
TXN-16870,East,Electronics,16,90.83,7,2025-04-12
TXN-16871,South,Electronics,18,96.83,24,2025-04-13
TXN-16872,East,Books,14,472.78,24,2025-03-20
TXN-16873,South,Electronics,7,483.67,27,2025-04-01
TXN-16874,West,Fitness,20,122.43,26,2025-03-27
TXN-16875,North,Electronics,1,145.11,7,2025-04-23
TXN-16876,South,Electronics,11,270.66,27,2025-03-13
TXN-16877,East,Home & Kitchen,17,368.33,4,2025-03-13
TXN-16878,South,Electronics,1,41.76,27,2025-04-27
TXN-16879,East,Apparel,-5,315.09,23,2025-04-19
TXN-16880,West,Home & Kitchen,5,439.90,20,2025-04-25
TXN-16881,West,Apparel,14,39.79,25,2025-05-06
TXN-16882,North,Groceries,11,492.82,16,2025-04-29
TXN-16883,North,Electronics,20,309.08,9,2025-04-13
TXN-16884,West,Groceries,17,293.82,7,2025-04-12
TXN-16885,West,Fitness,16,113.70,3,2025-04-05
TXN-16886,East,Home & Kitchen,2,293.77,4,2025-05-12
TXN-16887,East,Books,3,398.44,16,2025-04-16
TXN-16888,North,Apparel,15,425.48,24,2025-05-20
TXN-16889,South,Fitness,1,5.05,23,2025-04-03
TXN-16890,West,Fitness,3,289.68,1,2025-04-19
TXN-16891,North,Groceries,13,277.23,22,2025-06-01
TXN-16892,East,Electronics,9,39.54,5,2025-04-04
TXN-16893,East,Electronics,1,152.63,5,2025-05-28
TXN-16894,North,Apparel,6,182.22,7,2025-04-20
TXN-16895,South,Home & Kitchen,5,492.18,27,2025-06-01
TXN-16896,North,Apparel,8,464.83,6,2025-03-08
TXN-16897,South,Apparel,16,80.32,9,2025-05-15
TXN-16898,South,Electronics,13,62.13,23,2025-03-25
TXN-16899,East,Groceries,20,466.69,25,2025-03-11
TXN-16900,East,Groceries,17,55.83,28,2025-05-02
TXN-16901,North,Groceries,19,26.18,27,2025-04-13
TXN-16902,West,Apparel,2,144.65,17,2025-03-09
TXN-16903,South,Books,2,267.08,11,2025-04-07
TXN-16904,East,Home & Kitchen,7,427.62,8,2025-04-28
TXN-16905,North,Apparel,14,71.21,10,2025-04-07
TXN-16906,South,Home & Kitchen,9,308.35,14,2025-03-05
TXN-16907,North,Fitness,4,406.44,25,2025-04-24
TXN-16908,South,Groceries,7,246.22,10,2025-05-18
TXN-16909,West,Fitness,7,492.83,8,2025-04-13
TXN-16910,West,Home & Kitchen,13,221.71,12,2025-03-05
TXN-16911,South,Groceries,7,269.29,24,2025-03-22
TXN-16912,East,Fitness,8,211.06,1,2025-05-22
TXN-16913,West,Books,2,115.57,13,2025-05-12
TXN-16914,South,Groceries,3,197.38,30,2025-05-02
TXN-16915,West,Groceries,12,490.52,13,2025-05-31
TXN-16916,South,Fitness,5,64.28,28,2025-03-26
TXN-16917,West,Home & Kitchen,3,8.30,9,2025-03-22
TXN-16918,South,Books,8,160.61,5,2025-03-09
TXN-16919,East,Fitness,16,480.24,9,2025-03-15
TXN-16920,North,Books,19,345.16,2,2025-03-14
TXN-16921,North,Fitness,11,351.39,16,2025-04-19
TXN-16922,East,Fitness,20,475.53,1,2025-03-28
TXN-16923,South,Apparel,19,157.21,16,2025-05-28
TXN-16924,North,Fitness,14,230.17,23,2025-05-13
TXN-16925,East,Electronics,5,155.51,1,2025-04-01
TXN-16926,West,Electronics,10,218.49,14,2025-05-27
TXN-16927,East,Groceries,13,134.84,22,2025-03-06
TXN-16928,West,Fitness,-3,49.00,28,2025-03-27
TXN-16929,West,Apparel,20,267.92,29,2025-04-27
TXN-16930,West,Home & Kitchen,16,419.57,24,2025-04-29
TXN-16931,West,Apparel,6,113.84,18,2025-03-16
TXN-16932,West,Books,5,58.97,14,2025-05-13
TXN-16933,South,Groceries,19,15.33,16,2025-03-24
TXN-16934,North,Apparel,15,154.60,23,2025-05-23
TXN-16935,North,Books,17,259.87,19,2025-06-01
TXN-16936,East,Fitness,17,25.95,11,2025-03-19
TXN-16937,East,Books,3,328.10,12,2025-04-09
TXN-16938,South,Fitness,7,449.01,10,2025-04-24
TXN-16939,West,Fitness,19,288.80,7,2025-05-31
TXN-16940,East,Home & Kitchen,17,353.78,3,2025-04-04
TXN-16941,South,Home & Kitchen,6,17.67,19,2025-05-21
TXN-16942,South,Books,14,311.00,9,2025-04-13
TXN-16943,East,Home & Kitchen,8,236.07,18,2025-03-10
TXN-16944,East,Books,6,451.14,21,2025-05-22
TXN-16945,South,Electronics,10,31.22,4,2025-05-29
TXN-16946,West,Books,14,103.59,1,2025-05-01
TXN-16947,East,Home & Kitchen,5,91.90,4,2025-04-28
TXN-16948,West,Books,2,83.75,13,2025-05-06
TXN-16949,East,Apparel,13,9.62,24,2025-05-12
TXN-16950,North,Books,1,336.20,12,2025-03-31
TXN-16951,North,Electronics,7,445.05,2,2025-03-11
TXN-16952,East,Apparel,8,389.61,17,2025-03-07
TXN-16953,South,Apparel,4,205.08,5,2025-03-13
TXN-16954,East,Books,4,167.88,26,2025-04-22
TXN-16955,South,Fitness,20,287.25,2,2025-03-23
TXN-16956,North,Home & Kitchen,13,311.53,9,2025-03-10
TXN-16957,East,Electronics,15,480.78,24,2025-05-30
TXN-16958,North,Groceries,12,282.37,25,2025-04-25
TXN-16959,West,Apparel,1,277.11,30,2025-05-20
TXN-16960,East,Apparel,15,297.74,29,2025-05-25
TXN-16961,East,Books,6,246.33,25,2025-04-30
TXN-16962,South,Home & Kitchen,8,167.11,24,2025-05-02
TXN-16963,North,Books,15,400.55,19,2025-03-15
TXN-16964,South,Groceries,18,50.91,21,2025-05-20
TXN-16965,East,Groceries,12,147.31,14,2025-04-12
TXN-16966,South,Fitness,9,100.55,25,2025-04-09
TXN-16967,South,Electronics,1,259.94,26,2025-04-18
TXN-16968,South,Home & Kitchen,15,427.83,21,2025-04-30
TXN-16969,East,Electronics,17,239.06,23,2025-05-19
TXN-16970,South,Groceries,16,104.30,18,2025-04-03
TXN-16971,West,Fitness,7,411.40,9,2025-05-30
TXN-16972,South,Groceries,-4,201.78,7,2025-05-25
TXN-16973,West,Books,17,342.42,24,2025-05-27
TXN-16974,North,Groceries,3,269.11,5,2025-04-02
TXN-16975,South,Apparel,13,139.61,11,2025-05-29
TXN-16976,West,Electronics,7,241.29,27,2025-04-04
TXN-16977,North,Electronics,19,283.91,26,2025-04-17
TXN-16978,East,Fitness,3,451.66,10,2025-04-19
TXN-16979,East,Electronics,20,328.56,5,2025-03-19
TXN-16980,North,Books,3,18.13,17,2025-05-12
TXN-16981,East,Electronics,19,252.54,14,2025-05-07
TXN-16982,North,Groceries,3,216.98,24,2025-04-29
TXN-16983,West,Groceries,2,447.18,11,2025-05-13
TXN-16984,East,Groceries,12,452.63,27,2025-03-11
TXN-16985,North,Books,11,425.50,12,2025-05-22
TXN-16986,West,Electronics,18,193.88,15,2025-03-18
TXN-16987,West,Apparel,6,112.39,27,2025-05-02
TXN-16988,North,Fitness,4,362.67,17,2025-04-19
TXN-16989,West,Fitness,20,263.05,20,2025-04-30
TXN-12404,North,Apparel,13,12.45,4,2025-04-07
TXN-16991,North,Apparel,12,169.18,2,2025-05-29
TXN-16992,East,Apparel,18,111.28,19,2025-05-13
TXN-16993,West,Home & Kitchen,7,463.28,10,2025-03-16
TXN-16994,East,Home & Kitchen,12,500.95,15,2025-05-07
TXN-16995,North,Books,20,204.95,22,2025-04-25
TXN-16996,South,Fitness,11,156.14,20,2025-03-08
TXN-16997,North,Fitness,18,431.46,0,2025-05-22
TXN-16998,North,Groceries,20,122.52,19,2025-05-19
TXN-16999,West,Groceries,5,18.27,7,2025-05-06
TXN-17000,West,Apparel,12,48.15,22,2025-04-02
TXN-17001,West,Electronics,1,88.78,19,2025-04-23
TXN-17002,South,Electronics,8,472.94,4,2025-06-01
TXN-17003,South,Electronics,20,245.01,9,2025-05-16
TXN-17004,South,Electronics,10,55.22,3,2025-04-09
TXN-17005,West,Groceries,8,317.33,1,2025-03-10
TXN-17006,East,Electronics,5,497.13,25,2025-04-03
TXN-17007,North,Electronics,20,378.17,12,2025-04-07
TXN-17008,North,Home & Kitchen,-5,153.66,0,2025-04-24
TXN-17009,East,Home & Kitchen,3,169.93,27,2025-03-06
TXN-17010,West,Apparel,16,297.53,27,2025-05-09
TXN-17011,South,Home & Kitchen,13,312.99,7,2025-03-12
TXN-17012,South,Home & Kitchen,17,29.56,26,2025-03-20
TXN-17013,West,Home & Kitchen,20,261.81,7,2025-04-28
TXN-17014,North,Electronics,4,439.99,13,2025-05-13
TXN-10987,West,Books,10,169.35,21,2025-05-17
TXN-17016,South,Electronics,11,196.76,6,2025-04-07
TXN-17017,North,Groceries,4,493.95,17,2025-03-26
TXN-17018,South,Books,4,279.16,25,2025-04-02
TXN-17019,South,Fitness,9,326.52,5,2025-05-02
TXN-17020,South,Home & Kitchen,20,265.00,5,2025-04-24
TXN-17021,South,Books,1,145.28,22,2025-05-24
TXN-17022,West,Home & Kitchen,3,393.54,29,2025-03-31
TXN-17023,East,Fitness,7,154.25,21,2025-05-23
TXN-17024,South,Fitness,1,130.80,29,2025-04-23
TXN-17025,East,Home & Kitchen,17,161.77,4,2025-03-15
TXN-17026,North,Apparel,10,137.73,1,2025-05-23
TXN-17027,North,Home & Kitchen,18,370.36,20,2025-03-31
TXN-17028,North,Fitness,1,378.42,11,2025-04-18
TXN-17029,West,Electronics,-3,373.68,2,2025-04-14
TXN-17030,North,Electronics,19,99.97,11,2025-04-02
TXN-17031,South,Groceries,7,60.59,24,2025-03-18
TXN-17032,West,Books,9,389.19,2,2025-03-11
TXN-17033,West,Groceries,18,265.91,15,2025-05-02
TXN-17034,South,Home & Kitchen,19,127.70,18,2025-03-09
TXN-17035,South,Electronics,17,85.48,23,2025-03-09
TXN-17036,East,Home & Kitchen,7,353.86,10,2025-05-24
TXN-17037,North,Books,16,484.07,17,2025-05-13
TXN-17038,West,Apparel,10,257.02,7,2025-03-30
TXN-17039,South,Apparel,1,23.01,17,2025-04-02
TXN-17040,East,Home & Kitchen,7,282.58,7,2025-04-22
TXN-17041,South,Home & Kitchen,3,277.96,26,2025-03-28
TXN-17042,North,Groceries,7,457.64,15,2025-04-12
TXN-17043,North,Electronics,8,167.86,24,2025-03-06
TXN-17044,North,Fitness,7,239.26,26,2025-04-20
TXN-17045,East,Apparel,16,501.59,29,2025-05-01
TXN-17046,North,Apparel,5,152.15,20,2025-04-02
TXN-17047,East,Electronics,2,185.60,25,2025-04-12
TXN-17048,West,Home & Kitchen,1,417.43,6,2025-03-16
TXN-17049,West,Apparel,8,407.59,20,2025-04-16
TXN-17050,East,Home & Kitchen,17,160.21,4,2025-03-07
TXN-17051,North,Electronics,12,340.42,24,2025-05-12
TXN-17052,West,Electronics,1,359.31,19,2025-04-10
TXN-17053,South,Groceries,9,146.94,12,2025-05-06
TXN-17054,North,Electronics,9,367.33,9,2025-05-23
TXN-17055,North,Apparel,3,406.05,7,2025-03-29
TXN-17056,West,Electronics,6,268.71,28,2025-05-14
TXN-17057,South,Apparel,13,490.12,12,2025-04-26
TXN-17058,South,Groceries,12,25.73,10,2025-05-14
TXN-17059,South,Electronics,19,331.21,17,2025-03-24
TXN-17060,South,Home & Kitchen,12,32.64,29,2025-05-01
TXN-17061,East,Home & Kitchen,12,450.29,13,2025-03-04
TXN-17062,West,Groceries,13,287.74,3,2025-04-04
TXN-17063,North,Books,3,154.52,17,2025-03-27
TXN-17064,North,Electronics,3,133.48,5,2025-03-06
TXN-17065,West,Apparel,8,303.53,19,2025-04-27
TXN-17066,South,Apparel,12,476.28,23,2025-04-14
TXN-17067,North,Books,9,379.27,3,2025-03-17
TXN-17068,East,Electronics,18,335.27,6,2025-03-07
TXN-17069,North,Apparel,20,316.33,8,2025-03-28
TXN-17070,East,Home & Kitchen,8,132.31,25,2025-05-27
TXN-17071,South,Home & Kitchen,11,18.35,8,2025-03-27
TXN-17072,South,Groceries,16,185.26,15,2025-03-08
TXN-17073,West,Books,5,215.86,5,2025-05-12
TXN-17074,South,Fitness,4,329.16,30,2025-05-17
TXN-17075,North,Electronics,18,134.79,10,2025-05-02
TXN-17076,South,Fitness,9,368.62,26,2025-03-25
TXN-17077,North,Groceries,5,32.40,25,2025-05-22
TXN-17078,South,Electronics,-1,16.79,18,2025-03-10
TXN-17079,South,Books,2,324.73,28,2025-03-04
TXN-17080,North,Apparel,16,81.42,24,2025-05-16
TXN-17081,South,Groceries,10,44.21,29,2025-04-03
TXN-17082,North,Books,8,175.14,11,2025-05-04
TXN-17083,North,Apparel,8,381.68,2,2025-05-01
TXN-17084,East,Fitness,18,257.94,11,2025-03-08
TXN-17085,South,Books,5,47.28,5,2025-04-28
TXN-17086,North,Home & Kitchen,5,372.97,24,2025-03-08
TXN-17087,South,Groceries,20,293.74,28,2025-04-08
TXN-17088,West,Apparel,7,196.27,19,2025-04-06
TXN-17089,West,Groceries,8,54.03,16,2025-03-29
TXN-17090,West,Apparel,13,300.45,25,2025-05-29
TXN-17091,West,Groceries,9,461.84,10,2025-05-14
TXN-17092,South,Electronics,4,443.10,9,2025-05-20
TXN-17093,South,Electronics,5,344.60,17,2025-04-19
TXN-17094,West,Groceries,7,268.64,15,2025-03-20
TXN-17095,East,Apparel,12,71.89,14,2025-05-27
TXN-17096,South,Home & Kitchen,11,39.97,21,2025-03-11
TXN-17097,North,Groceries,12,461.04,9,2025-05-12
TXN-17098,West,Apparel,14,444.34,20,2025-03-08
TXN-17099,West,Fitness,11,393.61,1,2025-04-13
TXN-17100,North,Groceries,16,398.13,21,2025-04-04
TXN-17101,East,Fitness,7,290.76,29,2025-04-02
TXN-14317,West,Fitness,13,237.43,1,2025-03-11
TXN-17103,South,Books,6,360.27,18,2025-05-01
TXN-17104,North,Groceries,12,467.17,28,2025-05-23
TXN-17105,West,Electronics,8,118.01,25,2025-05-02
TXN-17106,East,Books,2,436.83,12,2025-03-14
TXN-17107,South,Fitness,5,194.17,15,2025-04-15
TXN-17108,West,Electronics,13,14.49,2,2025-05-20
TXN-17109,East,Fitness,19,107.89,9,2025-04-27
TXN-17110,West,Fitness,12,256.41,7,2025-04-07
TXN-17111,East,Apparel,9,241.40,29,2025-03-04
TXN-17112,East,Fitness,9,88.38,17,2025-04-14
TXN-17113,North,Books,13,476.35,16,2025-03-15
TXN-17114,South,Home & Kitchen,1,203.33,17,2025-03-15
TXN-17115,West,Groceries,10,60.58,4,2025-04-25
TXN-17116,West,Home & Kitchen,9,50.87,17,2025-05-24
TXN-17117,South,Books,1,329.93,5,2025-04-18
TXN-17118,East,Fitness,19,57.47,25,2025-04-22
TXN-17119,East,Electronics,9,115.77,26,2025-04-05
TXN-17120,East,Apparel,3,244.88,5,2025-04-06
TXN-17121,North,Apparel,15,479.32,15,2025-03-31
TXN-17122,West,Electronics,10,5.96,2,2025-03-10
TXN-17123,West,Groceries,5,305.79,3,2025-04-27
TXN-17124,West,Groceries,6,70.90,1,2025-04-12
TXN-17125,South,Books,9,179.72,26,2025-03-15
TXN-17126,North,Electronics,4,464.08,13,2025-03-28
TXN-17127,East,Groceries,9,239.10,23,2025-04-19
TXN-17128,North,Home & Kitchen,19,410.95,11,2025-04-14
TXN-17129,West,Home & Kitchen,19,441.09,19,2025-05-28
TXN-17130,North,Electronics,11,490.41,26,2025-05-23
TXN-17131,West,Home & Kitchen,7,126.27,10,2025-03-10
TXN-17132,South,Home & Kitchen,9,193.57,14,2025-04-19
TXN-17133,South,Groceries,3,373.08,18,2025-05-06
TXN-17134,West,Apparel,2,369.96,10,2025-05-30
TXN-17135,South,Books,16,408.03,10,2025-05-04
TXN-17136,South,Books,17,372.28,23,2025-04-20
TXN-17137,East,Apparel,4,219.55,14,2025-03-25
TXN-17138,West,Fitness,14,258.21,6,2025-05-28
TXN-17139,South,Groceries,7,223.95,9,2025-03-19
TXN-17140,North,Groceries,1,296.42,4,2025-05-01
TXN-17141,West,Groceries,17,428.47,12,2025-04-04
TXN-17142,North,Fitness,16,67.84,29,2025-05-21
TXN-17143,West,Books,8,487.15,26,2025-03-11
TXN-17144,East,Electronics,4,191.64,2,2025-04-21
TXN-17145,West,Fitness,13,42.75,22,2025-04-26
TXN-17146,North,Apparel,7,67.52,21,2025-05-08
TXN-17147,West,Home & Kitchen,3,193.39,25,2025-04-16
TXN-17148,North,Books,13,373.79,3,2025-04-27
TXN-17149,North,Fitness,20,342.48,5,2025-05-11
TXN-17150,South,Home & Kitchen,-1,131.44,21,2025-05-22
TXN-13276,North,Apparel,6,369.07,3,2025-03-11
TXN-17152,South,Home & Kitchen,6,263.57,4,2025-03-19
TXN-17153,South,Groceries,16,346.46,0,2099-12-31
TXN-17154,South,Fitness,4,455.45,4,2025-03-18
TXN-17155,East,Home & Kitchen,1,383.68,26,2025-04-16
TXN-17156,North,Groceries,3,136.81,20,2025-03-28
TXN-17157,West,Books,15,124.09,12,2025-04-23
TXN-17158,South,Home & Kitchen,17,189.00,27,2099-12-31
TXN-17159,North,Apparel,1,275.74,7,2025-04-07
TXN-17160,North,Electronics,17,174.23,17,2025-05-28
TXN-17161,West,Books,5,186.34,17,2025-03-17
TXN-17162,South,Electronics,8,380.60,7,2025-05-26
TXN-17163,North,Books,3,27.14,25,2025-03-05
TXN-17164,East,Books,18,187.30,150,2025-04-17
TXN-17165,West,Electronics,13,250.83,23,2025-04-21
TXN-17166,North,Groceries,7,154.31,17,2025-03-15
TXN-17167,East,Groceries,17,206.07,11,2025-03-18
TXN-17168,South,Fitness,14,477.80,18,2025-03-27
TXN-17169,East,Home & Kitchen,6,241.73,18,2025-05-08
TXN-17170,East,Apparel,1,405.11,11,2025-04-03
TXN-17171,South,Electronics,15,340.50,5,2025-05-13
TXN-17172,West,Fitness,18,177.93,0,2025-03-24
TXN-17173,North,Fitness,14,503.42,10,2025-03-06
TXN-17174,East,Apparel,5,484.49,25,2025-04-30
TXN-17175,East,Electronics,5,421.94,7,2025-04-28
TXN-15608,South,Books,5,411.74,21,2025-05-03
TXN-17177,East,Fitness,4,344.37,1,2025-03-31
TXN-17178,West,Groceries,15,49.30,20,2025-05-05
TXN-17179,North,Electronics,14,449.58,11,2025-04-20
TXN-17180,East,Apparel,8,INVALID_PRICE,19,2025-03-09
TXN-17181,East,Home & Kitchen,9,424.19,13,2025-03-22
TXN-17182,West,Electronics,2,100.99,28,2025-04-15
TXN-17183,South,Apparel,18,214.32,1,2025-04-07
TXN-17184,North,Groceries,18,91.40,14,2025-05-25
TXN-17185,West,Books,5,27.41,18,2025-05-11
TXN-17186,South,Electronics,17,255.74,13,2025-04-07
TXN-17187,North,Fitness,11,31.63,14,2025-04-05
TXN-17188,West,Electronics,8,365.97,18,2025-03-24
TXN-17189,South,Books,14,400.91,29,2025-05-06
TXN-17190,North,Groceries,5,53.68,15,2025-05-15
TXN-17191,West,Fitness,18,229.95,8,2025-05-15
TXN-13922,North,Apparel,12,118.64,29,2025-05-30
TXN-17193,East,Apparel,8,INVALID_PRICE,25,2025-05-01
TXN-17194,East,Books,10,216.71,18,2025-05-26
TXN-17195,East,Electronics,5,339.76,13,2025-03-19
TXN-17196,North,Groceries,5,53.27,15,2025-05-01
TXN-17197,West,Fitness,10,105.71,13,2025-03-06
TXN-17198,North,Apparel,20,401.63,22,2025-05-18
TXN-17199,West,Fitness,18,337.50,13,2025-05-27
TXN-17200,South,Books,11,363.59,28,2025-04-30
TXN-17201,East,Home & Kitchen,16,196.47,1,2025-04-10
TXN-17202,East,Groceries,18,486.34,24,2025-04-10
TXN-17203,South,Books,6,136.98,2,2025-03-17
TXN-17204,North,Groceries,10,475.18,8,2025-05-01
TXN-17205,West,Books,16,236.28,27,2025-03-23
TXN-17206,East,Apparel,13,218.65,13,2025-04-17
TXN-17207,North,Home & Kitchen,17,390.52,14,2025-03-09
TXN-17208,West,Home & Kitchen,14,440.51,28,2025-03-04
TXN-17209,East,Fitness,10,INVALID_PRICE,10,2025-04-03
TXN-17210,South,Fitness,19,130.06,23,2025-05-02
TXN-17211,South,Apparel,9,471.24,19,2025-03-15
TXN-17212,North,Fitness,14,55.27,22,2025-05-31
TXN-17213,West,Groceries,1,313.45,29,2025-05-14
TXN-17214,South,Home & Kitchen,3,417.29,6,2025-05-14
TXN-17215,West,Home & Kitchen,18,14.85,12,2025-04-23
TXN-17216,East,Books,12,442.94,20,2025-05-20
TXN-17217,West,Books,1,398.64,12,2025-04-04
TXN-17218,East,Apparel,6,411.40,28,2025-04-02
TXN-17219,East,Electronics,1,100.47,13,2025-04-27
TXN-17220,South,Groceries,6,236.09,27,2025-04-10
TXN-17221,West,Groceries,18,502.88,6,2025-04-27
TXN-17222,South,Home & Kitchen,1,448.49,26,2025-04-12
TXN-17223,North,Books,11,139.63,25,2025-03-21
TXN-17224,East,Apparel,5,401.37,11,2025-04-16
TXN-17225,South,Apparel,18,262.41,4,2025-05-27
TXN-17226,West,Home & Kitchen,7,388.05,18,2025-03-23
TXN-17227,South,Apparel,7,497.46,21,2025-05-31
TXN-17228,North,Electronics,10,332.08,15,2025-05-18
TXN-17229,East,Fitness,20,353.00,3,2025-03-22
TXN-17230,East,Apparel,-5,258.71,19,2025-05-07
TXN-17231,East,Apparel,12,244.83,18,2025-03-30
TXN-17232,East,Home & Kitchen,8,195.49,0,2025-05-23
TXN-17233,North,Groceries,8,19.29,15,2025-04-13
TXN-17234,East,Groceries,1,229.45,8,2025-05-04
TXN-17235,North,Apparel,20,314.45,6,2025-03-25
TXN-17236,North,Books,18,129.53,9,2025-05-25
TXN-17237,South,Fitness,15,30.60,5,2025-05-13
TXN-17238,South,Fitness,3,222.69,5,2025-03-29
TXN-17239,South,Home & Kitchen,17,373.92,26,2025-05-12
TXN-17240,North,Books,9,485.31,11,2025-03-07
TXN-17241,East,Electronics,7,103.51,9,2025-03-08
TXN-17242,East,Electronics,15,416.29,25,2025-03-23
TXN-17243,North,Apparel,14,159.79,2,2025-05-13
TXN-17244,East,Electronics,9,86.22,3,2025-04-27
TXN-17245,East,Electronics,15,461.82,19,2025-03-13
TXN-17246,South,Electronics,18,83.49,6,2025-03-20
TXN-17247,East,Books,18,73.25,16,2025-05-08
TXN-17248,West,Home & Kitchen,7,151.71,12,2025-04-28
TXN-17249,East,Apparel,20,408.85,11,2025-04-16
TXN-17250,South,Electronics,3,395.61,7,2025-04-08
TXN-17251,East,Fitness,1,29.56,0,2025-05-21
TXN-14445,North,Apparel,10,281.51,12,2025-04-04
TXN-15325,North,Electronics,2,330.13,19,2025-05-18
TXN-17254,South,Home & Kitchen,18,260.36,29,2025-05-21
TXN-17255,South,Home & Kitchen,1,418.29,13,2025-04-20
TXN-17256,West,Books,10,234.11,24,2025-04-15
TXN-17257,West,Home & Kitchen,7,122.64,0,2025-05-07
TXN-17258,North,Home & Kitchen,14,24.81,13,2025-04-20
TXN-17259,South,Apparel,15,233.93,29,2025-05-04
TXN-17260,West,Apparel,19,97.98,26,2025-05-01
TXN-17261,West,Books,19,283.28,22,2025-05-08
TXN-17262,North,Groceries,19,116.43,28,2025-05-02
TXN-17263,North,Electronics,9,41.69,26,2025-05-01
TXN-17264,West,Books,2,119.32,17,2025-03-26
TXN-17265,North,Apparel,17,153.82,0,2025-03-07
TXN-17266,West,Home & Kitchen,16,474.11,0,2025-05-17
TXN-17267,West,Fitness,4,449.26,4,2025-04-17
TXN-17268,North,Electronics,17,360.04,24,2025-04-19
TXN-17269,North,Groceries,8,266.18,16,2025-05-27
TXN-17270,North,Apparel,2,339.60,14,2025-03-08
TXN-17271,North,Electronics,3,31.65,28,2025-04-30
TXN-17272,North,Apparel,1,353.69,21,2025-03-08
TXN-17273,North,Home & Kitchen,15,491.99,22,2025-04-21
TXN-17274,East,Groceries,1,136.64,23,2025-04-29
TXN-17275,West,Home & Kitchen,-2,248.90,15,2025-04-24
TXN-17276,West,Electronics,7,103.09,4,2025-05-10
TXN-17277,West,Home & Kitchen,4,62.39,11,2025-05-16
TXN-17278,South,Books,11,405.63,21,2025-04-06
TXN-17279,West,Electronics,18,188.21,2,2025-04-05
TXN-17280,North,Books,17,44.21,6,2025-03-06
TXN-17281,East,Home & Kitchen,16,364.82,24,2025-03-18
TXN-17282,North,Home & Kitchen,16,478.33,22,2025-05-11
TXN-17283,East,Books,2,259.83,30,2025-03-21
TXN-17284,West,Fitness,7,191.19,5,2025-03-23
TXN-17285,East,Electronics,6,136.09,11,2025-05-07
TXN-17286,East,Books,18,341.82,7,2025-04-02
TXN-17287,North,Fitness,5,184.78,14,2025-04-19
TXN-17288,East,Electronics,17,144.49,11,2025-04-20
TXN-17289,South,Home & Kitchen,15,453.25,18,2025-03-13
TXN-17290,West,Electronics,2,378.30,17,2025-05-31
TXN-17291,North,Home & Kitchen,11,151.03,14,2025-03-23
TXN-17292,East,Books,2,98.63,10,2025-04-11
TXN-17293,North,Books,20,109.08,7,2025-04-17
TXN-17294,West,Home & Kitchen,18,59.89,16,2025-04-03
TXN-17295,South,Books,16,281.94,17,2025-04-19
TXN-17296,East,Groceries,20,421.55,3,2025-03-23
TXN-17297,West,Home & Kitchen,16,16.39,4,2025-05-09
TXN-17298,North,Groceries,-3,207.59,19,2025-05-28
TXN-17299,South,Groceries,20,189.50,3,2025-05-27
TXN-17300,East,Home & Kitchen,13,8.12,16,2025-05-14
TXN-17301,South,Groceries,15,409.22,1,2025-05-03
TXN-17302,North,Electronics,14,383.81,24,2025-03-22
TXN-17303,South,Fitness,15,291.09,0,2025-04-10
TXN-17304,North,Groceries,19,484.18,7,2025-05-27
TXN-17305,West,Home & Kitchen,8,404.00,0,2025-04-30
TXN-17306,North,Home & Kitchen,14,342.66,23,2025-03-23
TXN-17307,South,Home & Kitchen,16,278.05,17,2025-05-18
TXN-17308,East,Home & Kitchen,20,207.58,28,2025-03-30
TXN-17309,East,Apparel,18,18.78,9,2025-05-03
TXN-17310,West,Apparel,10,435.98,6,2025-03-21
TXN-17311,South,Fitness,9,435.61,25,2025-03-09
TXN-17312,South,Groceries,17,359.57,24,2025-04-04
TXN-17313,East,Fitness,3,292.68,25,2025-05-18
TXN-17314,West,Home & Kitchen,8,386.06,20,2025-03-28
TXN-17315,East,Books,1,7.02,18,2025-03-29
TXN-17316,East,Home & Kitchen,3,122.96,24,2025-05-20
TXN-17317,South,Books,3,476.06,25,2025-03-18
TXN-17318,East,Home & Kitchen,-4,69.79,12,2025-03-10
TXN-17319,West,Home & Kitchen,12,126.91,10,2025-03-27
TXN-17320,East,Apparel,2,463.85,18,2025-03-12
TXN-17321,East,Books,5,264.10,27,2025-03-04
TXN-17322,South,Books,13,47.95,21,2025-05-12
TXN-17323,South,Fitness,6,151.58,26,2025-04-05
TXN-17324,North,Fitness,18,34.58,11,2025-03-15
TXN-17325,West,Fitness,16,285.71,3,2025-05-01
TXN-17326,North,Groceries,17,191.53,13,2025-05-10
TXN-17327,South,Fitness,11,208.85,24,2025-03-08
TXN-17328,North,Groceries,5,17.32,19,2025-05-08
TXN-17329,West,Apparel,16,213.70,26,2025-03-11
TXN-17330,East,Fitness,19,367.20,10,2025-05-22
TXN-17331,East,Groceries,17,207.76,27,2025-04-06
TXN-17332,South,Groceries,18,486.79,22,2025-04-21
TXN-17333,South,Home & Kitchen,2,309.16,29,2025-03-18
TXN-17334,North,Groceries,5,460.60,16,2025-04-17
TXN-17335,North,Apparel,5,303.91,9,2025-04-05
TXN-17336,North,Books,2,217.76,28,2025-04-13
TXN-17337,East,Groceries,11,399.05,11,2025-03-14
TXN-17338,West,Home & Kitchen,7,479.39,7,2025-03-29
TXN-17339,West,Electronics,18,INVALID_PRICE,23,2025-04-24
TXN-17340,East,Home & Kitchen,8,482.57,11,2025-03-11
TXN-17341,South,Books,1,296.82,16,2025-04-18
TXN-17342,West,Books,11,264.59,16,2025-05-31
TXN-17343,South,Home & Kitchen,9,335.45,16,2025-04-13
TXN-17344,West,Groceries,8,365.07,30,2025-03-29
TXN-17345,East,Books,19,294.76,12,2025-04-15
TXN-17346,East,Apparel,15,16.29,17,2025-03-21
TXN-17347,North,Electronics,5,367.85,24,2025-05-16
TXN-17348,East,Fitness,6,192.92,13,2025-05-30
TXN-17349,North,Electronics,20,354.87,26,2025-04-28
TXN-17350,North,Books,10,430.95,7,2025-05-09
TXN-17351,South,Home & Kitchen,2,337.09,4,2025-05-27
TXN-17352,South,Home & Kitchen,16,263.73,19,2025-03-04
TXN-17353,North,Apparel,12,111.57,3,2025-04-03
TXN-17354,North,Groceries,20,159.19,21,2025-05-28
TXN-17355,East,Books,12,461.61,30,2025-04-21
TXN-17356,West,Groceries,13,462.76,11,2025-05-31
TXN-17357,East,Books,15,139.68,13,2025-03-12
TXN-17358,North,Electronics,15,452.53,22,2025-03-31
TXN-17359,East,Groceries,9,286.70,30,2025-04-19
TXN-17360,West,Groceries,5,144.48,23,2025-05-27
TXN-17361,South,Groceries,16,234.53,27,2025-03-04
TXN-17362,West,Electronics,16,34.79,14,2025-03-10
TXN-17363,South,Groceries,14,294.96,16,2025-05-25
TXN-17364,South,Groceries,9,470.26,8,2025-03-10
TXN-17365,East,Books,9,283.22,16,2025-03-24
TXN-17366,East,Home & Kitchen,2,239.71,6,2025-04-13
TXN-17367,West,Electronics,2,406.52,19,2025-05-09
TXN-17368,West,Books,15,483.60,30,2025-05-18
TXN-17369,North,Fitness,2,454.46,21,2025-04-23
TXN-17370,West,Home & Kitchen,2,364.40,18,2025-03-15
TXN-17371,East,Electronics,16,342.70,11,2025-05-15
TXN-17372,South,Home & Kitchen,17,112.97,14,2025-04-27
TXN-17373,East,Books,13,471.30,1,2025-03-20
TXN-17374,East,Apparel,2,214.19,16,2025-05-16
TXN-17375,East,Groceries,10,231.55,8,2025-05-03
TXN-17376,West,Home & Kitchen,17,354.63,27,2025-03-07
TXN-17377,North,Groceries,11,31.03,20,2025-04-18
TXN-17378,South,Electronics,16,98.89,7,2025-05-05
TXN-17379,West,Fitness,20,415.63,19,2025-05-13
TXN-17380,South,Apparel,1,318.97,5,2025-05-27
TXN-17381,West,Fitness,2,188.91,26,2025-05-09
TXN-17382,South,Fitness,6,155.78,14,2025-03-23
TXN-17383,East,Books,10,377.83,19,2025-05-30
TXN-17384,East,Electronics,17,491.08,16,2025-05-21
TXN-17385,West,Electronics,19,413.81,5,2025-03-26
TXN-17386,West,Groceries,11,46.28,13,2025-04-09
TXN-17387,South,Home & Kitchen,17,452.51,15,2025-03-17
TXN-17388,West,Apparel,1,75.35,17,2025-04-12
TXN-17389,West,Apparel,17,108.27,1,2025-03-18
TXN-17390,West,Fitness,9,452.90,3,2025-04-03
TXN-17391,South,Electronics,7,257.00,5,2025-04-02
TXN-17392,West,Groceries,6,388.58,2,2025-04-18
TXN-17393,West,Apparel,9,313.57,2,2025-04-24
TXN-11057,West,Home & Kitchen,4,99.41,5,2025-03-25
TXN-10737,North,Groceries,16,192.92,17,2025-03-20
TXN-17396,West,Books,11,22.70,11,2025-03-11
TXN-17397,South,Groceries,5,438.05,0,2025-03-07
TXN-17398,West,Electronics,19,248.23,18,2025-05-16
TXN-17399,West,Home & Kitchen,2,486.66,25,2025-04-27
TXN-17400,East,Books,8,67.81,29,2025-03-15
TXN-17401,North,Electronics,9,280.86,4,2025-05-13
TXN-17402,West,Fitness,16,202.98,24,2025-05-26
TXN-17403,South,Groceries,9,456.37,5,2025-03-31
TXN-17404,West,Home & Kitchen,12,283.55,3,2025-04-19
TXN-17405,East,Apparel,3,220.31,21,2025-05-15
TXN-17406,West,Fitness,2,99.98,26,2025-03-18
TXN-17407,East,Electronics,11,213.68,8,2025-05-24
TXN-17408,East,Groceries,9,451.97,2,2025-05-20
TXN-17409,North,Home & Kitchen,10,94.66,24,2025-05-24
TXN-17410,West,Fitness,5,62.40,24,2025-05-05
TXN-17411,East,Books,9,266.42,13,2025-04-24
TXN-17412,South,Electronics,14,59.68,26,2025-04-21
TXN-15669,South,Electronics,10,28.55,30,2025-03-30
TXN-17414,North,Fitness,14,104.68,9,2025-05-16
TXN-17415,East,Groceries,8,400.57,26,2025-04-08
TXN-17416,North,Books,14,166.19,29,2025-05-05
TXN-17417,West,Electronics,15,9.57,24,2025-05-09
TXN-17418,West,Groceries,9,48.86,29,2025-04-28
TXN-17419,West,Electronics,6,176.28,21,2025-04-17
TXN-17420,West,Electronics,1,489.55,2,2025-04-18
TXN-17421,East,Groceries,15,112.20,27,2025-05-18
TXN-17422,East,Books,5,53.17,27,2025-05-02
TXN-17423,West,Apparel,6,360.73,29,2025-04-08
TXN-17424,East,Electronics,11,391.23,27,2025-05-22
TXN-17425,South,Electronics,16,356.90,19,2025-05-29
TXN-17426,North,Home & Kitchen,7,249.84,28,2025-05-11
TXN-17427,East,Home & Kitchen,18,282.81,0,2025-05-08
TXN-17428,West,Apparel,13,392.26,15,2025-05-10
TXN-17429,North,Books,11,40.32,21,2025-03-07
TXN-17430,East,Home & Kitchen,1,416.87,2,2025-03-15
TXN-17431,North,Books,19,373.39,8,2025-03-17
TXN-17432,East,Groceries,17,278.87,2,2025-04-22
TXN-17433,North,Fitness,-2,159.98,23,2025-05-01
TXN-17434,East,Fitness,2,134.35,1,2025-03-09
TXN-17435,West,Books,19,28.80,5,2025-03-15
TXN-17436,South,Apparel,14,23.59,10,2025-05-13
TXN-17437,South,Fitness,14,49.16,2,2025-04-22
TXN-17438,North,Home & Kitchen,19,309.99,18,2025-05-22
TXN-17439,North,Fitness,8,389.61,13,2025-04-29
TXN-17440,East,Electronics,13,335.30,24,2099-12-31
TXN-17441,East,Electronics,19,454.26,22,2025-03-23
TXN-17442,West,Fitness,13,120.17,4,2025-03-05
TXN-17443,North,Apparel,13,21.94,21,2025-03-10
TXN-17444,West,Fitness,7,434.13,18,2025-04-03
TXN-17445,North,Books,18,263.93,17,2025-05-27
TXN-17446,South,Groceries,3,81.53,7,2025-05-12
TXN-17447,West,Electronics,20,140.70,20,2025-05-05
TXN-17448,South,Home & Kitchen,8,102.68,22,2025-05-19
TXN-17449,West,Home & Kitchen,2,244.49,20,2025-04-05
TXN-17450,South,Electronics,10,391.48,13,2025-03-06
TXN-17451,East,Electronics,13,95.27,14,2025-05-25
TXN-17452,South,Apparel,19,112.72,17,2025-05-26
TXN-17453,East,Home & Kitchen,1,INVALID_PRICE,27,2025-06-01
TXN-17454,East,Fitness,3,125.85,20,2025-03-31
TXN-17455,East,Fitness,16,401.97,16,2025-03-24
TXN-17456,South,Electronics,9,209.57,25,2025-03-30
TXN-17457,West,Books,19,296.30,1,2025-04-24
TXN-17458,West,Books,16,397.70,28,2025-04-25
TXN-17459,East,Fitness,13,167.60,13,2025-03-30
TXN-17460,South,Books,1,112.01,12,2025-03-13
TXN-17461,East,Electronics,5,240.80,7,2025-03-15
TXN-17462,West,Books,8,298.89,11,2025-05-28
TXN-17463,North,Books,8,229.09,17,2025-05-05
TXN-17464,West,Fitness,3,14.07,16,2025-03-21
TXN-17465,East,Fitness,3,64.53,2,2025-05-29
TXN-17466,East,Electronics,8,137.69,11,2025-03-04
TXN-17467,East,Electronics,10,403.76,19,2025-04-10
TXN-17468,East,Groceries,4,402.86,2,2025-03-06
TXN-17469,West,Books,6,100.37,6,2025-03-14
TXN-17470,West,Apparel,10,458.66,23,2025-04-03
TXN-17471,North,Groceries,1,339.73,10,2025-04-10
TXN-17472,South,Electronics,14,75.72,30,2025-05-12
TXN-17473,East,Groceries,8,377.40,16,2025-05-24
TXN-17474,East,Apparel,4,423.86,9,2025-03-30
TXN-17475,East,Books,2,199.63,5,2025-05-01
TXN-17476,North,Electronics,8,442.26,22,2025-04-07
TXN-17477,North,Electronics,20,303.94,5,2025-04-12
TXN-17478,West,Books,3,183.36,15,2025-03-05
TXN-17479,North,Fitness,19,282.21,9,2025-03-20
TXN-17480,South,Apparel,17,338.21,23,2025-05-18
TXN-17481,South,Electronics,20,287.23,24,2025-03-22
TXN-17482,South,Home & Kitchen,3,281.91,10,2025-03-15
TXN-17483,East,Books,14,492.64,6,2025-04-23
TXN-17484,West,Fitness,2,358.82,30,2025-04-09
TXN-17485,South,Electronics,8,93.66,15,2025-04-14
TXN-17486,North,Home & Kitchen,8,448.67,13,2025-05-27
TXN-17487,East,Groceries,17,43.94,27,2025-05-25
TXN-17488,North,Groceries,5,326.84,2,2025-04-28
TXN-17489,East,Home & Kitchen,18,163.05,20,2025-03-28
TXN-17490,South,Fitness,7,127.39,8,2025-03-14
TXN-17491,North,Electronics,11,171.87,3,2025-05-15
TXN-17492,South,Home & Kitchen,16,79.74,3,2025-05-05
TXN-17493,North,Electronics,14,430.94,30,2025-04-15
TXN-17494,South,Groceries,6,146.64,29,2025-03-08
TXN-17495,East,Groceries,2,191.06,17,2025-04-28
TXN-17496,East,Fitness,18,64.46,19,2025-04-01
TXN-17497,West,Fitness,2,212.21,10,2025-05-08
TXN-17498,West,Fitness,16,371.15,1,2025-05-26
TXN-17499,West,Fitness,11,162.50,7,2025-04-17
TXN-17500,West,Home & Kitchen,4,239.30,23,2025-04-11
TXN-17501,North,Apparel,16,385.28,9,2025-05-05
TXN-17502,South,Home & Kitchen,20,202.61,5,2025-05-08
TXN-17503,North,Fitness,10,7.19,3,2025-03-13
TXN-17504,South,Fitness,16,502.68,3,2025-03-05
TXN-17505,North,Books,12,391.40,4,2025-05-11
TXN-17506,West,Fitness,20,26.85,22,2025-05-03
TXN-17507,West,Electronics,4,272.12,10,2025-05-18
TXN-17508,South,Fitness,19,395.06,9,2025-03-14
TXN-17509,South,Apparel,13,436.65,26,2025-04-09
TXN-17510,South,Groceries,13,270.51,22,2025-05-06
TXN-17511,North,Home & Kitchen,8,386.14,19,2025-05-21
TXN-17512,East,Fitness,17,125.68,2,2025-04-19
TXN-17513,East,Electronics,4,286.14,16,2025-04-16
TXN-17514,East,Books,20,48.64,23,2025-05-30
TXN-17515,East,Books,4,458.18,26,2025-03-25
TXN-17516,East,Electronics,15,73.31,7,2025-04-25
TXN-17517,South,Fitness,18,201.28,5,2025-05-11
TXN-17518,South,Groceries,4,43.77,13,2025-03-06
TXN-17519,North,Books,20,435.23,18,2025-03-09
TXN-17520,East,Groceries,4,33.21,14,2025-05-21
TXN-17521,West,Fitness,12,86.04,12,2025-03-29
TXN-17522,North,Groceries,18,80.64,3,2025-04-12
TXN-17523,West,Home & Kitchen,12,130.97,2,2025-05-07
TXN-17524,North,Electronics,17,123.87,16,2025-04-22
TXN-17525,East,Books,8,423.65,23,2025-03-13
TXN-17526,East,Groceries,19,194.40,0,2025-04-26
TXN-17527,West,Books,3,99.89,4,2025-05-12
TXN-17528,North,Fitness,11,234.32,15,2025-06-01
TXN-17529,East,Apparel,9,102.62,7,2025-05-20
TXN-17530,South,Apparel,4,189.19,14,2025-03-27
TXN-17531,West,Electronics,3,443.06,5,2025-05-18
TXN-17532,North,Books,17,356.32,2,2025-05-05
TXN-17533,North,Home & Kitchen,9,70.21,19,2025-03-22
TXN-17534,West,Fitness,9,6.58,30,2025-04-10
TXN-17535,North,Fitness,3,132.11,22,2025-03-09
TXN-17536,North,Electronics,2,219.65,3,2025-05-23
TXN-17537,South,Electronics,16,436.91,26,2025-03-19
TXN-17538,West,Fitness,15,316.93,20,2025-05-09
TXN-17539,West,Fitness,1,238.03,6,2025-04-22
TXN-17540,North,Fitness,13,441.12,26,2025-03-21
TXN-17541,South,Apparel,2,116.05,4,2025-04-22
TXN-17542,West,Home & Kitchen,13,305.80,9,2025-04-26
TXN-17543,West,Fitness,16,65.11,7,2025-05-30
TXN-17544,North,Home & Kitchen,-4,15.83,14,2025-05-06
TXN-17545,West,Home & Kitchen,10,8.60,14,2025-04-27
TXN-17546,East,Groceries,11,15.47,1,2025-04-16
TXN-17547,West,Home & Kitchen,18,293.02,10,2025-04-24
TXN-17548,West,Groceries,17,88.27,24,2025-05-19
TXN-17549,North,Electronics,12,452.96,13,2025-04-13
TXN-17550,North,Fitness,1,412.18,14,2025-05-19
TXN-17551,North,Groceries,7,475.07,20,2025-04-14
TXN-17552,East,Books,11,181.90,11,2025-05-10
TXN-17553,South,Electronics,18,317.53,19,2025-04-16
TXN-17554,North,Books,6,407.93,3,2025-03-14
TXN-17555,North,Fitness,14,109.47,7,2025-05-25
TXN-17556,South,Books,17,401.92,23,2025-04-17
TXN-17557,West,Electronics,20,19.47,16,2025-05-04
TXN-17558,West,Groceries,14,398.51,23,2025-03-26
TXN-17559,North,Electronics,7,325.16,21,2025-04-12
TXN-17560,North,Electronics,1,418.47,26,2025-03-22
TXN-17561,West,Apparel,10,56.10,14,2025-05-12
TXN-17562,South,Electronics,18,267.76,15,2025-04-05
TXN-17563,North,Fitness,5,172.53,15,2025-05-03
TXN-17564,West,Groceries,10,427.57,20,2025-05-01
TXN-17565,South,Groceries,17,146.19,15,2025-04-30
TXN-17566,South,Fitness,15,139.46,3,2025-05-21
TXN-17567,East,Fitness,7,96.60,15,2025-03-14
TXN-17568,North,Electronics,14,105.19,12,2025-03-24
TXN-17569,North,Home & Kitchen,1,191.78,20,2025-04-02
TXN-17570,North,Books,7,175.97,29,2025-03-08
TXN-17571,East,Apparel,14,40.25,5,2025-04-05
TXN-17572,South,Books,10,488.01,29,2025-05-05
TXN-17573,South,Fitness,18,48.73,22,2025-04-28
TXN-17574,East,Groceries,4,465.65,30,2025-05-13
TXN-17575,East,Fitness,6,30.88,23,2025-04-16
TXN-17576,North,Apparel,19,250.96,7,2025-04-21
TXN-17577,East,Groceries,12,383.29,16,2025-03-13
TXN-17578,West,Apparel,4,402.12,21,2025-04-26
TXN-17579,North,Electronics,13,100.95,23,2025-05-22
TXN-17580,South,Books,13,238.29,29,2025-03-28
TXN-17581,West,Electronics,16,250.10,17,2025-03-19
TXN-17582,West,Groceries,15,215.94,27,2025-05-31
TXN-17583,West,Groceries,2,354.30,9,2025-05-30
TXN-17584,West,Home & Kitchen,20,380.09,30,2025-03-06
TXN-17585,South,Apparel,3,44.18,22,2025-05-17
TXN-17586,East,Apparel,16,470.49,20,2025-04-26
TXN-17587,North,Electronics,18,139.72,17,2025-04-07
TXN-17588,North,Apparel,8,485.26,13,2025-05-19
TXN-17589,West,Fitness,9,404.74,13,2025-04-23
TXN-17590,West,Groceries,13,332.14,6,2025-05-12
TXN-17591,East,Electronics,8,200.93,9,2025-05-08
TXN-17592,North,Apparel,5,279.37,4,2025-03-13
TXN-17593,South,Groceries,5,500.14,9,2025-03-19
TXN-17594,South,Groceries,10,204.98,29,2025-04-28
TXN-17595,North,Electronics,16,14.75,17,2025-03-27
TXN-17596,West,Books,18,94.69,16,2025-03-04
TXN-17597,East,Home & Kitchen,4,129.69,23,2025-05-14
TXN-17598,West,Home & Kitchen,9,245.83,6,2025-03-08
TXN-14230,North,Apparel,13,193.00,23,2025-05-22
TXN-17600,East,Groceries,18,323.37,3,2025-05-25
TXN-17601,East,Fitness,4,INVALID_PRICE,2,2025-05-19
TXN-17602,South,Apparel,19,19.09,25,2025-04-17
TXN-17603,East,Apparel,10,403.97,27,2025-04-08
TXN-17604,South,Apparel,10,48.77,21,2025-04-24
TXN-17605,East,Groceries,20,442.83,13,2025-04-15
TXN-17606,West,Home & Kitchen,10,322.68,28,2025-05-16
TXN-17607,West,Apparel,13,172.40,4,2025-03-11
TXN-17608,North,Electronics,14,344.88,29,2025-05-08
TXN-17609,East,Groceries,7,396.93,11,2025-03-26
TXN-17610,North,Home & Kitchen,4,472.31,24,2025-03-16
TXN-17611,North,Books,3,37.63,15,2025-03-12
TXN-17612,South,Home & Kitchen,9,110.09,150,2025-05-24
TXN-17613,South,Fitness,10,223.96,26,2025-04-19
TXN-17614,West,Books,5,374.89,28,2025-03-14
TXN-17615,South,Electronics,12,504.01,23,2025-05-04
TXN-17616,East,Books,1,313.70,18,2025-04-26
TXN-15955,West,Books,15,8.77,1,2025-04-12
TXN-17618,East,Groceries,18,109.39,16,2025-03-06
TXN-17619,West,Home & Kitchen,16,161.64,12,2025-04-02
TXN-17620,South,Home & Kitchen,6,46.84,16,2025-03-07
TXN-17621,South,Fitness,3,50.80,22,2025-05-08
TXN-17622,West,Home & Kitchen,16,136.08,23,2025-05-15
TXN-17623,South,Books,2,262.47,8,2025-05-31
TXN-17624,South,Home & Kitchen,8,168.19,16,2025-05-01
TXN-17625,East,Apparel,8,193.55,7,2025-03-14
TXN-17626,North,Apparel,6,62.11,21,2025-03-22
TXN-17627,South,Electronics,19,467.75,30,2025-03-19
TXN-17628,West,Books,18,191.07,3,2025-05-07
TXN-17629,North,Home & Kitchen,3,164.78,25,2025-03-31
TXN-17630,East,Apparel,10,353.98,18,2025-03-24
TXN-17631,North,Apparel,1,110.31,3,2025-05-02
TXN-17632,South,Home & Kitchen,11,127.80,7,2025-04-20
TXN-17633,South,Groceries,2,489.81,28,2025-03-23
TXN-14959,South,Apparel,10,282.28,10,2025-04-02
TXN-17635,North,Electronics,11,28.14,14,2025-05-22
TXN-17636,West,Groceries,6,262.60,6,2025-04-27
TXN-17637,West,Apparel,14,433.71,26,2025-03-12
TXN-17638,North,Home & Kitchen,11,275.39,20,2025-03-24
TXN-17639,East,Home & Kitchen,14,400.42,26,2025-04-03
TXN-17640,North,Books,6,14.57,3,2025-05-14
TXN-17641,North,Electronics,20,444.41,3,2025-03-09
TXN-17642,South,Groceries,11,312.77,21,2025-03-12
TXN-17643,North,Apparel,16,439.37,18,2025-03-16
TXN-17644,East,Groceries,10,477.22,22,2025-04-26
TXN-17645,South,Electronics,3,484.27,20,2025-04-25
TXN-17646,West,Books,3,445.40,17,2025-05-22
TXN-17647,East,Home & Kitchen,5,413.85,8,2025-05-07
TXN-17648,West,Home & Kitchen,4,86.64,12,2025-03-28
TXN-17649,West,Electronics,3,24.72,1,2025-04-13
TXN-17650,East,Books,11,82.12,15,2025-05-21
TXN-17651,South,Books,20,434.35,9,2025-05-20
TXN-17652,North,Fitness,14,201.98,9,2025-05-25
TXN-17653,West,Books,14,383.12,21,2025-04-14
TXN-17654,East,Electronics,15,150.43,4,2025-03-20
TXN-17655,South,Apparel,7,82.27,23,2025-03-30
TXN-17656,West,Home & Kitchen,11,39.67,24,2025-04-07
TXN-17657,East,Apparel,10,141.11,2,2025-05-13
TXN-17658,North,Electronics,17,256.27,29,2025-05-12
TXN-17659,East,Home & Kitchen,2,391.04,0,2025-05-07
TXN-17660,North,Fitness,5,422.09,9,2025-05-24
TXN-17661,South,Books,3,375.06,14,2025-05-22
TXN-17662,West,Electronics,6,279.54,15,2025-04-03
TXN-17663,East,Electronics,20,95.15,22,2025-04-12
TXN-17664,South,Electronics,13,453.52,2,2025-05-17
TXN-17665,East,Electronics,14,47.52,29,2025-03-09
TXN-17666,East,Groceries,-2,449.78,20,2025-03-27
TXN-17667,North,Books,8,21.64,8,2025-04-24
TXN-17668,West,Books,5,310.56,19,2025-04-04
TXN-17669,West,Groceries,8,278.70,28,2025-04-27
TXN-17670,North,Fitness,2,126.83,23,2025-04-10
TXN-17671,East,Groceries,3,206.52,11,2025-04-16
TXN-17672,North,Apparel,14,28.34,20,2025-03-24
TXN-17673,East,Electronics,2,269.01,25,2025-04-16
TXN-17674,East,Fitness,16,362.99,28,2025-05-23
TXN-17675,East,Books,13,199.63,29,2025-03-05
TXN-17676,South,Home & Kitchen,6,21.24,1,2025-03-15
TXN-17677,East,Apparel,6,412.52,13,2025-04-24
TXN-17678,East,Books,6,450.70,2,2025-04-04
TXN-17679,West,Books,15,466.12,18,2025-04-06
TXN-17680,East,Home & Kitchen,1,350.38,24,2025-05-23
TXN-17681,East,Electronics,15,189.26,28,2025-04-09
TXN-17682,East,Groceries,1,490.60,9,2025-05-23
TXN-17683,South,Home & Kitchen,15,203.40,29,2025-05-12
TXN-17684,East,Apparel,1,93.02,28,2025-05-26
TXN-17685,West,Electronics,10,434.27,16,2025-03-26
TXN-17686,South,Books,6,105.69,11,2025-03-04
TXN-17687,West,Home & Kitchen,3,255.88,10,2025-04-09
TXN-17688,North,Fitness,12,229.44,5,2025-05-02
TXN-17689,North,Home & Kitchen,6,44.27,21,2025-05-15
TXN-17690,North,Apparel,12,457.84,19,2025-05-17
TXN-17691,North,Groceries,19,401.58,28,2025-03-19
TXN-17692,South,Fitness,6,179.24,26,2025-04-22
TXN-17693,South,Home & Kitchen,5,249.37,25,2025-06-01
TXN-17694,North,Home & Kitchen,3,440.16,21,2025-03-15
TXN-17695,North,Groceries,12,90.08,27,2025-04-16
TXN-17696,West,Electronics,9,275.91,27,2025-04-20
TXN-17697,South,Groceries,16,115.58,24,2025-05-20
TXN-17698,West,Home & Kitchen,17,188.63,20,2025-06-01
TXN-17699,East,Books,15,455.68,11,2025-05-01
TXN-17700,South,Electronics,8,176.98,24,2025-05-05
TXN-17701,North,Books,17,334.23,15,2025-04-04
TXN-17702,West,Electronics,14,44.97,2,2025-05-03
TXN-17703,South,Electronics,14,216.15,21,2025-05-22
TXN-17704,East,Books,5,155.92,18,2025-04-16
TXN-17705,West,Apparel,16,470.48,11,2025-03-18
TXN-17706,South,Books,13,334.64,5,2025-05-07
TXN-17707,South,Electronics,10,258.03,21,2025-03-22
TXN-17708,East,Home & Kitchen,15,342.11,3,2025-04-25
TXN-10569,South,Apparel,7,314.57,19,2025-03-14
TXN-17710,North,Fitness,14,399.37,7,2025-05-04
TXN-17711,South,Fitness,9,251.35,4,2025-05-26
TXN-17712,South,Groceries,19,65.53,24,2025-04-15
TXN-17713,South,Apparel,15,19.05,12,2025-05-31
TXN-17714,South,Electronics,13,463.59,6,2025-03-05
TXN-17715,East,Apparel,15,322.80,21,2025-04-18
TXN-17716,South,Books,20,492.69,7,2025-05-03
TXN-17717,South,Books,19,99.85,26,2025-04-20
TXN-17718,North,Fitness,-2,186.29,9,2025-05-26
TXN-17719,East,Books,12,331.97,15,2025-04-03
TXN-17720,North,Home & Kitchen,3,258.84,27,2025-04-29
TXN-17721,South,Groceries,10,37.32,24,2025-04-17
TXN-17722,North,Fitness,17,76.77,12,2025-03-24
TXN-17723,South,Fitness,5,411.33,10,2025-03-09
TXN-17724,South,Electronics,17,338.18,7,2025-04-12
TXN-17725,North,Fitness,11,428.27,4,2025-06-01
TXN-17726,North,Home & Kitchen,2,315.60,9,2025-03-17
TXN-17727,South,Books,8,222.40,2,2025-03-17
TXN-17728,East,Apparel,13,284.45,19,2025-05-06
TXN-17729,West,Electronics,1,72.93,8,2025-05-17
TXN-17730,South,Fitness,12,172.76,22,2025-05-20
TXN-17731,West,Home & Kitchen,8,494.52,17,2025-03-12
TXN-17732,North,Fitness,14,338.23,20,2025-04-05
TXN-17733,West,Apparel,1,360.90,13,2025-05-05
TXN-17734,East,Groceries,4,463.33,29,2025-04-17
TXN-17735,North,Electronics,12,43.77,19,2025-05-28
TXN-17736,West,Fitness,17,96.76,3,2025-04-13
TXN-17737,North,Groceries,12,383.76,16,2025-04-24
TXN-17738,West,Electronics,1,76.45,18,2025-03-18
TXN-17739,North,Fitness,6,299.59,22,2025-04-01
TXN-17740,East,Fitness,20,373.70,13,2025-05-18
TXN-17741,South,Groceries,10,225.32,2,2025-04-13
TXN-17742,South,Electronics,13,71.15,4,2025-04-23
TXN-17743,North,Groceries,-3,27.14,3,2025-03-10
TXN-17744,North,Groceries,8,170.47,7,2025-05-24
TXN-17745,East,Books,1,367.92,16,2025-04-09
TXN-17746,West,Groceries,10,244.69,28,2025-04-21
TXN-17747,South,Books,-3,268.42,30,2025-04-18
TXN-17748,North,Books,12,361.64,23,2025-05-12
TXN-17749,South,Electronics,14,236.93,12,2025-05-27
TXN-17750,West,Groceries,18,423.07,22,2025-04-17
TXN-17751,West,Electronics,4,318.13,21,2025-04-12
TXN-17752,East,Books,9,7.21,15,2025-03-12
TXN-17753,North,Books,16,117.70,11,2025-04-09
TXN-17754,East,Groceries,15,183.78,10,2025-03-20
TXN-17755,South,Home & Kitchen,11,127.99,2,2025-05-06
TXN-17756,East,Home & Kitchen,7,454.92,24,2025-03-17
TXN-17757,West,Electronics,18,140.60,8,2025-03-05
TXN-17758,South,Electronics,4,421.89,16,2025-03-24
TXN-17759,East,Home & Kitchen,13,345.46,12,2025-03-17
TXN-17760,South,Groceries,14,477.28,28,2025-04-02
TXN-17761,North,Books,10,111.65,16,2025-05-18
TXN-17762,East,Apparel,7,455.14,5,2025-04-25
TXN-17763,West,Apparel,1,252.05,0,2025-05-18
TXN-17764,South,Groceries,13,275.94,30,2025-03-05
TXN-17765,South,Electronics,5,64.48,4,2025-04-08
TXN-17766,North,Electronics,4,200.78,9,2025-04-23
TXN-17767,West,Electronics,16,210.52,10,2025-04-22
TXN-17768,West,Books,17,268.08,1,2025-03-12
TXN-17769,North,Books,1,143.87,18,2025-05-23
TXN-17770,West,Groceries,18,369.96,17,2025-04-24
TXN-17771,North,Books,8,254.97,4,2025-03-13
TXN-17772,East,Books,5,253.95,0,2025-05-31
TXN-17773,South,Apparel,18,399.09,28,2025-03-16
TXN-17774,West,Apparel,8,129.98,15,2025-05-04
TXN-17775,West,Home & Kitchen,6,482.93,25,2025-05-18
TXN-17776,South,Home & Kitchen,7,84.20,27,2025-04-12
TXN-17777,East,Books,12,284.58,27,2099-12-31
TXN-17778,West,Fitness,13,357.60,15,2025-03-07
TXN-17779,South,Apparel,3,344.80,14,2025-04-11
TXN-17780,South,Home & Kitchen,9,362.10,13,2025-04-14
TXN-17781,North,Groceries,12,428.16,20,2025-04-12
TXN-17782,East,Books,4,361.53,22,2025-05-22
TXN-17783,South,Books,15,486.96,8,2025-04-27
TXN-17784,West,Electronics,17,335.41,9,2025-05-16
TXN-17785,East,Books,19,266.56,9,2025-03-31
TXN-10713,South,Groceries,12,253.99,6,2025-03-24
TXN-17787,West,Apparel,16,355.04,19,2025-05-10
TXN-17788,South,Groceries,17,84.61,15,2025-03-24
TXN-17789,West,Home & Kitchen,10,358.40,24,2025-04-10
TXN-17790,West,Groceries,5,89.72,24,2025-04-02
TXN-17791,South,Home & Kitchen,5,395.69,17,2025-04-12
TXN-17792,East,Fitness,11,386.94,1,2025-05-09
TXN-17793,East,Groceries,4,202.02,5,2025-04-28
TXN-17794,South,Electronics,6,268.40,10,2025-03-25
TXN-17795,West,Books,6,352.37,14,2025-03-09
TXN-17796,East,Apparel,7,229.93,24,2025-03-21
TXN-17797,East,Electronics,9,144.14,21,2025-03-09
TXN-17798,South,Home & Kitchen,1,419.93,13,2025-04-03
TXN-17799,East,Groceries,12,336.57,3,2025-03-29
TXN-17800,East,Books,2,258.15,17,2025-04-29
TXN-17801,West,Books,6,118.52,8,2025-05-12
TXN-17802,East,Fitness,9,381.15,22,2025-05-03
TXN-17803,East,Fitness,3,229.59,20,2025-05-27
TXN-17804,East,Books,17,227.14,12,2025-03-15
TXN-17805,West,Home & Kitchen,17,210.20,24,2025-04-06
TXN-17806,West,Groceries,2,134.50,6,2025-05-26
TXN-17807,South,Electronics,3,256.88,20,2025-03-04
TXN-17808,South,Home & Kitchen,7,41.93,25,2025-04-08
TXN-17809,South,Fitness,15,18.54,22,2025-05-22
TXN-17810,South,Apparel,6,144.79,27,2025-03-13
TXN-17811,North,Fitness,16,8.68,20,2025-05-17
TXN-17812,South,Home & Kitchen,7,428.44,15,2025-05-23
TXN-17813,North,Apparel,19,41.96,2,2025-03-05
TXN-17814,West,Electronics,3,115.67,30,2025-05-01
TXN-17815,East,Groceries,5,423.09,18,2025-05-22
TXN-17816,East,Home & Kitchen,10,49.14,10,2025-04-13
TXN-17817,South,Groceries,17,319.19,30,2025-04-15
TXN-17818,North,Home & Kitchen,6,470.54,22,2025-04-11
TXN-17819,West,Groceries,3,105.77,17,2025-03-16
TXN-17820,West,Electronics,10,242.97,24,2025-04-23
TXN-17821,South,Fitness,11,INVALID_PRICE,17,2025-04-16
TXN-17822,East,Books,20,198.36,16,2025-03-27
TXN-17823,West,Fitness,7,226.75,23,2025-03-15
TXN-17824,West,Apparel,9,130.73,5,2025-05-29
TXN-17825,West,Groceries,17,27.19,24,2025-03-23
TXN-17826,North,Apparel,10,459.66,20,2025-05-05
TXN-17827,West,Apparel,19,439.27,23,2025-05-20
TXN-17828,South,Electronics,13,77.82,0,2025-05-15
TXN-17829,South,Books,10,438.03,10,2025-04-14
TXN-17830,East,Books,12,186.46,7,2025-04-06
TXN-17831,North,Electronics,3,238.68,11,2025-05-26
TXN-17832,West,Home & Kitchen,12,433.83,17,2025-05-31
TXN-17833,West,Fitness,12,404.40,8,2025-03-14
TXN-17834,North,Fitness,1,105.71,27,2025-03-22
TXN-17835,West,Apparel,4,262.18,16,2025-04-23
TXN-17836,North,Electronics,3,365.01,150,2025-04-11
TXN-17837,West,Apparel,7,326.25,27,2025-05-13
TXN-17838,North,Fitness,18,162.33,29,2025-05-25
TXN-17839,South,Electronics,20,219.37,18,2025-03-22
TXN-17840,West,Books,9,497.26,25,2025-03-21
TXN-17841,North,Apparel,5,294.06,5,2025-05-12
TXN-17842,North,Home & Kitchen,5,234.89,30,2025-04-19
TXN-17843,South,Home & Kitchen,19,335.34,21,2025-03-09
TXN-17844,South,Fitness,2,258.27,27,2025-05-12
TXN-17845,North,Books,10,151.01,30,2025-03-15
TXN-17846,East,Books,19,361.14,13,2025-03-27
TXN-17847,North,Electronics,10,386.49,16,2025-03-07
TXN-17848,East,Fitness,15,217.19,22,2025-05-22
TXN-17849,North,Apparel,20,82.80,16,2025-05-13
TXN-17850,West,Home & Kitchen,12,411.68,2,2025-05-26
TXN-17851,West,Books,12,292.18,29,2025-04-11
TXN-17852,East,Groceries,6,204.48,13,2025-03-05
TXN-17853,North,Fitness,16,164.17,29,2025-05-07
TXN-17854,East,Home & Kitchen,4,233.27,1,2025-05-18
TXN-17855,East,Fitness,5,153.37,12,2025-05-07
TXN-17856,North,Fitness,7,177.88,20,2025-05-29
TXN-17857,West,Groceries,10,375.86,5,2025-03-10
TXN-17858,South,Books,19,260.26,20,2025-06-01
TXN-17859,North,Fitness,13,379.42,6,2025-05-05
TXN-17860,West,Groceries,14,382.37,11,2025-05-23
TXN-17861,East,Groceries,9,349.95,18,2025-05-04
TXN-17862,East,Home & Kitchen,3,246.93,11,2025-04-02
TXN-17863,West,Books,13,37.59,23,2025-04-05
TXN-17864,North,Fitness,12,71.14,18,2025-04-30
TXN-17865,West,Books,17,80.50,19,2025-05-25
TXN-17866,East,Home & Kitchen,16,308.84,15,2025-04-13
TXN-17867,West,Electronics,7,280.26,28,2025-04-28
TXN-17868,North,Electronics,13,50.64,6,2025-05-19
TXN-17869,South,Books,-1,287.23,0,2025-04-30
TXN-17870,East,Home & Kitchen,3,344.33,9,2025-05-18
TXN-17871,West,Home & Kitchen,16,99.64,20,2025-03-30
TXN-17872,East,Apparel,2,235.29,23,2025-05-01
TXN-17873,West,Fitness,7,367.52,15,2025-04-20
TXN-17874,East,Books,8,274.82,21,2025-04-16
TXN-17875,South,Electronics,14,57.28,23,2025-05-19
TXN-17876,North,Books,5,261.38,29,2025-04-02
TXN-17877,South,Apparel,18,436.91,10,2025-04-13
TXN-17878,East,Fitness,13,77.35,28,2025-04-10
TXN-17879,East,Books,19,399.17,27,2025-03-11
TXN-17880,West,Fitness,4,54.73,1,2025-04-18
TXN-17881,East,Home & Kitchen,12,299.84,30,2025-03-24
TXN-17882,West,Electronics,20,132.55,0,2025-04-10
TXN-10868,East,Electronics,3,168.28,27,2025-05-11
TXN-17884,East,Groceries,16,479.38,26,2025-03-04
TXN-17885,East,Home & Kitchen,13,446.73,3,2099-12-31
TXN-17886,North,Apparel,11,170.37,25,2025-04-02
TXN-17887,East,Electronics,11,215.98,25,2025-05-31
TXN-17888,South,Groceries,11,31.11,26,2025-03-18
TXN-17889,South,Books,5,194.02,20,2025-05-14
TXN-17890,North,Groceries,8,83.12,29,2025-05-02
TXN-17891,West,Groceries,16,471.07,13,2099-12-31
TXN-17892,North,Apparel,6,217.11,9,2025-04-21
TXN-17893,South,Groceries,18,355.69,22,2025-04-15
TXN-17894,East,Books,7,335.09,14,2025-04-11
TXN-17895,West,Apparel,4,259.28,6,2025-04-07
TXN-17896,West,Groceries,9,149.57,6,2025-05-06
TXN-17897,West,Books,8,151.47,27,2025-03-09
TXN-17898,North,Apparel,20,72.81,28,2025-03-17
TXN-17899,East,Apparel,8,211.47,7,2025-04-02
TXN-17900,East,Home & Kitchen,8,492.98,13,2025-04-24
TXN-17901,East,Apparel,9,189.52,26,2025-04-27
TXN-17902,West,Groceries,13,139.50,6,2025-03-08
TXN-17903,East,Fitness,19,28.12,14,2025-03-22
TXN-17904,East,Electronics,2,93.02,5,2025-04-03
TXN-17905,South,Groceries,12,99.91,21,2025-03-27
TXN-17906,North,Fitness,19,152.77,25,2025-04-30
TXN-17907,East,Home & Kitchen,18,413.97,13,2025-03-24
TXN-17908,North,Books,13,108.07,10,2025-03-21
TXN-17909,West,Books,6,414.60,27,2025-04-18
TXN-17910,North,Home & Kitchen,4,12.47,16,2025-04-16
TXN-17911,West,Fitness,16,181.95,22,2025-05-22
TXN-17912,North,Home & Kitchen,13,19.52,8,2025-03-25
TXN-17913,South,Apparel,15,324.21,30,2025-03-20
TXN-17914,West,Books,5,110.85,14,2025-05-20
TXN-17915,North,Apparel,14,356.10,8,2025-03-26
TXN-17916,North,Fitness,1,85.62,23,2025-03-10
TXN-17917,West,Electronics,20,289.76,12,2025-05-27
TXN-17918,East,Groceries,19,82.61,20,2025-05-04
TXN-17919,West,Home & Kitchen,13,299.04,21,2025-03-11
TXN-17920,South,Books,1,193.06,2,2025-04-17
TXN-17921,North,Electronics,1,386.04,8,2025-03-07
TXN-17922,East,Groceries,3,66.96,19,2025-04-19
TXN-17923,North,Books,9,460.87,16,2025-03-04
TXN-17924,West,Apparel,16,343.74,26,2025-03-26
TXN-17925,North,Books,19,448.03,1,2025-05-06
TXN-17926,South,Home & Kitchen,1,110.67,15,2025-04-14
TXN-17927,North,Home & Kitchen,18,362.99,7,2025-05-29
TXN-17928,South,Books,17,132.92,21,2025-05-12
TXN-17929,North,Books,20,129.22,20,2025-03-17
TXN-17930,South,Groceries,10,74.95,19,2025-03-11
TXN-17931,North,Apparel,17,380.35,0,2025-03-14
TXN-17932,North,Electronics,17,186.24,26,2025-05-14
TXN-17933,North,Electronics,11,128.31,27,2025-05-01
TXN-17934,South,Books,5,70.57,30,2025-03-23
TXN-17935,East,Books,20,192.19,10,2025-03-30
TXN-17936,South,Fitness,11,329.81,1,2025-05-26
TXN-17937,West,Electronics,13,95.57,8,2025-04-22
TXN-17938,North,Fitness,19,134.30,1,2025-04-10
TXN-17939,East,Apparel,10,321.46,4,2025-04-11
TXN-17940,West,Apparel,9,89.87,27,2025-05-29
TXN-17941,South,Apparel,9,321.45,25,2025-05-27
TXN-17942,North,Fitness,15,256.49,4,2025-05-12
TXN-17943,East,Apparel,19,323.06,3,2025-05-13
TXN-17944,West,Groceries,4,42.67,1,2099-12-31
TXN-17945,West,Home & Kitchen,12,364.76,12,2025-04-25
TXN-17946,South,Home & Kitchen,6,361.85,9,2025-04-02
TXN-17947,West,Books,18,435.15,8,2025-03-12
TXN-17948,East,Home & Kitchen,13,111.29,23,2025-03-27
TXN-17949,South,Books,12,176.42,6,2025-04-21
TXN-17950,North,Books,12,444.53,14,2025-04-02
TXN-12718,North,Apparel,20,191.99,25,2025-04-27
TXN-17952,East,Groceries,17,421.45,5,2025-03-18
TXN-17953,North,Apparel,2,139.31,15,2025-03-12
TXN-17954,West,Home & Kitchen,19,489.87,6,2025-04-06
TXN-17955,West,Apparel,14,99.17,14,2025-04-17
TXN-17956,West,Fitness,19,217.24,1,2025-04-16
TXN-17957,South,Apparel,3,500.99,9,2025-03-19
TXN-17958,East,Groceries,10,223.36,3,2025-03-28
TXN-17959,West,Home & Kitchen,6,193.38,16,2025-03-15
TXN-17960,East,Fitness,10,441.03,26,2025-04-10
TXN-17961,South,Electronics,1,478.91,7,2025-04-10
TXN-17962,South,Fitness,6,22.97,16,2025-03-12
TXN-17963,South,Electronics,9,471.62,12,2025-05-06
TXN-17964,South,Books,15,75.84,14,2025-05-19
TXN-17965,West,Groceries,1,244.68,10,2025-03-24
TXN-17966,North,Apparel,1,54.45,8,2025-05-26
TXN-17967,South,Groceries,16,427.93,27,2025-03-21
TXN-17968,South,Apparel,14,144.20,16,2025-03-31
TXN-17969,North,Apparel,-3,132.46,18,2025-04-22
TXN-17970,South,Apparel,20,358.18,1,2025-05-20
TXN-17971,South,Books,5,40.72,16,2025-03-29
TXN-17972,East,Books,14,481.49,11,2025-04-26
TXN-17973,North,Fitness,20,259.83,10,2025-03-19
TXN-17974,North,Fitness,6,477.79,12,2025-05-22
TXN-17975,North,Home & Kitchen,16,433.10,10,2025-05-25
TXN-17976,West,Electronics,18,233.80,15,2025-03-15
TXN-17977,East,Home & Kitchen,5,215.69,4,2025-04-18
TXN-17978,East,Home & Kitchen,20,393.97,21,2025-05-13
TXN-17979,North,Electronics,15,260.41,26,2025-05-12
TXN-17980,East,Books,12,91.47,5,2025-04-13
TXN-17981,East,Fitness,6,332.43,22,2025-04-05
TXN-17982,North,Groceries,8,340.89,29,2025-05-26
TXN-17983,South,Books,10,335.96,20,2025-03-07
TXN-17003,South,Electronics,7,290.63,6,2025-04-22
TXN-17985,North,Books,12,335.21,15,2025-04-11
TXN-17986,West,Home & Kitchen,4,222.53,14,2025-05-23
TXN-17987,South,Apparel,6,421.61,14,2025-04-23
TXN-17988,East,Apparel,2,112.00,22,2025-04-19
TXN-17989,East,Groceries,17,275.95,21,2025-04-28
TXN-17990,South,Books,-4,207.47,3,2025-04-08
TXN-17991,West,Home & Kitchen,3,233.31,24,2025-03-27
TXN-17992,East,Electronics,2,7.02,4,2025-04-19
TXN-17993,West,Fitness,15,239.82,18,2025-03-16
TXN-17994,West,Groceries,7,23.98,7,2025-03-12
TXN-17995,North,Groceries,14,470.12,14,2025-05-23
TXN-17996,North,Fitness,4,222.97,10,2025-05-02
TXN-17997,South,Groceries,12,255.45,7,2025-05-28
TXN-17998,South,Books,8,395.57,3,2025-03-13
TXN-17999,North,Home & Kitchen,4,414.17,24,2025-05-16
TXN-18000,East,Groceries,19,398.61,23,2025-05-17
TXN-18001,East,Books,14,189.04,2,2025-04-26
TXN-18002,North,Books,19,487.08,29,2025-05-04
TXN-18003,East,Groceries,2,238.68,24,2025-03-13
TXN-18004,North,Fitness,2,208.13,27,2025-05-12
TXN-18005,North,Electronics,5,286.32,28,2025-03-29
TXN-18006,North,Apparel,19,451.93,24,2025-03-27
TXN-18007,North,Home & Kitchen,13,472.63,14,2025-05-23
TXN-18008,West,Electronics,1,75.36,9,2025-05-28
TXN-18009,East,Fitness,20,222.12,27,2025-04-13
TXN-18010,East,Groceries,12,375.24,1,2025-04-14
TXN-13116,North,Apparel,12,55.57,13,2025-04-27
TXN-18012,West,Groceries,14,353.58,7,2025-05-25
TXN-18013,West,Apparel,16,436.07,30,2025-05-18
TXN-18014,North,Home & Kitchen,12,284.64,30,2025-05-15
TXN-18015,North,Groceries,2,55.10,19,2025-05-25
TXN-18016,East,Books,4,153.95,5,2025-04-06
TXN-18017,West,Apparel,6,106.35,24,2025-04-15
TXN-18018,West,Electronics,2,19.44,17,2025-05-06
TXN-18019,South,Groceries,15,37.25,13,2025-03-12
TXN-18020,West,Groceries,9,484.51,18,2025-04-26
TXN-18021,East,Electronics,10,49.06,18,2025-03-30
TXN-18022,South,Apparel,8,365.86,18,2025-05-24
TXN-18023,South,Fitness,17,274.74,15,2025-04-28
TXN-18024,North,Fitness,17,98.01,23,2025-03-07
TXN-18025,South,Home & Kitchen,8,313.92,15,2025-03-13
TXN-18026,South,Home & Kitchen,5,180.57,19,2025-05-16
TXN-18027,East,Apparel,14,466.48,22,2025-05-18
TXN-18028,West,Books,19,439.09,16,2025-03-22
TXN-18029,East,Electronics,16,135.29,4,2025-04-30
TXN-18030,East,Fitness,19,139.25,1,2025-04-10
TXN-18031,North,Books,11,396.83,21,2025-05-07
TXN-18032,South,Home & Kitchen,8,145.55,2,2025-05-27
TXN-18033,East,Groceries,13,201.13,15,2025-05-04
TXN-18034,East,Fitness,20,236.61,12,2025-05-13
TXN-18035,North,Fitness,18,120.76,20,2025-03-25
TXN-18036,East,Groceries,11,61.21,18,2025-05-27
TXN-18037,South,Books,6,399.23,3,2025-05-24
TXN-18038,West,Electronics,10,221.39,8,2025-03-06
TXN-18039,North,Electronics,13,396.44,20,2025-05-14
TXN-18040,West,Groceries,1,275.42,1,2025-05-13
TXN-18041,North,Fitness,11,215.38,6,2025-05-04
TXN-18042,West,Groceries,8,409.63,18,2025-05-29
TXN-18043,North,Home & Kitchen,12,307.07,14,2099-12-31
TXN-18044,North,Electronics,14,390.53,5,2025-05-27
TXN-18045,South,Books,8,59.36,13,2025-04-25
TXN-18046,West,Home & Kitchen,1,280.32,27,2025-04-30
TXN-18047,West,Home & Kitchen,11,170.69,15,2025-03-09
TXN-18048,East,Apparel,15,324.63,23,2025-03-11
TXN-18049,South,Fitness,9,47.52,25,2025-04-09
TXN-18050,West,Electronics,10,286.43,1,2025-05-28
TXN-18051,South,Fitness,14,10.65,9,2025-04-21
TXN-18052,North,Books,5,361.94,4,2025-05-01
TXN-18053,East,Books,11,205.23,28,2025-03-06
TXN-18054,West,Home & Kitchen,3,53.93,150,2025-04-14
TXN-18055,North,Apparel,3,443.17,8,2025-04-29
TXN-18056,North,Books,17,86.70,4,2025-03-29
TXN-18057,South,Home & Kitchen,19,469.96,28,2025-03-05
TXN-18058,North,Groceries,2,262.24,21,2025-05-22
TXN-18059,East,Groceries,2,367.12,22,2025-05-21
TXN-18060,East,Groceries,18,141.39,23,2025-05-31
TXN-18061,North,Apparel,19,75.26,12,2025-05-04
TXN-18062,North,Groceries,8,28.06,3,2025-03-15
TXN-18063,West,Groceries,7,30.96,9,2025-05-03
TXN-18064,South,Apparel,15,23.58,14,2025-04-09
TXN-18065,North,Groceries,17,462.04,22,2025-04-09
TXN-18066,North,Electronics,7,96.71,29,2025-03-28
TXN-18067,West,Fitness,19,47.72,23,2025-04-08
TXN-18068,South,Fitness,4,178.08,20,2025-04-01
TXN-18069,West,Home & Kitchen,4,255.84,28,2025-05-08
TXN-18070,South,Apparel,8,401.91,9,2025-05-03
TXN-18071,South,Electronics,19,379.01,16,2025-04-04
TXN-18072,East,Apparel,12,22.88,23,2025-04-14
TXN-18073,East,Fitness,15,28.26,7,2025-03-30
TXN-18074,East,Electronics,17,235.27,19,2025-03-29
TXN-18075,North,Home & Kitchen,6,215.98,13,2025-05-14
TXN-18076,South,Groceries,4,106.87,21,2025-03-09
TXN-18077,East,Groceries,19,328.34,23,2025-03-13
TXN-18078,East,Electronics,2,357.09,21,2025-04-15
TXN-18079,North,Groceries,4,239.37,25,2025-04-30
TXN-18080,West,Groceries,18,80.37,14,2025-03-24
TXN-18081,West,Books,10,118.91,4,2025-04-11
TXN-18082,South,Electronics,7,115.46,27,2025-04-27
TXN-18083,East,Books,13,92.30,2,2025-03-19
TXN-18084,South,Fitness,13,11.11,18,2025-05-18
TXN-18085,West,Fitness,5,318.50,8,2025-05-14
TXN-18086,South,Groceries,18,403.07,9,2025-04-22
TXN-18087,South,Home & Kitchen,12,443.75,17,2025-05-27
TXN-18088,South,Books,8,136.36,8,2025-05-18
TXN-18089,West,Books,14,164.49,18,2025-05-27
TXN-18090,East,Groceries,7,269.95,26,2025-03-21
TXN-18091,North,Apparel,9,315.52,17,2025-03-28
TXN-18092,South,Electronics,13,425.76,20,2025-05-20
TXN-18093,West,Groceries,2,230.35,11,2025-03-09
TXN-18094,West,Apparel,14,474.93,14,2025-03-28
TXN-18095,South,Books,19,90.62,15,2025-05-13
TXN-18096,East,Electronics,17,108.60,21,2025-04-04
TXN-18097,South,Books,4,481.57,15,2099-12-31
TXN-18098,South,Fitness,12,173.49,1,2025-03-17
TXN-18099,North,Apparel,8,60.11,26,2025-05-01
TXN-18100,West,Groceries,8,162.74,17,2025-05-24
TXN-18101,West,Books,11,151.94,13,2025-05-10
TXN-18102,West,Fitness,13,488.59,2,2025-05-11
TXN-18103,West,Books,8,292.91,10,2025-03-29
TXN-18104,South,Books,15,316.79,23,2025-05-06
TXN-18105,East,Books,14,INVALID_PRICE,15,2025-03-31
TXN-15643,West,Groceries,4,308.97,8,2025-03-20
TXN-18107,South,Groceries,18,38.94,28,2025-04-01
TXN-18108,West,Home & Kitchen,20,241.80,22,2025-04-12
TXN-18109,South,Fitness,12,482.93,15,2025-05-12
TXN-18110,West,Apparel,15,253.48,6,2025-03-12
TXN-18111,West,Apparel,4,350.82,21,2025-03-11
TXN-18112,East,Electronics,4,374.89,19,2025-05-04
TXN-18113,East,Fitness,5,182.04,25,2025-05-27
TXN-18114,North,Apparel,11,450.02,11,2025-03-31
TXN-18115,North,Books,5,361.66,25,2025-04-24
TXN-18116,West,Electronics,4,85.95,24,2025-05-21
TXN-18117,South,Electronics,18,174.99,21,2025-03-18
TXN-18118,South,Apparel,10,170.46,4,2025-04-17
TXN-18119,East,Apparel,7,455.15,8,2025-04-06
TXN-18120,East,Home & Kitchen,18,388.78,29,2025-04-14
TXN-18121,North,Groceries,20,504.45,28,2025-05-24
TXN-18122,North,Home & Kitchen,19,245.66,14,2025-03-27
TXN-18123,North,Home & Kitchen,5,100.46,8,2025-03-29
TXN-18124,North,Books,2,285.54,29,2025-04-26
TXN-18125,South,Home & Kitchen,10,361.38,21,2025-04-10
TXN-18126,East,Books,16,76.64,5,2025-03-11
TXN-18127,North,Fitness,9,456.55,3,2025-04-03
TXN-18128,West,Electronics,9,228.92,17,2025-04-16
TXN-18129,East,Electronics,16,157.44,25,2025-04-10
TXN-18130,East,Home & Kitchen,7,270.54,24,2025-03-20
TXN-18131,East,Groceries,8,101.09,16,2025-05-31
TXN-18132,South,Groceries,3,44.48,5,2025-03-13
TXN-18133,East,Books,7,307.55,10,2025-03-12
TXN-18134,East,Fitness,15,354.51,18,2025-05-14
TXN-18135,North,Apparel,4,111.92,18,2025-03-16
TXN-18136,West,Books,5,348.76,6,2025-05-18
TXN-18137,East,Fitness,16,453.06,8,2025-05-14
TXN-18138,South,Home & Kitchen,5,253.04,18,2025-05-03
TXN-18139,East,Groceries,11,66.06,29,2025-04-22
TXN-18140,South,Apparel,11,377.56,3,2025-03-16
TXN-18141,North,Electronics,12,492.22,4,2025-03-15
TXN-18142,West,Electronics,5,101.83,22,2025-03-12
TXN-18143,South,Electronics,10,321.72,4,2025-03-26
TXN-18144,West,Home & Kitchen,5,262.09,15,2025-03-16
TXN-18145,North,Electronics,2,150.23,1,2025-03-14
TXN-18146,South,Books,16,65.26,13,2025-05-19
TXN-18147,North,Home & Kitchen,5,349.25,8,2025-03-11
TXN-18148,West,Electronics,6,477.96,29,2025-04-13
TXN-18149,East,Electronics,11,465.32,14,2025-03-22
TXN-18150,South,Fitness,2,364.92,0,2025-04-03
TXN-18151,East,Electronics,7,368.15,2,2025-05-08
TXN-18152,South,Books,15,294.01,3,2025-04-06
TXN-18153,West,Home & Kitchen,1,13.43,12,2025-05-27
TXN-18154,West,Books,15,407.16,0,2025-04-11
TXN-18155,South,Books,-3,418.02,12,2025-03-19
TXN-18156,South,Groceries,8,342.35,10,2025-03-21
TXN-18157,West,Fitness,10,263.52,7,2025-04-26
TXN-18158,North,Electronics,19,435.42,1,2025-04-02
TXN-18159,South,Apparel,13,432.42,22,2025-04-17
TXN-18160,North,Electronics,4,79.67,9,2025-03-19
TXN-18161,East,Groceries,17,7.89,21,2025-05-26
TXN-18162,West,Groceries,11,484.22,7,2025-05-04
TXN-18163,West,Fitness,9,223.39,22,2025-03-20
TXN-18164,North,Groceries,5,429.26,2,2025-05-05
TXN-18165,North,Groceries,8,302.13,20,2025-03-06
TXN-18166,North,Electronics,13,19.88,10,2025-03-28
TXN-18167,East,Home & Kitchen,14,354.17,8,2025-04-07
TXN-18168,South,Apparel,7,139.75,16,2025-05-11
TXN-18169,South,Electronics,11,353.56,22,2025-05-22
TXN-18170,South,Apparel,18,144.67,12,2025-05-25
TXN-18171,West,Books,9,219.17,6,2025-04-14
TXN-18172,South,Groceries,8,439.02,18,2025-04-08
TXN-18173,North,Electronics,1,47.43,20,2025-05-14
TXN-18174,South,Apparel,15,445.66,19,2025-03-28
TXN-18175,South,Books,10,398.45,16,2025-04-15
TXN-18176,East,Home & Kitchen,8,395.89,1,2025-04-23
TXN-18177,West,Books,4,43.01,28,2025-03-08
TXN-18178,South,Electronics,6,126.33,4,2025-03-29
TXN-18179,East,Books,20,378.46,21,2025-04-26
TXN-18180,South,Groceries,17,443.43,22,2025-04-15
TXN-18181,West,Books,2,427.12,16,2025-05-18
TXN-18182,North,Books,17,124.01,9,2025-03-14
TXN-18183,West,Electronics,19,423.15,17,2025-03-29
TXN-18184,South,Fitness,7,196.85,3,2025-05-27
TXN-18185,South,Apparel,12,139.41,29,2025-04-23
TXN-18186,East,Apparel,1,391.55,5,2025-04-07
TXN-18187,South,Electronics,6,292.87,29,2025-05-12
TXN-18188,North,Fitness,16,322.78,17,2025-04-14
TXN-18189,South,Books,6,454.28,21,2025-03-27
TXN-18190,South,Groceries,20,379.00,4,2025-04-09
TXN-18191,North,Apparel,4,161.32,20,2025-03-31
TXN-18192,West,Fitness,14,222.28,17,2025-04-20
TXN-18193,South,Electronics,1,319.77,11,2025-03-04
TXN-18194,South,Groceries,7,90.07,19,2025-05-24
TXN-18195,West,Books,10,178.16,24,2025-05-29
TXN-18196,North,Fitness,12,358.67,12,2025-04-20
TXN-18197,South,Groceries,5,343.77,16,2025-04-14
TXN-18198,East,Books,5,293.91,29,2025-05-25
TXN-18199,East,Groceries,17,116.14,12,2025-04-06
TXN-18200,North,Electronics,1,26.17,14,2025-04-19
TXN-18201,East,Home & Kitchen,15,448.24,24,2025-04-01
TXN-16541,West,Home & Kitchen,11,46.16,10,2025-05-16
TXN-18203,West,Electronics,17,302.67,30,2025-04-19
TXN-18204,South,Apparel,8,183.38,20,2025-04-08
TXN-18205,South,Home & Kitchen,7,103.93,24,2025-03-07
TXN-11267,West,Books,3,377.11,3,2025-03-21
TXN-18207,West,Fitness,13,144.14,11,2025-05-18
TXN-18208,East,Home & Kitchen,19,410.17,27,2025-03-13
TXN-18209,North,Home & Kitchen,9,37.67,26,2025-05-14
TXN-18210,North,Fitness,8,88.36,7,2025-04-19
TXN-18211,West,Books,8,240.91,27,2025-05-04
TXN-18212,West,Books,20,314.92,30,2025-04-12
TXN-18213,West,Books,12,81.07,26,2025-03-25
TXN-18214,South,Books,-5,57.67,7,2025-05-14
TXN-18215,South,Apparel,12,204.66,25,2025-05-02
TXN-18216,North,Fitness,2,504.75,20,2025-04-07
TXN-18217,North,Home & Kitchen,3,419.72,10,2025-04-03
TXN-18218,North,Groceries,15,88.59,28,2025-04-07
TXN-18219,South,Books,8,302.88,10,2025-05-19
TXN-18220,West,Apparel,4,202.97,25,2025-04-05
TXN-18221,North,Electronics,1,347.59,25,2025-05-16
TXN-18222,South,Fitness,6,43.44,28,2025-05-12
TXN-18223,East,Electronics,15,140.77,23,2025-05-24
TXN-13500,West,Home & Kitchen,14,172.49,18,2025-05-02
TXN-18225,South,Groceries,10,367.20,4,2025-05-30
TXN-18226,East,Apparel,12,261.68,22,2025-05-22
TXN-18227,West,Books,4,INVALID_PRICE,17,2025-03-13
TXN-18228,East,Home & Kitchen,10,259.48,24,2025-04-27
TXN-18229,South,Books,13,240.29,23,2025-03-09
TXN-18230,East,Apparel,8,478.17,10,2025-05-07
TXN-18231,West,Home & Kitchen,2,440.82,23,2025-05-07
TXN-18232,South,Electronics,6,315.37,27,2025-03-13
TXN-18233,South,Electronics,15,291.17,21,2025-05-17
TXN-18234,West,Groceries,7,157.08,27,2025-05-14
TXN-18235,East,Apparel,13,94.20,21,2025-04-17
TXN-18236,East,Home & Kitchen,7,59.75,24,2025-04-18
TXN-18237,North,Electronics,17,169.00,10,2025-05-07
TXN-18238,South,Books,7,79.52,6,2025-05-10
TXN-18239,North,Groceries,16,187.31,14,2025-03-09
TXN-18240,North,Fitness,17,73.89,23,2025-03-27
TXN-18241,South,Groceries,10,494.66,26,2025-05-21
TXN-18242,East,Apparel,16,377.99,13,2025-03-13
TXN-18243,South,Groceries,-5,120.72,2,2025-05-24
TXN-18244,West,Apparel,16,373.75,6,2025-03-27
TXN-15828,North,Apparel,10,418.83,2,2025-03-08
TXN-18246,South,Fitness,17,80.23,8,2025-03-04
TXN-18247,North,Groceries,7,343.53,22,2025-05-24
TXN-18248,South,Electronics,20,106.71,5,2025-05-15
TXN-18249,North,Books,2,282.18,30,2025-03-14
TXN-15486,North,Groceries,6,353.36,12,2025-04-29
TXN-18251,South,Home & Kitchen,8,387.01,15,2025-04-11
TXN-18252,East,Groceries,16,318.00,13,2025-05-04
TXN-18253,East,Home & Kitchen,4,239.19,2,2025-04-21
TXN-18254,North,Home & Kitchen,17,339.25,12,2025-04-13
TXN-18255,South,Apparel,16,66.93,13,2025-03-05
TXN-18256,South,Groceries,2,126.01,13,2025-03-14
TXN-10477,North,Home & Kitchen,16,428.37,5,2025-03-14
TXN-18258,South,Books,16,497.36,4,2025-03-14
TXN-18259,East,Fitness,19,295.64,12,2025-05-07
TXN-18260,North,Home & Kitchen,11,342.08,20,2025-03-12
TXN-18261,West,Apparel,-2,224.18,10,2025-04-23
TXN-18262,South,Groceries,6,232.22,30,2025-04-26
TXN-18263,South,Books,11,398.01,12,2025-03-16
TXN-18264,North,Apparel,20,340.18,25,2025-03-18
TXN-18265,South,Books,17,352.54,11,2025-05-26
TXN-13854,South,Electronics,11,57.96,29,2025-04-03
TXN-18267,South,Apparel,7,94.12,12,2025-03-12
TXN-18268,West,Books,20,145.45,10,2025-03-19
TXN-18269,West,Apparel,13,222.74,5,2025-05-27
TXN-18270,North,Electronics,20,155.10,9,2025-05-22
TXN-18271,West,Groceries,15,277.58,14,2025-03-29
TXN-18272,East,Books,10,294.21,11,2025-04-23
TXN-18273,West,Electronics,20,102.67,23,2025-03-06
TXN-18274,East,Home & Kitchen,10,333.87,5,2025-03-04
TXN-18275,North,Fitness,4,295.55,0,2025-04-09
TXN-18276,East,Electronics,3,337.64,27,2025-03-16
TXN-18277,East,Electronics,3,480.83,15,2025-03-23
TXN-18278,North,Books,12,300.51,13,2025-05-21
TXN-18279,North,Fitness,10,205.10,10,2025-04-11
TXN-18280,West,Groceries,3,97.56,22,2025-04-12
TXN-18281,North,Home & Kitchen,8,454.67,27,2025-03-24
TXN-18282,East,Fitness,12,49.62,6,2025-04-02
TXN-18283,West,Fitness,2,451.10,2,2025-05-13
TXN-18284,South,Home & Kitchen,15,365.79,9,2025-03-31
TXN-18285,North,Electronics,3,496.23,17,2025-05-18
TXN-18286,East,Home & Kitchen,12,258.17,11,2025-05-31
TXN-18287,South,Electronics,4,246.04,21,2025-04-18
TXN-12849,East,Home & Kitchen,9,503.21,14,2025-04-19
TXN-18289,South,Apparel,1,338.96,27,2025-05-17
TXN-18290,North,Groceries,2,224.49,26,2025-03-10
TXN-18291,South,Fitness,15,55.20,8,2025-03-28
TXN-18292,South,Electronics,17,192.72,24,2025-04-18
TXN-18293,North,Electronics,10,177.33,21,2025-05-08
TXN-18294,East,Fitness,18,170.61,10,2025-04-20
TXN-18295,East,Apparel,18,161.60,4,2025-05-28
TXN-18296,South,Electronics,7,307.52,2,2025-05-29
TXN-18297,East,Groceries,12,118.34,28,2025-05-01
TXN-18298,North,Fitness,1,212.36,2,2025-05-31
TXN-18299,East,Apparel,9,359.80,7,2025-04-28
TXN-18300,South,Fitness,-4,204.67,2,2025-05-08
TXN-18301,East,Apparel,20,206.77,28,2025-04-18
TXN-18302,South,Home & Kitchen,8,468.04,2,2025-05-14
TXN-18303,East,Electronics,17,87.47,24,2025-03-05
TXN-18304,West,Home & Kitchen,16,113.95,9,2025-04-06
TXN-18305,South,Books,10,174.71,12,2025-05-07
TXN-18306,West,Fitness,12,406.39,11,2025-04-15
TXN-18307,West,Home & Kitchen,18,470.08,19,2025-03-13
TXN-18308,West,Fitness,7,181.03,4,2025-03-13
TXN-18309,West,Fitness,17,107.86,4,2025-03-17
TXN-18310,West,Electronics,16,303.18,9,2025-05-22
TXN-18311,South,Groceries,16,93.21,4,2025-04-11
TXN-18312,West,Fitness,9,368.07,25,2025-03-06
TXN-18313,West,Apparel,19,220.76,1,2025-04-07
TXN-18314,West,Home & Kitchen,5,440.10,26,2025-04-17
TXN-18315,South,Home & Kitchen,19,97.59,17,2025-04-10
TXN-18316,South,Books,13,419.27,16,2025-04-19
TXN-18317,South,Books,3,424.01,28,2025-03-10
TXN-18318,East,Fitness,19,99.75,28,2025-05-21
TXN-18319,South,Home & Kitchen,3,92.19,7,2025-04-03
TXN-18320,North,Fitness,13,131.81,22,2025-04-20
TXN-18321,South,Apparel,2,88.10,5,2025-03-30
TXN-18322,East,Home & Kitchen,2,332.80,20,2025-04-12
TXN-18323,South,Fitness,19,464.61,15,2025-03-28
TXN-18324,East,Home & Kitchen,18,190.76,13,2025-03-29
TXN-18325,South,Apparel,3,483.20,17,2025-04-02
TXN-18326,West,Electronics,6,363.61,25,2025-06-01
TXN-18327,West,Home & Kitchen,2,21.58,18,2025-03-30
TXN-18328,West,Fitness,19,306.01,6,2025-03-29
TXN-18329,West,Apparel,8,486.26,4,2025-03-26
TXN-18330,East,Fitness,10,31.48,2,2025-03-10
TXN-18331,South,Fitness,19,80.10,15,2025-05-15
TXN-18332,West,Apparel,10,470.93,28,2025-03-06
TXN-18333,East,Fitness,5,347.50,6,2025-05-16
TXN-18334,North,Electronics,18,221.51,1,2025-05-07
TXN-18335,North,Home & Kitchen,17,411.65,1,2025-03-27
TXN-18336,North,Fitness,14,20.02,10,2025-05-22
TXN-18337,North,Electronics,12,356.98,24,2025-04-22
TXN-18338,East,Fitness,13,180.46,21,2025-05-30
TXN-18339,East,Apparel,4,291.62,8,2025-05-12
TXN-18340,South,Books,12,179.31,8,2025-03-10
TXN-18341,South,Apparel,19,331.31,19,2025-03-14
TXN-18342,West,Apparel,13,43.27,21,2025-04-21
TXN-18343,West,Electronics,3,497.00,11,2025-05-17
TXN-18344,North,Home & Kitchen,4,503.72,7,2025-03-17
TXN-18345,East,Apparel,7,411.28,19,2025-04-05
TXN-18346,North,Groceries,13,362.38,22,2025-05-22
TXN-18347,East,Books,8,369.97,22,2025-03-29
TXN-18348,North,Fitness,10,15.61,9,2025-04-03
TXN-18349,North,Apparel,14,250.88,15,2025-03-18
TXN-18350,South,Electronics,9,131.01,4,2025-05-19
TXN-18351,North,Books,17,141.19,29,2025-04-01
TXN-18352,South,Books,-3,65.28,18,2025-03-30
TXN-18353,West,Electronics,11,5.44,22,2025-05-13
TXN-18354,North,Groceries,12,37.10,19,2025-04-14
TXN-18355,East,Home & Kitchen,15,503.97,29,2025-04-19
TXN-18356,East,Groceries,18,492.62,5,2025-04-27
TXN-18357,North,Electronics,7,9.82,5,2025-05-07
TXN-18358,East,Groceries,5,181.79,17,2025-04-15
TXN-18359,North,Electronics,19,5.68,8,2025-04-05
TXN-18360,South,Electronics,10,INVALID_PRICE,16,2025-03-17
TXN-18361,North,Groceries,17,97.08,18,2025-04-09
TXN-18362,North,Books,9,422.83,8,2025-03-18
TXN-18363,West,Electronics,18,56.73,21,2025-04-01
TXN-18364,North,Fitness,13,152.40,27,2025-05-29
TXN-18365,East,Groceries,2,444.45,23,2025-05-14
TXN-18366,East,Apparel,11,32.79,13,2025-03-05
TXN-18367,West,Groceries,6,242.10,3,2025-05-24
TXN-18368,West,Home & Kitchen,7,422.70,28,2025-04-20
TXN-18369,West,Electronics,18,277.77,15,2025-04-26
TXN-18370,North,Electronics,4,315.50,2,2025-03-10
TXN-18371,East,Home & Kitchen,14,71.72,6,2025-04-23
TXN-18372,West,Apparel,8,456.93,24,2025-03-30
TXN-18373,South,Apparel,8,415.14,4,2025-04-04
TXN-18374,East,Books,11,424.37,24,2025-03-10
TXN-18375,South,Electronics,8,501.93,27,2025-03-12
TXN-18376,North,Electronics,15,390.34,26,2025-04-18
TXN-18377,North,Electronics,5,440.47,11,2025-03-04
TXN-18378,South,Fitness,14,397.44,16,2025-03-25
TXN-18379,West,Electronics,13,263.85,20,2025-03-11
TXN-18380,North,Home & Kitchen,14,150.13,26,2025-05-19
TXN-18381,East,Home & Kitchen,2,462.91,17,2025-05-15
TXN-18382,West,Home & Kitchen,5,196.27,16,2025-05-03
TXN-18383,North,Apparel,7,411.68,30,2025-03-17
TXN-18384,North,Books,3,398.53,21,2025-05-05
TXN-18385,South,Electronics,12,19.31,14,2025-05-19
TXN-18386,North,Home & Kitchen,16,339.31,15,2025-03-20
TXN-18387,West,Fitness,16,240.43,30,2025-03-23
TXN-18388,North,Fitness,3,45.05,7,2025-05-06
TXN-18389,East,Electronics,6,220.73,1,2025-04-09
TXN-18390,West,Fitness,-4,268.43,30,2025-03-13
TXN-18391,East,Apparel,18,502.98,14,2025-03-11
TXN-18392,East,Groceries,5,260.16,3,2025-05-28
TXN-18393,West,Apparel,12,244.51,6,2025-06-01
TXN-18394,South,Apparel,8,233.30,13,2025-04-10
TXN-18395,North,Books,3,71.78,29,2025-04-15
TXN-18396,North,Apparel,12,144.03,16,2025-05-21
TXN-18397,East,Books,14,104.13,9,2025-03-21
TXN-18398,South,Electronics,11,275.20,1,2025-03-06
TXN-18399,North,Fitness,11,70.74,22,2025-05-24
TXN-18400,North,Books,4,173.06,28,2025-04-11
TXN-18401,East,Groceries,4,364.19,28,2025-03-09
TXN-18402,West,Fitness,9,43.29,3,2025-05-30
TXN-18403,East,Books,18,61.04,26,2025-04-04
TXN-18404,South,Fitness,5,304.23,20,2025-03-26
TXN-18405,West,Apparel,13,167.40,6,2025-04-04
TXN-18406,East,Apparel,1,207.79,20,2025-03-25
TXN-18407,South,Electronics,16,146.07,2,2025-04-05
TXN-18408,West,Books,2,420.72,17,2025-04-20
TXN-18409,South,Home & Kitchen,19,93.57,16,2025-05-13
TXN-18410,East,Home & Kitchen,13,155.14,16,2025-05-01
TXN-18411,East,Home & Kitchen,7,273.04,29,2025-03-28
TXN-18412,North,Home & Kitchen,9,422.86,5,2025-03-07
TXN-18413,West,Groceries,16,392.20,26,2025-04-16
TXN-18414,West,Fitness,13,61.06,3,2025-04-24
TXN-18415,South,Groceries,20,488.72,27,2025-05-15
TXN-18416,South,Apparel,19,445.34,29,2025-05-31
TXN-16644,West,Books,11,292.37,16,2025-03-21
TXN-18418,East,Fitness,3,170.82,18,2025-04-23
TXN-18419,West,Home & Kitchen,18,415.71,11,2025-04-21
TXN-18420,North,Apparel,3,308.56,4,2025-03-06
TXN-18421,North,Fitness,8,493.86,6,2025-05-13
TXN-18422,North,Electronics,8,491.80,25,2025-03-27
TXN-18423,North,Groceries,10,383.44,15,2025-05-29
TXN-18424,North,Home & Kitchen,5,166.34,22,2025-03-16
TXN-18425,South,Electronics,16,290.08,21,2025-05-23
TXN-18426,West,Groceries,13,411.41,11,2025-05-14
TXN-18427,North,Books,9,92.42,3,2025-05-09
TXN-18428,West,Books,4,146.35,2,2025-05-19
TXN-18429,North,Home & Kitchen,5,331.01,20,2025-04-05
TXN-18430,East,Electronics,19,331.65,3,2025-05-30
TXN-18431,North,Fitness,16,163.47,19,2025-03-30
TXN-18432,East,Electronics,1,437.62,7,2025-04-06
TXN-18433,South,Groceries,20,420.36,25,2025-04-10
TXN-18434,East,Electronics,2,354.25,19,2025-05-20
TXN-18435,East,Books,19,132.51,1,2025-03-24
TXN-18436,North,Groceries,1,323.78,3,2025-04-01
TXN-18437,West,Home & Kitchen,14,262.15,6,2025-05-27
TXN-18438,East,Electronics,12,353.22,6,2025-05-15
TXN-18439,East,Electronics,3,428.52,27,2025-03-10
TXN-18440,South,Groceries,11,216.67,23,2025-05-19
TXN-18441,South,Groceries,5,311.00,16,2025-04-20
TXN-18442,West,Apparel,14,434.11,25,2025-03-30
TXN-18443,East,Books,16,336.39,20,2025-05-28
TXN-18444,North,Fitness,9,423.21,3,2025-04-06
TXN-18445,West,Home & Kitchen,11,413.20,9,2025-05-15
TXN-18446,East,Apparel,18,381.67,16,2025-05-09
TXN-18447,East,Books,19,12.89,1,2025-05-21
TXN-18448,North,Apparel,3,308.85,23,2025-03-19
TXN-18449,South,Fitness,15,295.22,20,2025-05-02
TXN-18450,East,Groceries,18,484.94,5,2025-05-14
TXN-18451,West,Home & Kitchen,7,262.06,5,2025-05-20
TXN-18452,South,Books,20,129.18,3,2025-05-22
TXN-18453,West,Groceries,15,118.05,13,2025-05-13
TXN-18454,West,Groceries,18,226.99,24,2025-03-14
TXN-18455,East,Fitness,3,182.31,20,2025-06-01
TXN-18456,North,Books,5,232.96,24,2025-03-22
TXN-18457,West,Fitness,4,229.45,27,2025-05-03
TXN-18458,South,Fitness,20,66.16,15,2025-03-06
TXN-18459,South,Apparel,11,298.05,15,2025-05-08
TXN-18460,West,Home & Kitchen,3,468.95,20,2025-03-16
TXN-18461,South,Apparel,8,341.25,15,2025-04-23
TXN-18462,East,Apparel,11,63.97,18,2025-04-24
TXN-18463,West,Apparel,17,18.20,9,2025-03-08
TXN-18464,West,Fitness,19,314.48,6,2025-05-02
TXN-16299,West,Books,2,105.62,26,2025-05-07
TXN-18466,East,Home & Kitchen,18,359.31,11,2025-05-08
TXN-18467,West,Groceries,13,143.25,22,2025-03-16
TXN-18468,South,Home & Kitchen,20,414.61,12,2025-03-14
TXN-18469,South,Apparel,6,281.13,3,2025-05-03
TXN-18470,South,Apparel,15,197.82,16,2025-06-01
TXN-18471,North,Apparel,10,212.05,6,2025-03-31
TXN-18472,East,Groceries,6,497.81,20,2025-05-26
TXN-18473,West,Books,11,202.88,3,2025-04-11
TXN-18474,West,Home & Kitchen,2,441.75,30,2025-03-05
TXN-18475,North,Groceries,9,443.36,2,2025-05-14
TXN-18476,West,Groceries,9,204.24,3,2025-03-20
TXN-18477,East,Apparel,19,94.56,13,2025-04-24
TXN-18478,South,Groceries,16,53.30,14,2025-04-04
TXN-18479,East,Apparel,9,131.38,13,2025-05-05
TXN-18480,North,Books,18,340.22,14,2025-03-09
TXN-18481,South,Fitness,8,348.50,24,2025-04-21
TXN-18482,North,Groceries,8,269.63,3,2025-04-15
TXN-18483,West,Books,16,76.41,3,2025-03-08
TXN-18484,West,Apparel,7,457.61,16,2025-04-26
TXN-18485,South,Home & Kitchen,7,459.67,3,2025-03-29
TXN-18486,West,Home & Kitchen,2,195.20,12,2025-04-12
TXN-18487,West,Books,15,397.32,19,2025-05-29
TXN-18488,North,Electronics,3,271.64,5,2025-04-14
TXN-18489,North,Groceries,11,113.47,24,2025-04-18
TXN-18490,North,Fitness,5,285.41,11,2025-05-23
TXN-18491,East,Electronics,13,190.11,0,2025-05-31
TXN-18492,South,Books,20,282.08,1,2025-03-31
TXN-18493,North,Books,11,408.02,29,2025-05-18
TXN-18494,East,Books,1,431.99,3,2025-04-04
TXN-18495,South,Books,20,143.72,23,2025-05-02
TXN-18496,East,Home & Kitchen,8,447.86,27,2025-05-15
TXN-18497,South,Fitness,13,444.95,20,2025-05-14
TXN-18498,West,Apparel,10,239.18,28,2025-03-27
TXN-18499,South,Apparel,12,461.21,1,2025-04-29
TXN-18429,West,Groceries,9,218.93,18,2025-04-16
TXN-18501,East,Groceries,3,194.80,15,2025-04-22
TXN-18502,West,Electronics,11,271.05,18,2025-05-06
TXN-18503,North,Electronics,4,333.66,14,2025-05-25
TXN-18504,West,Groceries,7,428.07,23,2025-03-07
TXN-18505,West,Groceries,16,144.61,5,2025-04-01
TXN-18506,South,Electronics,17,148.66,9,2025-05-25
TXN-18507,East,Fitness,3,174.68,3,2025-05-09
TXN-18508,North,Electronics,7,18.49,2,2025-04-07
TXN-18509,North,Electronics,12,149.23,27,2025-05-28
TXN-18510,East,Apparel,7,383.00,20,2025-03-22
TXN-18511,North,Books,8,190.16,8,2025-06-01
TXN-18512,North,Electronics,10,41.16,25,2025-05-05
TXN-18513,West,Apparel,3,365.02,17,2025-05-27
TXN-18514,West,Groceries,8,241.85,5,2025-04-04
TXN-18515,West,Electronics,20,145.89,22,2025-03-26
TXN-18516,East,Groceries,11,169.01,8,2025-04-22
TXN-18517,South,Home & Kitchen,17,25.14,23,2025-04-12
TXN-18518,North,Groceries,19,473.82,15,2025-04-20
TXN-18519,South,Groceries,2,204.82,29,2025-05-25
TXN-18520,South,Electronics,9,62.42,1,2025-03-23
TXN-18521,North,Home & Kitchen,1,197.92,3,2025-03-15
TXN-18522,East,Fitness,20,231.30,19,2025-05-13
TXN-18523,North,Groceries,15,452.91,12,2025-03-10
TXN-18524,North,Books,10,362.31,28,2025-03-08
TXN-18525,North,Home & Kitchen,6,181.88,25,2025-03-09
TXN-18526,South,Groceries,20,228.86,10,2025-05-18
TXN-18527,West,Apparel,8,INVALID_PRICE,1,2025-04-26
TXN-18528,North,Books,6,365.18,4,2025-05-21
TXN-18529,North,Apparel,12,170.84,21,2025-04-29
TXN-18530,West,Electronics,6,321.95,19,2025-05-02
TXN-18531,South,Home & Kitchen,3,471.39,15,2025-05-20
TXN-18532,South,Apparel,4,230.45,5,2025-05-31
TXN-18533,North,Groceries,17,284.19,6,2025-04-22
TXN-18534,West,Books,11,431.38,21,2025-04-19
TXN-18535,South,Electronics,10,501.35,15,2025-04-09
TXN-18536,West,Books,15,411.56,16,2025-03-21
TXN-18537,North,Electronics,18,318.81,12,2025-05-30
TXN-18538,South,Apparel,15,480.18,27,2025-04-13
TXN-18539,South,Apparel,3,486.84,9,2025-04-06
TXN-18540,West,Books,13,295.01,18,2025-03-28
TXN-18541,North,Electronics,1,58.70,14,2025-04-07
TXN-18542,West,Fitness,19,134.05,22,2025-03-05
TXN-18543,East,Apparel,12,243.95,18,2025-05-22
TXN-18544,East,Groceries,12,423.66,13,2025-05-09
TXN-18545,West,Groceries,7,443.72,10,2025-03-12
TXN-18546,South,Home & Kitchen,4,467.90,29,2025-05-25
TXN-18547,West,Fitness,12,196.29,4,2025-04-24
TXN-18548,East,Books,7,487.52,23,2025-03-30
TXN-18549,West,Home & Kitchen,4,152.27,24,2025-03-21
TXN-18550,North,Fitness,20,462.86,16,2025-04-28
TXN-18551,South,Home & Kitchen,11,233.51,13,2025-05-02
TXN-18552,South,Electronics,11,439.85,8,2025-05-16
TXN-18553,East,Electronics,12,308.22,19,2025-05-21
TXN-18554,West,Home & Kitchen,15,61.82,26,2025-05-10
TXN-18555,East,Apparel,11,447.77,21,2025-03-16
TXN-18556,South,Fitness,14,228.44,11,2025-05-25
TXN-18557,South,Electronics,6,305.54,7,2025-04-15
TXN-18558,North,Apparel,3,210.40,15,2025-03-21
TXN-18559,South,Fitness,12,120.75,4,2025-05-27
TXN-18560,West,Electronics,14,352.25,1,2025-05-02
TXN-18561,South,Apparel,11,80.09,10,2025-04-03
TXN-18562,West,Groceries,15,130.04,27,2025-03-20
TXN-18563,North,Home & Kitchen,2,34.29,2,2025-03-16
TXN-18564,South,Groceries,5,367.01,23,2025-03-13
TXN-18565,North,Apparel,12,107.36,17,2025-03-26
TXN-18566,West,Books,13,404.60,25,2025-04-26
TXN-18567,South,Electronics,5,449.18,1,2025-04-08
TXN-18568,South,Fitness,3,428.49,28,2025-04-08
TXN-18569,South,Electronics,5,234.83,2,2025-04-30
TXN-18570,South,Apparel,13,299.62,3,2025-03-09
TXN-18571,North,Electronics,20,123.77,22,2025-04-22
TXN-18572,North,Home & Kitchen,19,11.72,16,2025-05-24
TXN-18573,East,Electronics,2,378.28,6,2025-05-15
TXN-18574,West,Home & Kitchen,10,164.44,10,2025-05-08
TXN-18575,East,Apparel,7,182.29,29,2025-05-17
TXN-18576,South,Home & Kitchen,3,7.76,21,2025-04-11
TXN-18577,South,Electronics,18,328.86,5,2025-04-01
TXN-18578,South,Groceries,11,138.85,20,2025-03-14
TXN-18579,East,Fitness,7,339.86,0,2025-05-29
TXN-18580,North,Electronics,19,441.18,30,2025-05-16
TXN-18581,South,Books,5,403.51,15,2025-05-09
TXN-18582,North,Fitness,20,57.61,3,2025-04-16
TXN-18583,South,Home & Kitchen,2,383.25,5,2025-04-05
TXN-18584,North,Books,19,346.43,28,2025-05-13
TXN-18585,West,Books,14,69.28,3,2025-05-31
TXN-18586,South,Books,9,207.03,19,2025-05-13
TXN-18587,East,Books,13,51.77,7,2025-04-18
TXN-18588,East,Fitness,15,338.91,4,2025-03-22
TXN-18589,North,Books,13,480.33,1,2025-05-26
TXN-18590,South,Fitness,7,49.07,19,2025-05-10
TXN-18591,South,Fitness,5,389.58,14,2025-05-31
TXN-18592,North,Groceries,13,251.72,15,2025-04-07
TXN-18593,East,Books,12,169.96,20,2025-05-30
TXN-18594,South,Groceries,6,112.83,18,2025-04-12
TXN-18595,South,Books,16,425.53,2,2025-05-26
TXN-18596,North,Books,10,314.19,30,2025-04-15
TXN-18597,East,Electronics,6,405.26,14,2025-05-12
TXN-18598,West,Fitness,20,267.82,27,2025-04-18
TXN-18599,East,Groceries,20,181.33,28,2025-04-22
TXN-18600,East,Fitness,17,295.61,8,2025-03-21
TXN-18601,South,Fitness,17,31.51,1,2025-05-20
TXN-18602,North,Electronics,6,179.42,7,2025-03-10
TXN-18603,East,Books,12,86.72,6,2025-05-05
TXN-18604,West,Apparel,15,354.19,27,2025-05-18
TXN-18605,East,Fitness,16,65.70,23,2025-04-29
TXN-18606,North,Books,12,344.40,5,2025-03-25
TXN-18607,South,Home & Kitchen,18,446.45,28,2025-05-05
TXN-18608,North,Books,3,462.02,1,2025-04-08
TXN-18609,East,Electronics,5,377.08,17,2025-04-18
TXN-18610,West,Home & Kitchen,7,216.51,12,2025-03-08
TXN-18611,East,Electronics,12,410.03,23,2025-04-12
TXN-18612,East,Fitness,17,397.50,13,2025-03-22
TXN-18613,West,Home & Kitchen,7,254.59,4,2025-03-08
TXN-18614,South,Groceries,7,494.34,4,2025-05-13
TXN-18615,North,Books,12,166.59,4,2025-03-30
TXN-18616,West,Books,9,322.25,27,2025-04-02
TXN-18617,West,Electronics,17,446.96,5,2025-04-08
TXN-18618,South,Home & Kitchen,20,502.70,5,2025-04-09
TXN-18619,South,Fitness,5,442.21,26,2025-05-14
TXN-16351,East,Home & Kitchen,14,369.59,8,2025-04-07
TXN-18621,East,Fitness,19,178.60,11,2025-05-26
TXN-18622,East,Home & Kitchen,1,89.07,17,2025-05-07
TXN-18623,East,Groceries,13,148.94,0,2025-04-16
TXN-18624,North,Books,16,410.98,22,2025-04-03
TXN-18625,East,Home & Kitchen,16,162.62,6,2025-04-11
TXN-18626,North,Books,20,268.85,10,2025-05-18
TXN-18627,South,Books,15,192.55,7,2025-04-23
TXN-18628,North,Fitness,18,237.18,16,2025-03-28
TXN-18629,North,Electronics,20,112.89,3,2025-04-01
TXN-18630,East,Books,19,56.28,8,2025-05-27
TXN-18631,South,Home & Kitchen,17,382.99,29,2025-04-18
TXN-18632,South,Groceries,16,497.36,12,2025-05-11
TXN-18633,North,Fitness,11,468.63,12,2025-03-07
TXN-18634,South,Electronics,19,155.22,19,2025-04-02
TXN-18635,East,Home & Kitchen,-1,432.93,5,2025-05-10
TXN-18636,North,Electronics,1,296.58,3,2025-04-14
TXN-18637,North,Fitness,20,137.00,6,2025-04-29
TXN-18638,South,Electronics,15,297.29,23,2025-03-10
TXN-18639,North,Electronics,8,163.15,24,2025-03-16
TXN-18640,West,Fitness,7,17.13,20,2025-03-06
TXN-18641,North,Books,17,202.05,11,2025-05-10
TXN-15738,North,Groceries,6,164.78,4,2025-03-15
TXN-18643,North,Electronics,6,504.41,14,2025-05-21
TXN-18644,South,Apparel,19,243.37,16,2025-04-02
TXN-18645,South,Fitness,1,335.69,21,2025-03-24
TXN-18646,North,Fitness,4,318.31,8,2025-05-05
TXN-18647,South,Apparel,10,191.44,13,2025-05-09
TXN-18648,East,Books,7,342.41,8,2025-05-16
TXN-18649,South,Groceries,13,252.46,4,2025-03-12
TXN-18650,North,Books,4,393.69,29,2025-05-13
TXN-18651,West,Home & Kitchen,-5,464.75,26,2025-05-08
TXN-18652,North,Electronics,20,486.79,5,2025-03-07
TXN-18653,North,Fitness,18,291.42,8,2025-03-08
TXN-18654,East,Groceries,8,184.97,23,2025-04-27
TXN-18655,South,Books,13,49.37,5,2025-04-19
TXN-18656,West,Books,5,476.25,29,2025-04-30
TXN-18657,East,Fitness,20,463.15,7,2025-03-19
TXN-18658,East,Books,19,205.51,13,2025-03-23
TXN-18659,South,Electronics,4,477.20,6,2025-05-27
TXN-18660,East,Home & Kitchen,14,357.63,22,2099-12-31
TXN-18661,North,Fitness,6,395.53,17,2025-05-10
TXN-18662,North,Apparel,20,231.54,28,2025-03-28
TXN-18663,North,Apparel,15,166.22,11,2025-03-04
TXN-18664,West,Groceries,16,73.54,11,2025-03-07
TXN-18665,South,Electronics,2,97.68,5,2025-04-30
TXN-18666,West,Apparel,13,78.72,20,2025-03-16
TXN-18667,South,Electronics,12,462.89,17,2025-04-07
TXN-18668,West,Books,17,357.37,21,2025-05-06
TXN-18669,West,Electronics,12,69.40,25,2025-03-10
TXN-18670,South,Electronics,15,161.88,9,2025-05-30
TXN-18671,South,Fitness,3,151.85,16,2025-04-17
TXN-18672,East,Electronics,19,415.60,5,2025-05-04
TXN-18673,South,Fitness,12,242.39,0,2025-03-08
TXN-18674,West,Books,19,83.47,26,2025-03-10
TXN-18675,West,Fitness,4,301.04,10,2025-05-14
TXN-18676,North,Books,7,123.59,6,2025-05-10
TXN-18677,North,Home & Kitchen,2,503.25,0,2025-04-09
TXN-18678,North,Apparel,20,261.89,23,2025-03-19
TXN-18679,West,Electronics,9,490.02,18,2025-03-18
TXN-18680,East,Electronics,19,195.98,27,2025-05-16
TXN-18681,West,Fitness,10,219.34,23,2025-04-13
TXN-18682,East,Home & Kitchen,6,64.01,16,2025-05-25
TXN-18683,North,Fitness,17,134.14,5,2025-05-13
TXN-18684,South,Books,12,439.75,8,2025-04-01
TXN-18685,North,Books,20,232.66,22,2025-04-27
TXN-18686,West,Fitness,1,391.16,1,2025-05-11
TXN-18687,West,Fitness,6,319.44,27,2025-05-14
TXN-18688,South,Fitness,16,435.17,6,2025-03-10
TXN-18689,West,Home & Kitchen,17,503.58,26,2025-03-10
TXN-18690,East,Books,16,86.30,1,2025-05-10
TXN-18691,East,Home & Kitchen,9,409.69,11,2025-05-01
TXN-18692,East,Electronics,18,38.45,12,2025-04-07
TXN-18693,West,Apparel,18,230.82,6,2025-04-04
TXN-18694,North,Electronics,10,INVALID_PRICE,2,2025-05-09
TXN-18695,North,Apparel,13,311.42,11,2025-04-06
TXN-18696,South,Home & Kitchen,6,31.67,10,2025-05-25
TXN-18697,West,Books,18,365.73,16,2025-04-23
TXN-18698,East,Fitness,6,481.62,25,2025-05-28
TXN-18699,South,Books,16,215.65,25,2025-03-17
TXN-18700,East,Apparel,18,127.50,3,2025-03-13
TXN-18701,East,Fitness,8,49.36,11,2025-05-26
TXN-18702,East,Electronics,19,329.90,21,2025-03-27
TXN-18703,East,Books,14,374.96,11,2025-05-22
TXN-18704,East,Groceries,9,17.40,21,2025-05-24
TXN-18705,South,Apparel,12,423.12,6,2025-04-02
TXN-18706,North,Groceries,18,248.72,27,2025-05-29
TXN-18707,South,Apparel,2,352.02,2,2025-03-20
TXN-18708,North,Groceries,7,500.27,28,2025-03-18
TXN-18709,East,Groceries,2,12.70,21,2025-04-09
TXN-18710,West,Home & Kitchen,7,413.05,18,2025-03-15
TXN-18711,North,Electronics,4,192.10,29,2025-03-26
TXN-18712,South,Books,6,482.88,2,2025-03-24
TXN-18713,North,Books,11,475.50,28,2025-05-31
TXN-18714,South,Home & Kitchen,20,487.30,13,2025-03-11
TXN-18715,West,Books,1,99.00,2,2025-04-26
TXN-18716,West,Apparel,5,176.54,25,2025-05-12
TXN-18717,South,Books,1,225.20,26,2025-05-15
TXN-18718,West,Fitness,6,333.30,8,2025-03-17
TXN-18719,West,Home & Kitchen,18,394.17,7,2025-03-09
TXN-18720,North,Electronics,6,433.68,14,2025-05-27
TXN-18721,North,Home & Kitchen,10,300.09,30,2025-04-20
TXN-18722,South,Apparel,6,374.74,1,2025-05-27
TXN-18723,East,Books,9,461.50,26,2025-03-07
TXN-18724,East,Apparel,7,477.96,22,2025-05-21
TXN-18725,South,Electronics,13,33.98,3,2025-05-26
TXN-18726,North,Apparel,12,424.96,22,2025-05-12
TXN-18727,West,Apparel,17,475.86,15,2025-05-14
TXN-18543,North,Home & Kitchen,16,259.97,8,2025-05-19
TXN-18729,North,Home & Kitchen,6,213.80,16,2025-04-06
TXN-18730,North,Books,16,221.72,8,2025-04-21
TXN-18731,North,Apparel,2,350.89,22,2025-05-17
TXN-18732,North,Groceries,4,215.77,16,2025-04-22
TXN-18733,East,Home & Kitchen,5,210.24,2,2025-03-24
TXN-18734,North,Groceries,5,416.20,23,2025-03-05
TXN-18735,North,Groceries,13,366.49,13,2025-04-20
TXN-18736,South,Books,13,31.32,0,2025-05-11
TXN-18737,East,Apparel,13,264.48,25,2025-04-05
TXN-18738,West,Books,19,445.95,7,2025-03-22
TXN-18739,South,Books,4,397.21,24,2025-05-31
TXN-18740,West,Home & Kitchen,11,72.81,7,2025-03-08
TXN-18741,East,Apparel,15,413.04,22,2025-05-21
TXN-18742,East,Books,3,503.60,20,2025-05-15
TXN-18743,East,Books,10,294.74,11,2025-05-05
TXN-18744,North,Groceries,16,59.35,18,2025-05-24
TXN-18745,South,Groceries,20,215.90,18,2025-04-19
TXN-18746,North,Home & Kitchen,8,353.99,25,2025-04-30
TXN-18747,West,Apparel,8,350.35,2,2025-03-21
TXN-18748,West,Home & Kitchen,7,110.10,24,2025-04-08
TXN-18749,West,Groceries,11,408.97,25,2025-03-04
TXN-18750,North,Books,18,231.70,25,2025-04-28
TXN-18751,North,Apparel,20,261.58,6,2025-03-04
TXN-18752,South,Electronics,16,44.25,3,2025-04-28
TXN-18753,East,Apparel,10,202.09,16,2025-04-10
TXN-18754,East,Electronics,13,31.85,18,2025-03-04
TXN-18755,West,Apparel,1,331.72,28,2025-03-14
TXN-18756,East,Home & Kitchen,8,293.13,7,2025-04-20
TXN-18757,North,Electronics,17,89.45,5,2025-04-28
TXN-18758,North,Books,6,313.99,22,2025-03-15
TXN-18759,South,Books,16,410.91,6,2025-03-21
TXN-18760,West,Electronics,4,369.30,27,2025-04-04
TXN-18761,West,Home & Kitchen,6,308.75,0,2025-04-07
TXN-18762,South,Fitness,20,139.98,3,2025-05-28
TXN-18763,East,Apparel,8,473.32,23,2025-03-22
TXN-18764,East,Books,3,429.38,12,2025-04-04
TXN-18765,North,Groceries,9,282.96,7,2025-04-11
TXN-18766,South,Electronics,17,473.75,5,2025-04-25
TXN-18767,East,Groceries,9,337.34,21,2025-03-17
TXN-18768,South,Apparel,1,121.03,17,2025-05-17
TXN-18769,South,Home & Kitchen,10,263.57,5,2025-04-02
TXN-18770,North,Apparel,12,375.01,20,2025-03-14
TXN-18771,East,Groceries,7,27.54,10,2025-03-24
TXN-18772,South,Groceries,11,385.16,3,2025-05-21
TXN-18773,South,Fitness,5,71.03,12,2025-05-16
TXN-18774,East,Fitness,8,269.00,15,2025-04-29
TXN-18775,North,Electronics,12,286.18,18,2025-03-06
TXN-18776,West,Groceries,11,472.78,10,2025-04-26
TXN-18777,South,Fitness,12,149.63,26,2025-03-10
TXN-18778,West,Apparel,7,149.59,3,2025-05-11
TXN-18779,North,Home & Kitchen,15,295.07,5,2025-03-25
TXN-18780,North,Fitness,14,409.10,14,2025-04-17
TXN-18781,North,Home & Kitchen,17,124.08,16,2025-03-10
TXN-18782,East,Electronics,16,412.48,9,2025-03-26
TXN-18783,North,Home & Kitchen,1,166.29,17,2025-05-04
TXN-18784,North,Groceries,15,257.79,13,2025-03-29
TXN-18785,South,Fitness,7,74.58,11,2025-05-29
TXN-18786,South,Apparel,16,213.80,29,2025-05-17
TXN-18787,West,Home & Kitchen,9,79.97,16,2025-05-28
TXN-18788,North,Groceries,14,154.61,10,2025-05-17
TXN-18789,North,Electronics,6,181.76,13,2025-04-16
TXN-18790,West,Books,6,422.23,20,2025-05-10
TXN-18791,East,Home & Kitchen,4,224.60,11,2025-04-21
TXN-18792,East,Books,2,235.62,7,2025-05-01
TXN-18793,North,Home & Kitchen,1,291.40,22,2025-03-06
TXN-18794,East,Books,17,6.06,11,2025-04-23
TXN-18795,South,Apparel,9,452.65,27,2025-04-02
TXN-18796,South,Home & Kitchen,4,479.51,20,2025-04-04
TXN-18797,West,Apparel,16,262.85,15,2025-04-01
TXN-18798,South,Home & Kitchen,14,405.10,16,2099-12-31
TXN-18799,South,Groceries,19,106.71,21,2025-05-01
TXN-18800,South,Home & Kitchen,18,357.53,18,2025-04-28
TXN-18801,East,Groceries,18,437.84,4,2025-03-14
TXN-18802,West,Groceries,3,323.89,17,2025-04-11
TXN-10124,West,Groceries,2,347.11,17,2025-04-15
TXN-18804,South,Fitness,3,61.97,8,2025-04-23
TXN-18805,North,Apparel,15,472.84,3,2025-05-22
TXN-18806,East,Groceries,9,466.85,16,2025-03-18
TXN-18807,North,Groceries,6,62.67,12,2025-05-01
TXN-18808,South,Apparel,17,46.01,7,2025-03-21
TXN-18809,South,Apparel,14,188.09,22,2025-04-12
TXN-18810,East,Books,16,337.81,19,2025-03-16
TXN-18811,South,Fitness,1,151.84,12,2025-04-29
TXN-18812,East,Fitness,13,253.50,13,2025-04-02
TXN-18813,North,Fitness,20,484.12,8,2025-04-23
TXN-18814,North,Electronics,18,269.46,6,2025-03-17
TXN-18815,East,Home & Kitchen,14,228.45,5,2025-04-02
TXN-18816,West,Fitness,17,368.26,9,2025-05-26
TXN-18817,West,Home & Kitchen,1,200.52,7,2025-04-07
TXN-18818,South,Electronics,12,55.13,5,2025-05-09
TXN-18819,South,Books,1,190.37,11,2025-06-01
TXN-18820,West,Apparel,5,157.45,14,2025-03-21
TXN-18821,South,Home & Kitchen,1,438.59,9,2025-03-31
TXN-18822,East,Fitness,-2,424.68,28,2025-05-16
TXN-18823,North,Home & Kitchen,4,54.98,6,2025-05-08
TXN-18824,East,Electronics,6,162.57,21,2025-05-30
TXN-18825,East,Fitness,17,275.23,23,2025-04-02
TXN-18826,East,Fitness,8,338.55,11,2025-05-23
TXN-18827,South,Fitness,20,214.67,9,2025-04-29
TXN-18828,West,Electronics,13,367.28,9,2025-04-27
TXN-18829,North,Electronics,7,289.18,3,2025-04-13
TXN-18830,North,Apparel,17,459.36,12,2025-03-22
TXN-18831,South,Books,6,29.10,18,2025-03-20
TXN-18832,North,Electronics,5,85.17,2,2025-04-06
TXN-18833,North,Home & Kitchen,7,217.32,9,2025-04-05
TXN-18834,South,Electronics,18,22.66,25,2025-04-14
TXN-18835,South,Groceries,20,126.23,25,2025-03-07
TXN-18836,North,Apparel,18,490.48,24,2025-05-11
TXN-18837,North,Fitness,11,144.44,23,2025-04-07
TXN-18838,East,Home & Kitchen,5,364.58,16,2025-04-09
TXN-18839,South,Books,9,30.45,16,2025-04-09
TXN-18840,South,Home & Kitchen,5,436.46,7,2025-05-17
TXN-18841,North,Books,20,287.87,17,2025-04-30
TXN-18842,North,Home & Kitchen,6,85.42,9,2025-04-22
TXN-18843,North,Fitness,16,224.27,14,2025-03-20
TXN-18844,East,Fitness,12,INVALID_PRICE,1,2025-05-22
TXN-18845,South,Apparel,15,144.20,9,2025-05-17
TXN-18846,South,Fitness,4,92.98,15,2025-04-29
TXN-18847,West,Apparel,15,127.83,28,2025-03-08
TXN-18848,West,Home & Kitchen,20,481.62,25,2025-03-24
TXN-18849,North,Groceries,17,297.04,9,2025-05-30
TXN-18850,West,Electronics,14,106.35,20,2025-04-09
TXN-18851,West,Fitness,12,146.01,0,2025-04-12
TXN-18852,West,Groceries,1,276.82,29,2025-04-08
TXN-18853,East,Apparel,19,308.68,1,2025-04-25
TXN-18854,East,Apparel,10,103.87,23,2025-03-22
TXN-18855,South,Home & Kitchen,3,395.48,3,2025-05-01
TXN-18856,South,Books,20,345.39,20,2025-05-26
TXN-18857,East,Apparel,18,372.90,14,2025-03-12
TXN-18858,West,Apparel,14,146.76,23,2025-04-02
TXN-18859,South,Fitness,10,79.92,8,2025-04-24
TXN-18860,West,Groceries,19,226.67,27,2025-05-19
TXN-18861,West,Groceries,1,279.17,23,2025-03-10
TXN-18862,South,Apparel,10,254.43,7,2025-05-17
TXN-18863,North,Apparel,7,418.51,15,2025-05-18
TXN-18864,North,Groceries,18,INVALID_PRICE,6,2025-03-21
TXN-18865,North,Groceries,14,463.26,27,2025-03-08
TXN-18866,East,Electronics,17,385.48,14,2025-05-13
TXN-18867,East,Books,2,411.71,4,2025-04-06
TXN-18868,West,Apparel,19,407.19,4,2025-03-12
TXN-18869,West,Books,3,88.87,9,2025-04-16
TXN-18870,West,Books,4,354.43,15,2025-05-06
TXN-18871,North,Fitness,15,426.74,21,2025-05-14
TXN-18872,South,Electronics,18,191.59,9,2025-04-16
TXN-18873,South,Fitness,4,75.07,15,2025-05-30
TXN-18874,West,Electronics,5,349.15,5,2025-05-29
TXN-18875,West,Electronics,7,170.84,12,2025-03-15
TXN-18876,West,Apparel,11,382.53,27,2025-05-20
TXN-18877,East,Electronics,1,268.78,9,2025-04-17
TXN-18878,East,Fitness,14,426.85,29,2025-04-10
TXN-18879,East,Home & Kitchen,19,119.07,23,2025-04-13
TXN-18880,East,Apparel,8,395.23,24,2025-04-07
TXN-18881,East,Groceries,5,325.91,8,2025-05-28
TXN-18882,North,Electronics,15,479.36,15,2025-05-29
TXN-18883,North,Home & Kitchen,5,128.18,13,2025-04-14
TXN-18884,West,Fitness,13,216.09,13,2025-05-02
TXN-18885,East,Groceries,17,308.59,24,2025-04-05
TXN-18886,South,Groceries,18,87.45,22,2025-05-27
TXN-18887,West,Books,3,352.87,26,2025-05-27
TXN-18888,East,Apparel,5,494.52,28,2025-05-02
TXN-18889,West,Fitness,7,421.70,14,2025-05-25
TXN-18890,North,Electronics,15,377.09,150,2025-03-28
TXN-18891,South,Home & Kitchen,16,450.78,29,2025-05-30
TXN-18892,South,Books,19,94.86,24,2025-05-20
TXN-18893,West,Fitness,5,265.76,21,2025-06-01
TXN-18894,South,Books,9,56.30,2,2025-04-02
TXN-18895,South,Books,3,410.60,16,2025-04-06
TXN-18896,North,Groceries,12,221.49,5,2025-04-28
TXN-18897,East,Home & Kitchen,11,406.38,18,2025-04-28
TXN-18898,West,Groceries,15,234.98,13,2025-04-15
TXN-18899,South,Electronics,5,341.78,12,2025-05-02
TXN-18900,West,Home & Kitchen,11,466.31,27,2025-05-13
TXN-18901,East,Home & Kitchen,11,216.03,26,2025-04-20
TXN-18902,South,Home & Kitchen,11,375.89,25,2025-04-15
TXN-18903,East,Home & Kitchen,4,9.75,7,2025-03-16
TXN-18904,West,Groceries,14,89.57,13,2025-05-21
TXN-18905,West,Fitness,5,191.82,22,2025-03-28
TXN-18906,North,Fitness,4,84.70,15,2025-04-18
TXN-18907,South,Home & Kitchen,16,254.53,8,2025-03-29
TXN-18908,South,Fitness,8,10.14,2,2025-04-18
TXN-18909,West,Fitness,5,433.45,25,2025-03-31
TXN-18910,East,Books,19,50.07,29,2025-03-17
TXN-18911,East,Fitness,19,419.37,30,2025-05-30
TXN-18912,North,Electronics,4,36.09,2,2025-03-08
TXN-18913,East,Books,11,175.53,6,2025-05-05
TXN-18914,East,Apparel,5,423.41,9,2025-04-21
TXN-18915,West,Apparel,17,71.11,4,2025-03-20
TXN-18916,East,Groceries,11,13.32,10,2025-05-22
TXN-18917,East,Electronics,13,234.58,3,2025-04-12
TXN-18918,North,Home & Kitchen,4,318.87,4,2025-04-30
TXN-18919,North,Fitness,5,148.78,24,2025-04-18
TXN-18920,East,Electronics,15,155.86,29,2025-04-20
TXN-18921,South,Books,7,62.33,10,2025-04-07
TXN-18922,East,Electronics,10,62.40,4,2025-03-26
TXN-18923,South,Electronics,17,459.70,21,2025-04-04
TXN-18924,South,Books,15,429.79,6,2025-06-01
TXN-18925,South,Fitness,6,248.28,5,2025-05-19
TXN-18926,North,Electronics,17,491.24,24,2025-04-06
TXN-18927,South,Groceries,-3,127.43,29,2025-05-01
TXN-18928,South,Fitness,14,179.30,150,2025-04-08
TXN-18929,West,Books,10,74.32,5,2025-05-16
TXN-18930,South,Books,18,314.29,30,2025-04-14
TXN-18931,South,Groceries,15,103.85,9,2025-05-02
TXN-18932,South,Groceries,4,470.81,6,2025-05-02
TXN-18933,South,Fitness,15,90.39,11,2025-05-22
TXN-18934,West,Home & Kitchen,17,303.04,19,2025-05-20
TXN-18935,North,Fitness,17,331.39,22,2025-05-25
TXN-18936,East,Books,7,237.71,0,2025-05-22
TXN-18937,East,Groceries,6,445.82,27,2025-04-26
TXN-18938,South,Home & Kitchen,20,163.57,30,2025-03-19
TXN-18939,East,Apparel,13,INVALID_PRICE,16,2025-04-12
TXN-18940,North,Electronics,14,252.77,30,2025-04-02
TXN-18941,West,Apparel,4,18.39,25,2025-05-09
TXN-18942,North,Apparel,20,22.28,15,2025-04-09
TXN-18943,East,Fitness,11,104.33,15,2025-04-20
TXN-18944,East,Apparel,4,278.34,3,2025-04-01
TXN-18945,West,Apparel,14,20.68,15,2025-04-05
TXN-18946,West,Apparel,20,55.07,1,2025-03-19
TXN-18947,North,Fitness,1,217.75,3,2025-04-13
TXN-18948,North,Fitness,14,178.16,10,2025-04-29
TXN-18949,East,Books,6,257.91,29,2025-05-28
TXN-18950,East,Apparel,12,125.41,20,2025-04-25
TXN-18951,South,Electronics,19,483.49,16,2025-04-09
TXN-18952,North,Home & Kitchen,12,247.99,26,2025-04-19
TXN-18953,West,Fitness,3,216.61,3,2025-05-03
TXN-18954,North,Fitness,19,24.56,20,2025-06-01
TXN-18955,North,Groceries,11,161.92,16,2025-05-03
TXN-18956,South,Fitness,1,191.52,8,2025-03-21
TXN-18957,West,Groceries,13,395.93,18,2025-03-09
TXN-18958,South,Books,20,478.88,23,2025-03-28
TXN-18959,West,Books,18,19.05,28,2025-04-23
TXN-18960,North,Groceries,4,264.48,6,2025-03-04
TXN-18961,North,Apparel,20,232.84,14,2025-05-10
TXN-18962,South,Fitness,20,413.10,9,2025-05-30
TXN-18963,North,Books,1,217.16,22,2025-03-23
TXN-18964,East,Fitness,2,162.36,17,2025-04-21
TXN-18965,West,Home & Kitchen,4,275.94,4,2025-04-16
TXN-18966,West,Electronics,17,494.36,9,2025-03-27
TXN-18967,West,Books,10,404.71,23,2025-04-03
TXN-18968,North,Fitness,14,351.71,11,2025-04-26
TXN-18969,West,Electronics,12,173.49,6,2025-03-09
TXN-18970,North,Home & Kitchen,2,358.69,11,2025-05-03
TXN-18971,West,Electronics,15,368.54,22,2025-03-17
TXN-18972,North,Books,19,231.15,25,2025-03-27
TXN-18973,West,Apparel,4,51.06,4,2025-03-21
TXN-18974,West,Electronics,20,70.61,28,2025-04-07
TXN-18975,East,Home & Kitchen,9,61.67,24,2025-05-22
TXN-18976,North,Apparel,19,309.88,21,2025-03-20
TXN-18977,West,Home & Kitchen,6,INVALID_PRICE,26,2025-04-22
TXN-18978,North,Home & Kitchen,-5,321.04,8,2025-03-17
TXN-18979,North,Apparel,5,174.24,5,2025-03-20
TXN-18980,East,Books,15,266.87,12,2025-04-06
TXN-18981,North,Books,5,416.81,15,2025-04-11
TXN-18982,North,Books,10,467.17,16,2025-05-03
TXN-18983,West,Apparel,12,397.88,13,2025-05-10
TXN-18984,North,Fitness,11,97.95,19,2025-04-10
TXN-18985,North,Apparel,9,55.49,14,2025-03-25
TXN-18986,South,Apparel,20,59.90,10,2025-04-12
TXN-18987,West,Groceries,12,393.59,17,2025-05-27
TXN-18988,West,Apparel,17,11.57,15,2025-05-31
TXN-18989,East,Fitness,8,467.09,25,2025-05-21
TXN-18990,West,Books,4,141.39,13,2025-05-06
TXN-18991,West,Groceries,17,295.49,15,2025-05-06
TXN-18992,East,Fitness,12,385.50,12,2025-03-27
TXN-18993,South,Fitness,19,244.75,29,2025-05-22
TXN-18994,North,Fitness,15,283.05,17,2025-03-26
TXN-18995,East,Electronics,6,316.39,23,2025-04-23
TXN-18996,East,Books,2,304.18,16,2025-04-11
TXN-18997,East,Electronics,9,335.10,7,2025-04-14
TXN-18998,South,Electronics,12,355.49,23,2025-04-14
TXN-18999,North,Fitness,18,161.92,25,2025-04-30
TXN-19000,North,Apparel,7,362.92,17,2025-03-13
TXN-19001,South,Groceries,13,22.80,26,2025-04-12
TXN-19002,South,Groceries,1,41.49,3,2025-04-02
TXN-19003,West,Groceries,14,465.18,22,2025-04-22
TXN-19004,South,Fitness,8,243.18,30,2025-04-10
TXN-19005,South,Electronics,12,240.01,3,2025-03-07
TXN-19006,West,Apparel,16,409.53,3,2025-04-19
TXN-19007,East,Fitness,9,284.93,1,2025-05-28
TXN-19008,North,Fitness,5,147.14,18,2025-05-09
TXN-19009,South,Home & Kitchen,8,122.88,4,2025-05-26
TXN-19010,East,Groceries,13,486.70,20,2025-03-25
TXN-19011,South,Books,18,195.72,16,2025-05-29
TXN-19012,East,Books,-3,446.56,5,2025-04-18
TXN-19013,South,Apparel,1,338.04,7,2025-04-06
TXN-19014,North,Electronics,15,121.33,6,2099-12-31
TXN-19015,South,Home & Kitchen,8,127.61,29,2025-03-20
TXN-19016,East,Apparel,10,53.85,16,2025-04-19
TXN-19017,North,Fitness,2,62.71,27,2025-05-01
TXN-19018,South,Books,3,218.46,5,2025-03-10
TXN-19019,North,Books,6,108.50,10,2025-03-15
TXN-19020,South,Electronics,17,47.62,22,2025-05-20
TXN-19021,North,Electronics,8,445.76,14,2025-05-09
TXN-19022,North,Books,18,308.18,28,2025-04-06
TXN-15023,East,Groceries,18,8.59,11,2025-03-07
TXN-19024,North,Apparel,7,390.74,13,2025-04-16
TXN-19025,North,Home & Kitchen,8,51.42,19,2025-03-23
TXN-19026,North,Apparel,2,390.08,29,2025-03-09
TXN-19027,West,Home & Kitchen,20,378.11,26,2025-05-15
TXN-19028,West,Fitness,5,362.78,22,2025-05-18
TXN-19029,South,Groceries,11,452.15,29,2025-03-25
TXN-19030,East,Apparel,11,154.08,27,2025-03-27
TXN-19031,South,Electronics,11,140.19,18,2025-04-12
TXN-19032,North,Apparel,2,163.12,6,2025-03-10
TXN-19033,North,Books,12,288.43,15,2025-04-30
TXN-19034,West,Electronics,6,256.35,7,2025-05-31
TXN-19035,East,Groceries,7,272.47,11,2025-03-21
TXN-19036,North,Books,17,188.65,22,2025-04-01
TXN-19037,West,Home & Kitchen,16,61.45,16,2025-05-23
TXN-19038,South,Electronics,18,357.11,9,2025-04-14
TXN-19039,North,Electronics,3,80.56,4,2025-03-07
TXN-19040,East,Electronics,8,318.54,18,2025-04-21
TXN-19041,North,Fitness,14,258.78,11,2025-04-10
TXN-19042,West,Books,11,440.66,18,2025-04-24
TXN-19043,West,Apparel,9,248.56,30,2025-05-02
TXN-19044,North,Apparel,12,178.15,10,2025-03-07
TXN-19045,West,Books,4,232.58,17,2025-03-28
TXN-19046,East,Home & Kitchen,15,407.71,8,2025-03-26
TXN-19047,East,Electronics,16,460.22,0,2025-05-21
TXN-19048,East,Fitness,2,270.10,11,2025-04-27
TXN-19049,East,Electronics,16,450.98,21,2025-04-05
TXN-19050,South,Electronics,4,98.05,9,2025-04-16
TXN-19051,West,Groceries,18,314.27,23,2025-04-05
TXN-19052,West,Groceries,5,INVALID_PRICE,14,2025-04-29
TXN-19053,East,Apparel,8,392.94,25,2025-03-21
TXN-19054,North,Home & Kitchen,2,111.94,15,2025-04-10
TXN-19055,East,Fitness,7,188.41,20,2025-05-19
TXN-19056,East,Home & Kitchen,-1,122.43,9,2025-03-27
TXN-19057,North,Books,17,30.88,27,2025-05-13
TXN-19058,West,Groceries,12,28.25,29,2025-04-03
TXN-19059,South,Apparel,15,133.87,16,2025-04-20
TXN-19060,West,Electronics,1,39.40,0,2025-04-09
TXN-19061,North,Apparel,14,291.59,3,2025-04-02
TXN-13741,East,Home & Kitchen,6,172.94,19,2025-04-03
TXN-19063,East,Electronics,15,435.31,4,2025-05-26
TXN-19064,East,Electronics,-4,493.48,3,2025-05-18
TXN-19065,South,Books,5,228.57,10,2025-04-08
TXN-19066,South,Books,12,467.96,15,2025-04-13
TXN-19067,West,Books,15,458.73,25,2025-05-12
TXN-19068,North,Electronics,11,504.59,28,2025-04-11
TXN-19069,West,Apparel,2,320.23,24,2025-04-21
TXN-19070,South,Electronics,14,422.34,22,2025-03-04
TXN-19071,South,Electronics,13,138.91,2,2025-04-30
TXN-19072,South,Fitness,4,131.94,8,2025-05-02
TXN-19073,South,Electronics,12,280.85,26,2025-05-22
TXN-19074,South,Books,14,189.14,6,2025-05-03
TXN-19075,South,Fitness,19,339.82,1,2025-04-21
TXN-19076,West,Home & Kitchen,9,107.32,22,2025-05-28
TXN-19077,West,Home & Kitchen,6,245.96,28,2025-03-24
TXN-19078,East,Fitness,11,201.74,4,2025-05-25
TXN-19079,South,Home & Kitchen,9,181.75,14,2025-04-19
TXN-19080,East,Groceries,2,352.26,15,2025-03-13
TXN-19081,North,Fitness,13,314.13,26,2025-05-18
TXN-19082,South,Apparel,8,302.35,13,2025-05-09
TXN-19083,East,Electronics,5,439.69,4,2025-03-24
TXN-19084,West,Fitness,2,218.96,24,2025-04-25
TXN-19085,West,Books,16,371.56,5,2025-04-01
TXN-19086,East,Fitness,2,487.63,27,2025-03-23
TXN-19087,North,Fitness,8,351.21,24,2025-04-19
TXN-19088,South,Books,18,51.57,15,2025-05-09
TXN-19089,North,Groceries,3,461.18,16,2025-03-20
TXN-19090,East,Home & Kitchen,2,90.87,28,2025-03-26
TXN-19091,West,Home & Kitchen,13,70.88,24,2025-03-09
TXN-19092,East,Home & Kitchen,12,283.34,3,2025-05-09
TXN-19093,West,Groceries,1,499.78,6,2025-04-12
TXN-19094,West,Fitness,15,99.89,5,2025-03-15
TXN-19095,West,Books,18,41.61,30,2025-03-04
TXN-19096,South,Apparel,10,425.02,27,2025-04-09
TXN-19097,North,Home & Kitchen,20,361.82,10,2025-05-27
TXN-19098,West,Home & Kitchen,19,341.06,18,2025-03-24
TXN-19099,North,Fitness,1,228.68,5,2025-05-06
TXN-19100,North,Electronics,18,300.88,23,2025-05-30
TXN-19101,South,Groceries,6,139.42,14,2025-03-12
TXN-19102,West,Electronics,12,19.89,23,2025-03-05
TXN-19103,West,Apparel,5,348.53,1,2025-05-07
TXN-19104,South,Electronics,8,308.52,13,2025-03-21
TXN-19105,South,Apparel,3,17.72,30,2025-03-28
TXN-19106,West,Books,17,419.73,19,2025-05-14
TXN-19107,West,Books,16,497.28,150,2025-05-07
TXN-19108,West,Books,19,306.94,7,2025-05-27
TXN-19109,East,Apparel,2,342.11,15,2025-03-13
TXN-19110,East,Electronics,8,293.47,14,2025-05-09
TXN-19111,East,Electronics,17,198.46,26,2025-05-29
TXN-19112,South,Electronics,20,64.89,22,2025-04-05
TXN-19113,West,Fitness,12,469.96,29,2025-03-26
TXN-19114,East,Apparel,5,139.16,24,2025-04-16
TXN-19115,West,Apparel,15,433.05,14,2025-04-02
TXN-19116,South,Fitness,19,37.28,6,2025-03-27
TXN-19117,North,Books,9,23.70,6,2025-03-19
TXN-19118,North,Home & Kitchen,1,245.66,4,2025-03-07
TXN-19119,South,Apparel,3,455.94,19,2025-03-13
TXN-19120,North,Apparel,4,250.38,8,2025-03-24
TXN-19121,South,Groceries,5,283.69,11,2025-05-23
TXN-19122,South,Apparel,6,111.34,18,2025-06-01
TXN-19123,North,Electronics,-2,211.42,15,2025-04-15
TXN-19124,East,Apparel,5,INVALID_PRICE,1,2025-04-01
TXN-19125,North,Home & Kitchen,9,111.16,14,2025-05-02
TXN-19126,West,Fitness,15,100.02,16,2025-04-29
TXN-19127,North,Groceries,18,261.73,16,2025-04-28
TXN-19128,West,Home & Kitchen,19,235.08,5,2025-03-25
TXN-19129,East,Books,6,231.32,8,2025-04-02
TXN-19130,East,Apparel,3,248.51,16,2025-03-17
TXN-19131,West,Books,11,277.40,24,2025-05-16
TXN-19132,East,Apparel,12,373.93,1,2025-03-22
TXN-19133,West,Books,15,296.14,7,2025-05-26
TXN-19134,South,Electronics,2,132.67,4,2025-03-28
TXN-19135,East,Fitness,9,41.38,24,2025-03-25
TXN-19136,West,Groceries,8,182.95,22,2025-04-13
TXN-19137,South,Home & Kitchen,2,218.82,5,2025-03-17
TXN-19138,West,Groceries,1,239.92,11,2025-03-16
TXN-19139,East,Fitness,5,235.27,7,2025-05-27
TXN-19140,South,Groceries,2,217.17,29,2025-04-03
TXN-19141,West,Apparel,20,376.94,16,2025-03-25
TXN-19142,South,Home & Kitchen,19,268.46,16,2025-05-30
TXN-19143,West,Electronics,8,196.87,1,2025-03-28
TXN-19144,North,Apparel,5,165.29,16,2025-04-24
TXN-19145,North,Fitness,11,499.54,7,2025-05-24
TXN-19146,North,Apparel,16,309.25,23,2025-03-04
TXN-19147,North,Books,17,466.09,26,2025-04-23
TXN-19148,North,Electronics,2,438.49,14,2025-04-08
TXN-19149,South,Books,16,122.88,19,2025-04-04
TXN-19150,East,Electronics,8,382.43,21,2025-04-24
TXN-19151,West,Books,13,364.90,8,2025-03-09
TXN-19152,South,Apparel,20,299.66,28,2025-04-11
TXN-19153,South,Home & Kitchen,19,297.81,21,2025-05-30
TXN-19154,East,Electronics,20,303.42,19,2025-03-28
TXN-19155,South,Apparel,11,335.38,25,2025-03-27
TXN-19156,North,Fitness,6,INVALID_PRICE,14,2025-04-05
TXN-19157,West,Fitness,19,130.44,11,2025-04-20
TXN-19158,West,Apparel,1,340.68,4,2025-05-06
TXN-19159,West,Fitness,7,485.08,15,2025-04-13
TXN-19160,East,Home & Kitchen,8,327.99,3,2025-03-30
TXN-19161,West,Books,2,54.77,1,2025-05-27
TXN-19162,East,Home & Kitchen,15,228.43,15,2025-03-19
TXN-19163,South,Apparel,17,422.93,26,2025-05-24
TXN-19164,North,Electronics,16,458.03,28,2025-03-12
TXN-19165,South,Fitness,10,352.83,9,2025-03-21
TXN-19166,East,Apparel,11,20.59,17,2025-03-17
TXN-19167,West,Fitness,-2,194.29,24,2025-05-27
TXN-19168,East,Books,1,137.72,20,2025-04-26
TXN-19169,West,Apparel,5,INVALID_PRICE,3,2025-03-31
TXN-19170,North,Groceries,-2,215.94,29,2025-05-04
TXN-19171,West,Fitness,3,27.74,13,2025-04-27
TXN-19172,East,Groceries,19,269.07,14,2025-05-12
TXN-19173,South,Groceries,1,426.86,3,2025-05-13
TXN-19174,North,Apparel,15,12.30,4,2025-03-16
TXN-19175,North,Home & Kitchen,18,93.61,10,2025-03-24
TXN-19176,West,Fitness,1,119.40,3,2025-04-18
TXN-19177,West,Groceries,2,421.93,12,2025-05-20
TXN-19178,South,Electronics,7,341.73,23,2025-05-12
TXN-19179,West,Books,19,369.85,9,2025-03-25
TXN-19180,West,Electronics,10,239.64,16,2025-04-29
TXN-19181,West,Electronics,12,20.83,14,2025-03-20
TXN-19182,South,Groceries,18,151.66,22,2025-05-22
TXN-19183,South,Electronics,3,300.86,6,2025-05-08
TXN-19184,North,Books,6,130.32,10,2025-05-07
TXN-19185,East,Apparel,13,474.25,8,2025-05-04
TXN-19186,North,Home & Kitchen,7,350.90,4,2025-04-20
TXN-19187,North,Electronics,14,66.72,21,2025-05-09
TXN-19188,North,Home & Kitchen,16,82.00,25,2025-05-20
TXN-19189,North,Apparel,7,177.97,1,2025-04-21
TXN-19190,North,Apparel,10,259.63,25,2025-05-31
TXN-19191,West,Apparel,6,51.58,8,2025-05-12
TXN-19192,North,Groceries,2,6.78,0,2025-05-30
TXN-19193,East,Groceries,11,92.03,25,2025-04-06
TXN-19194,East,Electronics,2,444.23,26,2025-04-20
TXN-19195,North,Home & Kitchen,6,28.50,3,2025-05-07
TXN-19196,West,Fitness,16,426.53,13,2025-03-18
TXN-19197,South,Home & Kitchen,11,276.27,19,2025-03-30
TXN-19198,East,Fitness,3,183.18,19,2025-05-19
TXN-19199,West,Electronics,8,354.94,13,2025-03-16
TXN-19200,North,Fitness,18,154.51,5,2025-04-27
TXN-19201,West,Apparel,10,257.33,17,2025-05-20
TXN-19202,East,Electronics,15,454.11,21,2025-03-23
TXN-19203,West,Apparel,19,331.53,26,2025-03-26
TXN-19204,West,Apparel,15,5.04,1,2025-04-18
TXN-19205,North,Home & Kitchen,20,87.47,13,2025-03-31
TXN-19206,East,Fitness,13,475.59,9,2025-03-23
TXN-19207,East,Books,14,89.32,11,2025-03-27
TXN-19208,South,Electronics,18,205.97,22,2025-05-07
TXN-19209,East,Groceries,1,408.70,2,2025-04-27
TXN-19210,South,Electronics,4,377.27,27,2025-05-04
TXN-19211,South,Home & Kitchen,3,157.38,18,2025-04-18
TXN-19212,North,Home & Kitchen,18,274.63,21,2025-03-15
TXN-19213,West,Home & Kitchen,10,103.19,13,2025-05-15
TXN-19214,South,Fitness,19,303.86,150,2025-05-24
TXN-19215,North,Fitness,3,309.45,24,2025-05-17
TXN-19216,West,Groceries,3,306.37,1,2025-04-15
TXN-19217,East,Books,7,420.34,19,2025-05-12
TXN-19218,North,Home & Kitchen,15,353.47,29,2025-03-28
TXN-19219,East,Groceries,17,16.02,29,2025-05-09
TXN-19220,East,Home & Kitchen,5,313.10,26,2025-05-05
TXN-19221,East,Fitness,8,286.29,25,2025-03-13
TXN-19222,South,Electronics,4,436.10,5,2025-04-20
TXN-19223,West,Electronics,6,273.41,22,2025-03-26
TXN-19224,North,Apparel,6,121.18,13,2025-05-12
TXN-19225,South,Books,9,494.31,11,2025-03-16
TXN-19226,South,Groceries,10,399.60,17,2025-05-16
TXN-19227,North,Apparel,2,475.68,25,2025-04-29
TXN-19228,North,Groceries,3,478.97,22,2025-04-24
TXN-19229,South,Fitness,20,155.60,17,2025-05-22
TXN-19230,North,Apparel,11,73.48,11,2025-05-06
TXN-19231,West,Fitness,17,183.02,7,2025-04-22
TXN-19232,South,Books,7,488.28,22,2025-04-30
TXN-19233,East,Books,7,58.78,17,2025-04-19
TXN-19234,North,Books,12,491.40,13,2025-05-01
TXN-19235,East,Books,12,260.14,8,2025-05-23
TXN-19236,East,Fitness,15,INVALID_PRICE,12,2025-05-27
TXN-19237,East,Apparel,12,266.49,3,2025-03-13
TXN-19238,South,Groceries,10,307.04,20,2025-03-06
TXN-19239,West,Apparel,6,314.55,29,2025-04-25
TXN-19240,South,Books,20,122.69,18,2025-03-11
TXN-19241,South,Apparel,16,433.23,13,2025-04-26
TXN-19242,South,Groceries,18,317.34,150,2025-04-08
TXN-19243,West,Fitness,13,271.00,25,2025-03-09
TXN-19244,South,Apparel,10,241.66,28,2025-05-07
TXN-19245,South,Electronics,20,353.42,19,2025-05-17
TXN-19246,East,Groceries,6,26.43,21,2025-04-07
TXN-19247,South,Apparel,19,111.50,12,2025-03-20
TXN-19248,North,Electronics,9,309.83,8,2025-05-13
TXN-19249,North,Fitness,8,417.71,19,2025-05-04
TXN-19250,West,Home & Kitchen,15,275.56,28,2025-05-24
TXN-19251,West,Electronics,3,175.57,10,2025-04-22
TXN-19252,South,Books,19,258.18,13,2025-03-13
TXN-19253,West,Groceries,14,77.90,1,2025-05-11
TXN-19254,South,Electronics,15,256.76,1,2025-04-06
TXN-19255,South,Fitness,20,210.91,10,2025-04-19
TXN-19256,East,Apparel,11,382.48,13,2025-05-29
TXN-19257,North,Fitness,5,378.40,14,2025-05-29
TXN-19258,South,Home & Kitchen,16,49.08,26,2025-03-11
TXN-19259,South,Home & Kitchen,13,102.95,5,2025-04-18
TXN-19260,West,Home & Kitchen,1,189.89,11,2025-04-25
TXN-19261,West,Fitness,8,441.05,2,2025-04-20
TXN-19262,North,Groceries,18,213.83,11,2025-03-26
TXN-19263,West,Apparel,12,301.59,3,2025-04-23
TXN-19264,North,Home & Kitchen,10,375.01,0,2025-03-24
TXN-19265,East,Apparel,3,214.83,10,2025-04-24
TXN-19266,West,Books,1,159.02,4,2025-05-06
TXN-19267,South,Electronics,19,436.42,27,2025-04-24
TXN-19268,South,Apparel,19,439.77,26,2025-04-16
TXN-19269,South,Fitness,17,272.82,10,2025-05-03
TXN-19270,North,Electronics,6,252.39,25,2025-04-03
TXN-19271,North,Books,1,168.51,4,2025-05-31
TXN-19272,North,Apparel,7,98.15,13,2025-05-18
TXN-19273,North,Fitness,9,464.24,9,2025-05-23
TXN-19274,West,Fitness,12,6.31,26,2025-05-22
TXN-19275,South,Books,12,104.11,5,2025-03-13
TXN-19276,South,Apparel,15,207.25,20,2025-03-18
TXN-19277,North,Fitness,12,380.47,23,2025-05-29
TXN-19278,North,Fitness,20,365.47,15,2025-04-12
TXN-19279,South,Home & Kitchen,17,397.04,12,2025-03-29
TXN-19280,East,Groceries,10,363.84,17,2025-05-01
TXN-19281,West,Home & Kitchen,18,306.43,11,2025-03-15
TXN-19282,East,Books,11,468.36,150,2025-04-13
TXN-19283,North,Apparel,11,329.47,8,2025-04-17
TXN-19284,West,Home & Kitchen,2,27.91,28,2025-04-29
TXN-19285,North,Apparel,19,172.56,8,2025-04-19
TXN-19286,West,Groceries,17,209.31,24,2025-04-15
TXN-19287,East,Electronics,3,213.93,24,2025-04-10
TXN-19288,South,Books,17,449.34,30,2025-04-20
TXN-19289,North,Apparel,11,299.52,27,2025-05-09
TXN-19290,East,Home & Kitchen,10,60.45,0,2025-04-20
TXN-19291,East,Books,8,249.84,13,2025-03-14
TXN-19292,East,Electronics,18,330.71,5,2025-04-28
TXN-19293,South,Electronics,7,237.64,3,2025-05-14
TXN-19294,East,Apparel,11,126.76,4,2025-04-14
TXN-19295,East,Apparel,17,29.07,1,2025-05-13
TXN-19296,West,Electronics,3,192.92,4,2025-03-08
TXN-19297,South,Home & Kitchen,9,131.46,21,2025-03-15
TXN-19298,South,Groceries,18,5.15,10,2025-03-21
TXN-19299,East,Electronics,5,35.08,13,2025-05-30
TXN-19300,West,Groceries,11,470.80,29,2025-05-30
TXN-19301,West,Electronics,17,290.02,14,2025-05-07
TXN-19302,South,Apparel,1,496.75,7,2025-03-13
TXN-19303,West,Apparel,9,235.40,26,2025-04-13
TXN-19304,North,Home & Kitchen,19,70.15,11,2025-03-23
TXN-19305,North,Electronics,17,404.20,6,2025-04-09
TXN-19306,South,Books,8,79.20,23,2025-03-11
TXN-19307,North,Groceries,2,224.95,18,2025-04-17
TXN-19308,South,Apparel,18,493.77,6,2025-03-27
TXN-19309,East,Apparel,5,127.60,22,2025-04-14
TXN-19310,South,Books,3,INVALID_PRICE,4,2025-04-01
TXN-19311,West,Groceries,20,248.87,22,2025-05-16
TXN-19312,West,Groceries,7,397.89,4,2025-05-25
TXN-19313,North,Books,7,6.36,1,2025-03-26
TXN-19314,South,Books,8,84.02,5,2025-04-06
TXN-19315,South,Apparel,17,9.38,19,2025-04-11
TXN-19316,East,Fitness,6,494.51,13,2025-04-02
TXN-19317,East,Books,2,498.74,6,2025-04-24
TXN-19318,West,Fitness,9,146.65,4,2025-04-07
TXN-19319,West,Home & Kitchen,1,453.57,5,2025-05-06
TXN-13413,South,Fitness,10,429.96,11,2025-03-05
TXN-19321,East,Home & Kitchen,3,37.04,28,2025-03-19
TXN-19322,East,Electronics,6,450.84,15,2025-03-24
TXN-19323,North,Books,10,304.52,23,2025-05-31
TXN-19324,East,Fitness,14,114.97,22,2025-04-13
TXN-19325,East,Books,8,214.79,30,2025-03-11
TXN-19326,North,Apparel,15,179.83,10,2025-05-19
TXN-19327,North,Home & Kitchen,7,474.68,13,2025-03-15
TXN-19328,West,Groceries,13,319.75,18,2025-04-27
TXN-19329,East,Home & Kitchen,5,274.46,11,2025-05-11
TXN-19330,East,Books,15,158.66,1,2025-03-18
TXN-19331,North,Apparel,12,153.21,25,2025-03-12
TXN-19332,East,Groceries,17,134.28,18,2025-04-11
TXN-19333,West,Groceries,5,17.13,12,2025-04-09
TXN-19334,West,Books,4,465.00,1,2099-12-31
TXN-19335,East,Home & Kitchen,19,163.18,2,2025-04-07
TXN-19336,North,Electronics,15,320.57,14,2025-03-19
TXN-19337,North,Electronics,8,312.75,5,2025-04-04
TXN-19338,West,Fitness,19,235.45,17,2025-04-07
TXN-19339,North,Apparel,10,357.84,16,2025-04-28
TXN-19340,South,Home & Kitchen,19,375.10,17,2025-04-24
TXN-19341,West,Home & Kitchen,8,190.85,5,2025-04-08
TXN-19342,North,Books,16,65.24,1,2025-05-14
TXN-18881,South,Groceries,5,158.42,22,2025-05-31
TXN-19344,North,Home & Kitchen,12,284.27,3,2025-03-28
TXN-19345,East,Fitness,16,135.54,12,2025-05-24
TXN-19346,West,Electronics,15,261.99,14,2025-04-09
TXN-19347,North,Books,1,245.99,23,2025-04-26
TXN-19348,East,Home & Kitchen,8,471.74,6,2025-03-26
TXN-19349,West,Groceries,11,151.74,24,2025-05-01
TXN-19350,West,Apparel,20,133.91,29,2025-04-24
TXN-19351,North,Fitness,7,211.29,12,2025-03-08
TXN-19352,West,Fitness,10,463.84,3,2025-05-15
TXN-19353,North,Fitness,17,7.57,23,2025-05-29
TXN-19354,East,Books,18,389.24,18,2025-04-13
TXN-19355,South,Apparel,20,84.57,19,2025-03-28
TXN-19356,South,Books,4,308.92,12,2025-05-27
TXN-19357,East,Books,20,351.92,9,2025-03-05
TXN-19358,West,Books,6,160.64,20,2025-04-21
TXN-19359,East,Groceries,14,335.59,24,2025-04-23
TXN-19360,South,Apparel,2,197.88,0,2025-04-03
TXN-19361,South,Groceries,12,170.05,6,2025-05-04
TXN-19362,South,Apparel,20,450.36,27,2025-04-29
TXN-19363,West,Home & Kitchen,1,421.55,5,2025-03-26
TXN-19364,North,Fitness,-3,292.60,8,2025-03-20
TXN-19365,North,Home & Kitchen,10,231.75,22,2025-04-22
TXN-19366,North,Apparel,5,379.47,15,2025-04-16
TXN-19367,South,Apparel,20,358.47,3,2025-04-01
TXN-19368,West,Electronics,7,334.91,16,2025-03-17
TXN-19369,South,Groceries,13,437.27,22,2025-04-27
TXN-19370,South,Groceries,5,148.97,27,2025-04-22
TXN-19371,South,Electronics,7,73.50,26,2025-03-14
TXN-19372,East,Electronics,16,89.90,7,2025-03-24
TXN-19373,West,Electronics,16,435.09,14,2025-03-16
TXN-19374,West,Home & Kitchen,14,484.08,21,2025-03-08
TXN-19375,South,Books,15,149.53,26,2025-04-21
TXN-19376,West,Books,4,394.88,17,2025-04-05
TXN-19377,West,Home & Kitchen,5,485.63,12,2025-04-07
TXN-19378,North,Apparel,15,35.26,21,2025-04-16
TXN-19379,East,Groceries,16,407.60,4,2025-03-21
TXN-19380,West,Books,10,231.89,16,2025-04-09
TXN-19381,West,Groceries,1,498.75,6,2025-03-24
TXN-19382,West,Fitness,18,437.05,17,2025-05-22
TXN-19383,East,Books,5,204.82,14,2025-04-22
TXN-19384,East,Books,2,184.05,5,2025-05-04
TXN-19385,East,Electronics,9,425.12,3,2025-05-16
TXN-19386,South,Home & Kitchen,3,178.00,5,2025-04-26
TXN-19387,North,Groceries,4,136.35,14,2025-05-05
TXN-19388,South,Home & Kitchen,-4,199.26,18,2025-04-22
TXN-19389,North,Groceries,17,159.10,27,2025-05-21
TXN-19390,North,Fitness,13,228.14,14,2025-05-16
TXN-19391,East,Fitness,7,262.11,4,2025-04-30
TXN-19392,West,Electronics,11,30.76,26,2025-05-15
TXN-19393,West,Home & Kitchen,8,83.37,16,2025-03-10
TXN-19394,East,Fitness,2,402.12,18,2025-04-03
TXN-19395,West,Home & Kitchen,4,483.35,21,2025-03-13
TXN-19396,West,Groceries,9,391.74,8,2025-04-09
TXN-19397,South,Groceries,15,228.94,26,2025-03-13
TXN-19398,North,Books,5,182.68,24,2025-04-17
TXN-19399,East,Books,7,57.15,13,2025-05-11
TXN-19400,East,Home & Kitchen,2,414.02,19,2025-05-15
TXN-19401,South,Fitness,2,26.18,21,2025-04-27
TXN-19402,South,Electronics,4,282.00,17,2025-05-08
TXN-19403,South,Electronics,17,116.33,16,2025-05-30
TXN-19404,North,Home & Kitchen,4,71.17,15,2025-05-22
TXN-19405,South,Apparel,6,256.26,4,2025-03-31
TXN-19406,East,Groceries,17,116.27,9,2025-03-05
TXN-19407,South,Fitness,8,14.99,13,2025-03-07
TXN-19408,North,Fitness,19,339.60,22,2025-04-29
TXN-19409,East,Fitness,5,418.39,6,2025-04-14
TXN-19410,West,Books,14,431.69,15,2025-04-15
TXN-19411,West,Books,12,348.65,24,2025-03-27
TXN-19412,North,Home & Kitchen,3,43.24,23,2025-03-09
TXN-19413,North,Groceries,10,428.81,9,2025-05-16
TXN-19414,South,Groceries,13,61.04,8,2025-03-15
TXN-19415,North,Apparel,9,445.71,4,2025-04-23
TXN-19416,West,Fitness,18,444.13,19,2025-05-06
TXN-19417,West,Apparel,19,150.48,11,2025-04-05
TXN-19418,South,Home & Kitchen,6,16.69,29,2025-05-06
TXN-19419,North,Groceries,8,475.22,1,2025-05-22
TXN-19420,East,Electronics,8,18.18,15,2025-03-07
TXN-19421,North,Books,13,15.66,9,2025-03-18
TXN-19422,North,Books,16,352.90,27,2025-04-02
TXN-19423,South,Fitness,7,207.14,18,2025-03-28
TXN-19424,South,Home & Kitchen,13,330.55,28,2025-05-05
TXN-19425,East,Home & Kitchen,7,223.70,18,2025-03-12
TXN-19426,South,Fitness,4,73.05,28,2025-03-15
TXN-15433,West,Groceries,6,279.02,9,2025-05-20
TXN-19428,East,Books,20,450.92,7,2025-03-10
TXN-19429,North,Groceries,4,358.16,19,2025-04-14
TXN-19430,South,Groceries,7,89.51,10,2025-05-04
TXN-19431,East,Electronics,4,116.52,7,2025-04-24
TXN-19432,West,Groceries,15,343.47,17,2025-05-17
TXN-19433,North,Apparel,6,406.25,8,2025-05-14
TXN-19434,East,Groceries,4,140.93,27,2025-05-28
TXN-19435,West,Books,4,44.76,10,2025-03-11
TXN-16823,South,Apparel,9,52.90,11,2025-04-22
TXN-19437,West,Apparel,9,255.90,24,2025-03-15
TXN-19438,West,Electronics,4,86.50,18,2025-05-28
TXN-19439,North,Home & Kitchen,1,353.30,13,2025-05-05
TXN-19440,South,Home & Kitchen,17,398.96,10,2025-04-10
TXN-19441,South,Electronics,7,48.80,22,2025-04-24
TXN-19442,North,Home & Kitchen,17,28.16,5,2025-05-19
TXN-19443,West,Books,18,416.05,11,2025-04-19
TXN-19444,West,Groceries,15,420.85,24,2025-04-14
TXN-19445,North,Fitness,-3,299.46,1,2025-05-06
TXN-19446,South,Home & Kitchen,1,337.74,23,2025-05-14
TXN-19447,North,Books,19,8.28,4,2025-03-04
TXN-10189,North,Home & Kitchen,5,82.75,1,2025-03-12
TXN-19449,South,Groceries,10,15.93,11,2025-05-16
TXN-19450,East,Fitness,9,48.88,11,2025-05-02
TXN-19451,West,Electronics,3,238.83,15,2025-03-23
TXN-19452,South,Home & Kitchen,6,368.60,11,2025-05-17
TXN-19453,East,Fitness,9,169.46,1,2025-05-14
TXN-19454,South,Books,10,57.58,29,2025-05-09
TXN-19455,South,Home & Kitchen,16,196.89,23,2025-05-01
TXN-19456,North,Groceries,18,149.08,11,2025-03-11
TXN-19457,East,Home & Kitchen,11,399.00,26,2025-03-10
TXN-19458,West,Home & Kitchen,3,482.54,7,2025-05-12
TXN-19459,South,Apparel,7,177.85,18,2025-04-22
TXN-19460,South,Electronics,6,369.36,3,2025-03-07
TXN-19461,West,Fitness,3,232.14,5,2025-03-07
TXN-19462,South,Groceries,6,468.85,24,2025-04-02
TXN-19463,West,Books,5,54.14,20,2025-03-31
TXN-19464,West,Home & Kitchen,15,42.96,5,2025-05-28
TXN-19465,West,Groceries,2,141.43,15,2025-03-08
TXN-19466,North,Books,8,202.25,1,2025-05-04
TXN-19467,South,Books,1,181.17,5,2025-05-28
TXN-19468,West,Groceries,17,441.17,19,2025-05-26
TXN-19469,South,Groceries,18,215.90,9,2025-04-02
TXN-19470,West,Books,2,400.10,19,2025-05-20
TXN-19471,South,Groceries,20,154.57,8,2025-06-01
TXN-19472,West,Books,20,325.82,18,2025-03-06
TXN-17695,South,Books,14,106.91,17,2025-04-10
TXN-19474,North,Apparel,14,491.23,26,2025-05-12
TXN-19475,West,Fitness,15,98.33,13,2025-04-07
TXN-19476,North,Apparel,9,494.78,10,2025-03-30
TXN-19477,East,Groceries,13,240.41,20,2025-04-10
TXN-19478,West,Books,13,97.08,21,2025-03-20
TXN-19479,East,Groceries,6,199.72,27,2025-03-10
TXN-19480,West,Home & Kitchen,1,232.95,25,2025-05-31
TXN-19481,West,Books,10,159.29,18,2025-03-13
TXN-19482,North,Groceries,13,7.02,7,2025-04-02
TXN-19483,North,Fitness,6,343.33,23,2025-03-07
TXN-19484,West,Groceries,15,345.91,14,2025-05-14
TXN-19485,South,Home & Kitchen,20,15.08,24,2025-03-13
TXN-19486,West,Books,13,291.81,11,2025-05-04
TXN-19487,East,Groceries,18,231.62,17,2025-05-22
TXN-19488,South,Groceries,4,272.78,11,2025-03-22
TXN-19489,West,Fitness,20,381.29,4,2025-05-16
TXN-19490,North,Groceries,20,286.98,27,2025-03-15
TXN-19491,West,Electronics,17,181.64,5,2025-05-12
TXN-19492,North,Apparel,1,192.25,25,2025-05-12
TXN-19493,East,Electronics,15,169.99,15,2025-05-02
TXN-19494,North,Books,17,369.60,4,2025-05-25
TXN-19495,West,Fitness,18,439.89,8,2025-05-03
TXN-19496,West,Electronics,10,467.65,6,2025-04-26
TXN-19497,North,Books,4,471.63,16,2025-04-11
TXN-19498,South,Books,8,421.30,1,2025-03-12
TXN-19499,East,Apparel,10,439.11,26,2025-04-26
TXN-19500,East,Apparel,17,24.99,19,2025-05-24
TXN-19501,South,Home & Kitchen,7,432.21,2,2025-03-06
TXN-19502,West,Home & Kitchen,6,179.62,23,2025-04-02
TXN-19503,West,Fitness,3,190.74,25,2025-04-03
TXN-19504,North,Home & Kitchen,19,411.84,15,2025-05-22
TXN-19505,West,Groceries,-3,365.17,19,2025-03-18
TXN-19506,West,Fitness,10,446.82,14,2025-03-09
TXN-19507,East,Electronics,2,229.65,8,2025-04-27
TXN-19508,West,Books,11,268.90,6,2025-03-14
TXN-19509,East,Books,10,161.23,15,2025-04-23
TXN-19510,South,Fitness,1,492.60,3,2025-04-05
TXN-19511,South,Home & Kitchen,6,49.60,15,2025-04-11
TXN-19512,North,Electronics,12,94.84,3,2025-05-18
TXN-19513,South,Books,10,387.15,24,2025-03-07
TXN-19514,East,Electronics,7,300.20,6,2025-05-10
TXN-19515,West,Fitness,17,235.30,16,2025-03-19
TXN-19516,South,Apparel,15,426.81,20,2025-05-19
TXN-19517,South,Electronics,11,350.22,5,2025-05-16
TXN-19518,West,Fitness,13,451.55,7,2025-04-06
TXN-19519,West,Home & Kitchen,1,313.87,2,2025-04-01
TXN-19520,South,Fitness,19,223.43,13,2025-05-26
TXN-19521,East,Electronics,13,14.24,3,2025-04-19
TXN-19522,South,Electronics,2,474.28,18,2025-04-22
TXN-19523,South,Fitness,17,468.92,15,2025-04-07
TXN-19524,West,Apparel,18,45.53,26,2025-04-02
TXN-19525,East,Apparel,15,273.38,21,2025-03-26
TXN-19526,North,Home & Kitchen,18,265.18,5,2025-03-14
TXN-19527,North,Books,14,440.14,21,2025-04-20
TXN-19528,West,Groceries,3,259.77,20,2025-05-10
TXN-19529,East,Apparel,4,91.55,6,2025-05-14
TXN-19530,East,Electronics,12,31.76,20,2025-03-31
TXN-19531,East,Electronics,13,249.57,15,2025-04-07
TXN-11025,West,Groceries,10,366.05,11,2025-03-29
TXN-19533,West,Books,15,278.20,17,2025-04-13
TXN-19534,North,Fitness,16,368.95,29,2025-03-09
TXN-19535,West,Fitness,17,339.32,23,2025-05-14
TXN-19536,South,Home & Kitchen,17,167.41,2,2025-05-07
TXN-19537,West,Books,6,130.80,16,2025-04-30
TXN-19538,South,Electronics,17,165.96,18,2025-03-08
TXN-19539,South,Apparel,11,361.76,3,2025-04-27
TXN-19540,South,Electronics,10,192.78,23,2025-05-24
TXN-19541,West,Groceries,14,122.89,2,2025-03-20
TXN-19542,South,Groceries,4,472.72,28,2025-05-09
TXN-19543,West,Electronics,6,283.37,14,2025-03-14
TXN-19544,East,Home & Kitchen,1,188.43,12,2025-05-08
TXN-19545,East,Apparel,13,10.19,26,2025-03-25
TXN-19546,West,Groceries,17,37.18,6,2025-03-09
TXN-19547,East,Home & Kitchen,16,338.84,23,2025-03-29
TXN-19548,West,Electronics,4,309.20,18,2025-03-28
TXN-19549,East,Groceries,19,251.91,8,2025-04-15
TXN-19550,North,Electronics,4,323.31,14,2025-03-18
TXN-19551,West,Home & Kitchen,7,352.05,16,2025-03-16
TXN-19552,North,Home & Kitchen,5,358.82,26,2025-04-07
TXN-19553,East,Apparel,15,20.67,0,2025-03-18
TXN-18704,South,Apparel,7,345.34,8,2025-06-01
TXN-19555,West,Fitness,1,310.63,17,2025-05-03
TXN-19556,East,Books,14,313.49,6,2025-05-09
TXN-19557,South,Home & Kitchen,10,48.62,18,2025-05-18
TXN-19558,South,Electronics,3,336.93,1,2025-03-18
TXN-19559,East,Fitness,15,124.37,10,2025-03-30
TXN-19560,North,Fitness,13,128.60,29,2025-05-12
TXN-19561,South,Books,12,234.88,30,2025-03-09
TXN-19562,North,Home & Kitchen,8,232.81,21,2025-03-19
TXN-19563,South,Electronics,17,149.28,18,2025-05-23
TXN-19564,West,Fitness,13,77.56,10,2025-05-22
TXN-19565,North,Books,15,501.49,26,2025-04-26
TXN-19566,North,Home & Kitchen,10,295.39,24,2025-05-26
TXN-19567,West,Groceries,3,357.92,25,2025-03-07
TXN-19568,East,Fitness,3,264.18,3,2025-05-26
TXN-19569,South,Books,4,108.43,25,2025-05-14
TXN-19570,West,Electronics,20,112.83,5,2025-03-26
TXN-19571,West,Books,9,6.22,20,2025-04-14
TXN-19572,West,Fitness,16,80.38,8,2025-03-26
TXN-19573,East,Home & Kitchen,2,12.94,10,2025-04-13
TXN-19574,South,Fitness,5,242.25,8,2025-05-18
TXN-19575,East,Groceries,9,27.46,15,2025-03-20
TXN-19576,East,Electronics,4,345.33,13,2025-04-13
TXN-19577,East,Apparel,1,278.70,8,2025-03-10
TXN-19578,East,Home & Kitchen,4,235.67,7,2025-05-26
TXN-19579,North,Fitness,11,136.38,20,2025-03-17
TXN-19580,West,Electronics,10,122.25,17,2025-04-27
TXN-19581,East,Apparel,14,364.50,20,2025-05-11
TXN-19582,West,Home & Kitchen,12,360.54,5,2025-05-28
TXN-19583,South,Apparel,1,415.82,14,2025-05-14
TXN-19584,East,Apparel,18,273.56,18,2025-05-14
TXN-19585,West,Fitness,5,210.94,9,2025-05-08
TXN-19586,North,Fitness,12,435.22,22,2025-05-14
TXN-19587,North,Fitness,1,496.64,15,2025-05-17
TXN-19588,North,Apparel,3,44.24,5,2025-03-08
TXN-19589,West,Electronics,17,336.49,23,2025-03-27
TXN-19590,South,Apparel,8,319.23,21,2025-05-24
TXN-19591,East,Home & Kitchen,17,299.78,18,2025-05-21
TXN-19592,West,Groceries,1,40.91,28,2025-05-30
TXN-19593,East,Fitness,14,397.81,11,2099-12-31
TXN-19594,North,Fitness,10,312.70,13,2025-05-05
TXN-19595,South,Groceries,1,313.03,29,2025-04-22
TXN-19596,East,Fitness,5,241.79,8,2025-05-06
TXN-19597,West,Fitness,1,362.35,26,2025-03-04
TXN-19598,West,Electronics,19,374.69,0,2025-05-08
TXN-19599,North,Electronics,2,363.19,3,2025-05-20
TXN-19600,South,Books,9,279.91,4,2025-04-25
TXN-19601,North,Home & Kitchen,15,467.21,16,2025-05-15
TXN-19602,North,Apparel,18,487.39,27,2025-05-30
TXN-19603,North,Fitness,1,90.77,29,2025-04-24
TXN-19604,West,Electronics,12,332.76,14,2025-04-16
TXN-19605,North,Apparel,17,159.13,26,2025-03-30
TXN-19606,South,Electronics,12,489.08,1,2025-04-16
TXN-19607,West,Home & Kitchen,1,392.51,6,2099-12-31
TXN-19608,East,Home & Kitchen,7,161.03,28,2025-04-10
TXN-19609,East,Apparel,1,409.88,10,2025-04-24
TXN-19610,North,Fitness,11,149.19,28,2025-05-22
TXN-19611,West,Fitness,16,489.26,15,2025-04-16
TXN-16502,West,Home & Kitchen,19,432.92,24,2025-05-22
TXN-19613,South,Groceries,16,380.17,25,2025-06-01
TXN-19614,East,Books,5,384.75,7,2025-03-11
TXN-19615,West,Apparel,18,106.19,4,2025-06-01
TXN-19616,South,Home & Kitchen,11,386.59,10,2025-04-12
TXN-19617,North,Fitness,6,147.13,28,2025-04-13
TXN-19618,East,Electronics,14,139.63,27,2099-12-31
TXN-19619,East,Home & Kitchen,10,244.85,6,2025-04-18
TXN-19620,South,Electronics,6,115.65,3,2025-04-03
TXN-19621,North,Books,7,485.53,6,2025-03-18
TXN-19622,South,Groceries,7,210.44,29,2025-05-26
TXN-19623,West,Apparel,8,491.72,28,2025-05-20
TXN-19624,North,Fitness,8,51.21,9,2025-05-01
TXN-19625,North,Apparel,15,401.29,22,2025-04-16
TXN-19626,South,Fitness,14,INVALID_PRICE,12,2025-03-17
TXN-19627,West,Apparel,-3,342.37,24,2025-05-27
TXN-19628,North,Books,15,231.95,27,2025-03-30
TXN-19629,East,Groceries,18,502.49,7,2025-04-08
TXN-19630,South,Apparel,1,194.31,5,2025-04-07
TXN-19631,East,Groceries,13,51.57,21,2025-03-12
TXN-19632,East,Home & Kitchen,13,90.54,5,2025-05-13
TXN-19633,West,Fitness,12,457.53,23,2025-04-13
TXN-19634,West,Home & Kitchen,20,292.74,3,2025-03-20
TXN-19635,North,Books,11,455.30,5,2025-06-01
TXN-19636,West,Apparel,11,INVALID_PRICE,26,2025-03-22
TXN-19637,West,Home & Kitchen,5,277.33,1,2025-03-25
TXN-19638,North,Apparel,5,428.74,18,2025-05-07
TXN-19639,West,Groceries,7,13.43,21,2025-04-07
TXN-19640,South,Fitness,12,297.08,19,2025-04-15
TXN-19641,West,Electronics,8,488.44,24,2025-03-27
TXN-19642,South,Books,5,96.34,1,2025-03-18
TXN-19643,West,Home & Kitchen,9,248.75,4,2025-05-08
TXN-19644,South,Fitness,2,82.94,21,2099-12-31
TXN-19645,West,Apparel,17,364.62,18,2025-04-07
TXN-18418,North,Fitness,14,292.89,9,2025-03-23
TXN-19647,East,Electronics,14,305.30,3,2025-05-14
TXN-19648,South,Groceries,5,502.31,15,2025-03-11
TXN-19649,South,Books,3,41.38,16,2025-05-02
TXN-19650,West,Groceries,15,15.28,16,2025-05-13
TXN-19651,North,Books,19,118.75,28,2025-04-22
TXN-19652,East,Home & Kitchen,11,148.08,16,2025-04-04
TXN-19653,East,Books,6,14.11,3,2025-05-20
TXN-19654,West,Home & Kitchen,16,66.46,23,2025-05-09
TXN-19655,West,Home & Kitchen,13,234.49,28,2025-04-18
TXN-19656,West,Electronics,3,324.67,18,2025-03-21
TXN-19657,North,Groceries,13,391.48,18,2025-03-30
TXN-19658,North,Home & Kitchen,13,160.09,29,2025-04-13
TXN-19659,North,Electronics,5,132.08,28,2025-03-26
TXN-19660,South,Fitness,13,459.70,16,2025-03-09
TXN-19661,South,Electronics,2,6.46,8,2025-05-31
TXN-19662,South,Apparel,12,363.58,15,2025-05-06
TXN-19663,West,Books,5,477.68,27,2025-04-28
TXN-19664,West,Books,19,155.08,4,2025-03-06
TXN-19665,South,Electronics,12,311.64,11,2025-05-27
TXN-19666,East,Electronics,8,387.78,14,2025-04-09
TXN-19667,East,Books,10,INVALID_PRICE,19,2025-06-01
TXN-19668,West,Fitness,16,360.07,1,2025-05-05
TXN-19523,East,Groceries,17,11.45,18,2025-03-14
TXN-19670,South,Books,5,116.81,22,2025-05-13
TXN-19671,West,Fitness,6,471.69,17,2025-05-05
TXN-19672,North,Books,13,49.03,4,2025-03-20
TXN-19673,East,Electronics,15,503.26,24,2025-05-22
TXN-19674,North,Fitness,9,287.21,17,2025-03-15
TXN-19675,North,Groceries,16,107.81,21,2025-05-31
TXN-19676,South,Apparel,2,89.45,28,2025-03-13
TXN-19677,North,Electronics,2,433.47,25,2025-03-08
TXN-19678,South,Home & Kitchen,19,303.18,27,2025-05-07
TXN-19679,North,Electronics,10,275.00,20,2025-04-21
TXN-19680,South,Electronics,20,372.25,22,2025-03-13
TXN-19681,East,Groceries,20,134.31,12,2025-03-08
TXN-19682,North,Electronics,5,168.91,11,2025-05-13
TXN-19683,East,Apparel,8,50.31,29,2025-04-14
TXN-19684,East,Electronics,4,21.20,4,2025-03-13
TXN-19685,South,Books,17,498.93,7,2025-04-27
TXN-19686,West,Fitness,2,312.76,22,2025-05-21
TXN-19687,South,Fitness,10,340.59,22,2025-05-12
TXN-19688,East,Home & Kitchen,7,169.61,11,2025-03-27
TXN-19689,North,Books,16,204.07,17,2025-05-14
TXN-19690,West,Books,1,454.24,5,2025-05-25
TXN-19691,West,Groceries,19,326.68,11,2025-03-30
TXN-19692,North,Apparel,13,504.15,12,2025-05-24
TXN-19693,South,Apparel,6,205.26,30,2025-05-22
TXN-19694,South,Home & Kitchen,6,302.55,29,2025-03-11
TXN-19695,North,Apparel,5,196.11,12,2025-04-18
TXN-19696,West,Groceries,17,139.70,22,2025-05-19
TXN-19697,West,Groceries,11,269.14,7,2025-04-19
TXN-19698,South,Fitness,6,159.59,30,2025-03-06
TXN-19699,West,Electronics,16,261.24,8,2025-06-01
TXN-19700,South,Home & Kitchen,9,327.39,28,2025-06-01
TXN-19701,East,Books,9,119.80,4,2025-03-31
TXN-19702,West,Electronics,6,265.16,3,2025-03-24
TXN-19703,South,Home & Kitchen,14,281.93,19,2025-04-09
TXN-19704,South,Books,20,62.89,6,2025-05-18
TXN-19705,East,Electronics,17,330.05,3,2025-04-14
TXN-19706,South,Apparel,8,59.90,30,2025-03-17
TXN-19707,South,Electronics,3,17.47,10,2025-05-04
TXN-19708,West,Groceries,15,480.34,23,2025-04-09
TXN-19709,South,Books,16,446.24,23,2025-04-09
TXN-19710,North,Fitness,6,208.23,10,2025-03-28
TXN-19711,West,Home & Kitchen,17,139.49,22,2025-05-14
TXN-19712,West,Groceries,15,326.22,6,2025-04-12
TXN-19713,West,Electronics,8,110.88,8,2025-04-17
TXN-19714,West,Fitness,3,193.01,29,2025-05-03
TXN-19715,North,Books,17,224.43,1,2025-03-21
TXN-19716,West,Books,10,64.40,27,2025-04-08
TXN-19717,East,Fitness,4,217.33,24,2025-04-11
TXN-19718,West,Electronics,18,469.04,22,2025-05-05
TXN-19719,East,Fitness,8,55.59,21,2025-05-22
TXN-19720,West,Apparel,2,425.46,19,2025-05-31
TXN-19721,West,Fitness,17,168.74,2,2025-04-20
TXN-19722,South,Books,4,205.66,26,2025-06-01
TXN-19723,South,Electronics,11,459.03,17,2025-03-07
TXN-19724,West,Home & Kitchen,9,36.00,11,2025-04-04
TXN-19725,East,Electronics,20,181.20,17,2025-04-15
TXN-19726,East,Apparel,11,476.10,20,2025-03-17
TXN-19727,East,Fitness,16,40.90,24,2025-05-16
TXN-19728,North,Books,20,231.61,29,2025-05-13
TXN-19729,North,Home & Kitchen,19,113.40,5,2025-04-01
TXN-19730,South,Fitness,20,444.66,28,2025-03-09
TXN-19731,West,Home & Kitchen,6,371.88,21,2025-04-29
TXN-19732,East,Books,1,299.68,24,2025-03-17
TXN-19733,North,Home & Kitchen,16,195.32,6,2025-05-15
TXN-19734,South,Groceries,13,289.11,24,2025-04-27
TXN-19735,East,Fitness,17,11.64,5,2025-03-18
TXN-19736,East,Fitness,12,456.51,7,2025-05-07
TXN-19737,West,Apparel,2,448.10,10,2025-05-31
TXN-19738,West,Books,10,392.33,3,2025-03-09
TXN-19739,West,Groceries,14,186.05,7,2025-03-27
TXN-19740,South,Home & Kitchen,13,462.76,7,2025-05-09
TXN-19741,East,Home & Kitchen,10,107.52,20,2025-04-05
TXN-19742,West,Home & Kitchen,12,384.61,4,2025-04-20
TXN-19743,West,Apparel,4,58.38,21,2025-05-07
TXN-19744,West,Electronics,2,377.52,10,2025-05-18
TXN-19745,South,Groceries,9,322.38,3,2025-04-21
TXN-19746,South,Apparel,4,38.80,10,2025-03-26
TXN-19747,South,Fitness,10,453.72,16,2025-04-06
TXN-19748,South,Groceries,17,261.92,8,2025-03-10
TXN-19749,South,Home & Kitchen,9,213.50,17,2025-03-17
TXN-19750,South,Electronics,12,69.83,22,2025-05-24
TXN-19751,East,Fitness,17,427.19,15,2025-05-28
TXN-19752,West,Groceries,6,298.59,25,2025-05-03
TXN-19753,West,Groceries,20,197.10,16,2025-05-29
TXN-19754,West,Fitness,4,214.91,16,2025-03-08
TXN-19755,West,Home & Kitchen,19,36.40,30,2025-04-03
TXN-19756,South,Fitness,8,376.52,21,2025-03-04
TXN-19757,North,Apparel,17,373.33,15,2025-05-18
TXN-19758,North,Electronics,3,26.17,21,2025-04-20
TXN-19759,East,Groceries,18,270.28,20,2025-05-06
TXN-19760,North,Groceries,5,490.09,1,2025-03-08
TXN-19761,West,Groceries,15,376.28,24,2025-03-25
TXN-19762,North,Books,15,305.83,15,2025-03-10
TXN-19763,East,Books,13,106.26,11,2025-05-01
TXN-19764,North,Apparel,20,INVALID_PRICE,8,2025-03-24
TXN-19765,West,Apparel,18,123.91,7,2025-05-21
TXN-19766,West,Fitness,17,491.44,18,2025-04-16
TXN-16085,East,Electronics,16,59.57,21,2025-03-12
TXN-19768,East,Books,3,359.73,13,2025-04-06
TXN-19769,East,Groceries,19,132.17,12,2025-04-26
TXN-19770,East,Apparel,10,277.21,20,2025-05-21
TXN-19771,West,Books,9,145.40,1,2025-04-05
TXN-19772,East,Groceries,2,333.32,2,2025-03-29
TXN-19773,West,Apparel,3,50.53,27,2025-05-29
TXN-19774,North,Fitness,7,168.96,8,2025-04-29
TXN-19775,South,Apparel,1,251.69,21,2025-05-22
TXN-19776,West,Books,7,249.36,16,2025-05-16
TXN-19777,West,Fitness,3,449.36,23,2025-04-04
TXN-19778,West,Groceries,17,253.03,25,2025-04-15
TXN-19779,West,Books,11,125.95,15,2025-04-05
TXN-19780,East,Home & Kitchen,20,449.28,27,2025-06-01
TXN-19781,West,Books,3,212.93,5,2025-04-05
TXN-19782,West,Fitness,2,253.99,22,2025-04-05
TXN-19783,South,Electronics,11,67.57,24,2099-12-31
TXN-19784,East,Groceries,17,381.76,7,2025-03-20
TXN-19785,West,Groceries,7,284.65,26,2025-05-29
TXN-19786,South,Home & Kitchen,7,302.84,28,2025-03-16
TXN-19787,South,Electronics,17,26.18,10,2025-03-19
TXN-19788,South,Home & Kitchen,19,232.72,16,2025-04-12
TXN-19789,East,Home & Kitchen,19,186.07,8,2025-04-20
TXN-19790,South,Fitness,12,25.63,12,2025-03-10
TXN-19791,South,Fitness,18,424.45,9,2025-05-02
TXN-19792,South,Groceries,10,96.20,8,2025-05-07
TXN-19793,South,Groceries,7,341.39,0,2025-04-14
TXN-19794,South,Groceries,4,20.62,10,2025-03-28
TXN-19795,West,Fitness,20,244.02,1,2025-04-10
TXN-19796,North,Books,4,422.33,27,2025-04-22
TXN-19797,North,Home & Kitchen,19,415.51,4,2025-04-16
TXN-19798,North,Apparel,18,253.25,16,2025-05-23
TXN-19799,South,Home & Kitchen,6,223.64,18,2025-05-14
TXN-19800,South,Apparel,9,435.75,25,2025-05-28
TXN-19801,West,Fitness,10,448.80,20,2025-05-13
TXN-19802,West,Apparel,17,282.67,9,2025-04-30
TXN-19803,North,Home & Kitchen,1,304.91,9,2025-03-25
TXN-19804,East,Books,15,6.37,25,2025-04-27
TXN-19805,West,Books,19,124.04,6,2025-03-28
TXN-19806,East,Fitness,6,45.77,18,2025-03-17
TXN-19807,North,Electronics,20,180.15,1,2025-05-13
TXN-19808,East,Electronics,5,475.20,19,2025-05-02
TXN-19809,South,Groceries,16,53.69,5,2025-04-18
TXN-19810,East,Groceries,8,441.57,4,2025-03-17
TXN-19811,East,Books,13,435.94,3,2025-03-19
TXN-19812,North,Electronics,5,361.04,27,2025-03-26
TXN-19813,West,Home & Kitchen,1,45.78,16,2025-05-05
TXN-19814,East,Groceries,12,446.54,20,2025-04-01
TXN-19815,South,Fitness,6,170.08,23,2025-05-19
TXN-19816,North,Apparel,20,169.57,22,2025-04-20
TXN-19817,East,Apparel,2,120.87,19,2025-04-25
TXN-19818,South,Home & Kitchen,17,251.07,9,2099-12-31
TXN-19819,West,Home & Kitchen,14,175.13,11,2025-05-06
TXN-19820,West,Apparel,5,267.04,29,2025-06-01
TXN-19821,South,Groceries,18,91.26,26,2025-05-11
TXN-19822,South,Electronics,1,429.42,14,2025-03-14
TXN-19823,East,Apparel,17,287.63,21,2025-04-27
TXN-19824,South,Home & Kitchen,1,253.46,29,2025-05-04
TXN-19825,North,Electronics,9,412.84,27,2025-03-18
TXN-19826,West,Books,19,27.64,26,2025-05-05
TXN-19827,North,Books,6,382.39,11,2025-03-06
TXN-19828,East,Fitness,17,350.56,7,2025-05-22
TXN-19829,South,Groceries,3,438.09,14,2025-03-16
TXN-19830,West,Groceries,8,317.70,1,2025-03-18
TXN-19831,East,Books,10,206.79,22,2025-05-24
TXN-19832,West,Home & Kitchen,1,186.30,24,2025-05-17
TXN-19833,East,Electronics,1,158.63,20,2025-04-29
TXN-19834,West,Electronics,10,174.19,14,2025-04-13
TXN-19835,North,Electronics,5,62.21,5,2025-05-03
TXN-19836,West,Fitness,14,44.13,19,2025-05-16
TXN-19837,East,Fitness,19,37.14,29,2025-03-10
TXN-19838,North,Home & Kitchen,9,115.86,6,2025-03-24
TXN-19839,South,Electronics,7,85.41,1,2025-04-07
TXN-19840,South,Apparel,15,416.44,2,2025-04-19
TXN-19841,East,Apparel,20,104.56,150,2025-05-15
TXN-19842,West,Groceries,18,37.39,21,2025-05-22
TXN-19843,South,Groceries,18,172.68,17,2025-05-30
TXN-19844,South,Fitness,17,243.40,24,2025-04-25
TXN-19845,North,Apparel,10,146.40,3,2025-03-31
TXN-19846,West,Electronics,1,INVALID_PRICE,13,2025-04-15
TXN-19847,West,Apparel,4,413.42,7,2025-04-01
TXN-19848,West,Home & Kitchen,15,274.93,30,2025-03-22
TXN-19849,North,Apparel,20,257.90,23,2025-04-11
TXN-19850,South,Electronics,9,237.28,10,2025-04-16
TXN-19851,East,Fitness,14,42.49,8,2025-03-15
TXN-12882,South,Fitness,2,333.97,11,2025-04-09
TXN-19853,East,Home & Kitchen,16,154.49,25,2025-03-21
TXN-19854,North,Fitness,7,327.92,11,2025-03-24
TXN-19855,South,Electronics,4,191.84,15,2025-05-02
TXN-19856,West,Books,14,270.87,7,2025-03-26
TXN-19857,East,Apparel,5,47.55,15,2025-03-21
TXN-19858,South,Books,4,380.74,23,2025-04-01
TXN-19859,North,Books,2,120.34,10,2025-05-28
TXN-19860,South,Apparel,16,37.99,12,2025-03-17
TXN-19861,South,Apparel,8,45.54,22,2025-03-18
TXN-19862,West,Fitness,19,357.00,27,2025-04-27
TXN-19863,South,Apparel,5,172.62,29,2025-03-11
TXN-19864,East,Home & Kitchen,15,449.27,24,2025-04-26
TXN-19865,East,Books,10,447.07,9,2025-04-28
TXN-19866,East,Books,4,101.61,14,2025-05-01
TXN-19867,East,Groceries,12,442.28,21,2025-05-14
TXN-19868,West,Home & Kitchen,9,57.86,16,2025-04-28
TXN-19869,North,Books,16,468.81,28,2025-05-12
TXN-19870,South,Fitness,14,336.43,17,2025-05-19
TXN-19871,North,Books,9,166.20,11,2025-05-21
TXN-19872,South,Fitness,5,270.05,12,2025-04-19
TXN-19873,West,Books,13,416.29,13,2025-04-25
TXN-19874,South,Apparel,13,480.13,28,2025-03-13
TXN-19875,West,Apparel,10,237.86,30,2025-03-09
TXN-19876,West,Electronics,19,121.22,10,2025-03-07
TXN-19877,South,Groceries,7,9.42,11,2025-04-06
TXN-19878,South,Apparel,6,213.95,12,2025-03-05
TXN-19879,South,Apparel,19,227.95,21,2025-05-27
TXN-19880,South,Fitness,13,53.54,3,2025-05-10
TXN-19881,North,Books,1,254.94,6,2025-03-28
TXN-15470,West,Apparel,3,333.27,7,2025-04-24
TXN-19883,North,Electronics,12,129.34,27,2025-05-24
TXN-19884,North,Electronics,9,239.77,27,2025-05-25
TXN-19885,West,Apparel,16,42.00,0,2025-03-21
TXN-19886,West,Apparel,8,71.50,11,2025-04-18
TXN-19887,South,Electronics,15,135.80,8,2025-05-05
TXN-19888,East,Apparel,15,300.04,6,2025-03-14
TXN-19889,South,Home & Kitchen,1,380.96,20,2025-05-09
TXN-19890,North,Electronics,6,345.80,25,2025-03-09
TXN-19891,South,Fitness,9,242.74,3,2025-05-09
TXN-19892,East,Fitness,1,293.01,24,2025-05-27
TXN-19893,West,Books,17,198.67,6,2025-05-08
TXN-19894,South,Apparel,16,36.67,21,2025-03-14
TXN-19895,South,Home & Kitchen,6,268.69,9,2025-03-26
TXN-19896,South,Books,15,216.28,22,2025-05-25
TXN-19897,South,Groceries,2,216.48,4,2025-03-07
TXN-19898,South,Books,5,500.83,29,2025-05-08
TXN-19899,East,Fitness,18,267.11,17,2025-04-22
TXN-19900,West,Apparel,18,24.29,5,2025-04-11
TXN-19901,North,Apparel,1,401.76,28,2025-04-24
TXN-19902,West,Electronics,1,246.36,29,2025-04-19
TXN-19903,South,Fitness,7,298.06,4,2025-03-11
TXN-19904,West,Fitness,18,203.48,9,2025-04-24
TXN-19905,West,Fitness,3,82.72,16,2025-03-31
TXN-19906,East,Home & Kitchen,12,169.27,21,2025-05-30
TXN-19907,West,Electronics,19,174.16,1,2025-04-10
TXN-19908,West,Apparel,4,117.20,23,2025-04-26
TXN-19909,South,Books,14,285.97,7,2025-03-04
TXN-19910,East,Groceries,11,469.23,5,2025-03-25
TXN-19911,West,Groceries,17,79.02,1,2025-04-08
TXN-19912,South,Electronics,19,315.89,24,2025-03-29
TXN-19913,East,Home & Kitchen,15,53.23,19,2025-03-30
TXN-19914,South,Books,1,138.02,3,2025-05-18
TXN-19915,East,Electronics,20,479.42,7,2025-05-26
TXN-19916,East,Home & Kitchen,3,191.22,9,2025-03-27
TXN-19917,North,Home & Kitchen,18,355.29,12,2025-03-21
TXN-19918,North,Home & Kitchen,3,330.13,3,2025-04-08
TXN-19919,South,Books,8,415.42,10,2025-05-27
TXN-19920,East,Fitness,6,291.00,18,2025-05-12
TXN-19921,East,Books,3,6.67,4,2025-04-03
TXN-19922,East,Home & Kitchen,8,468.78,29,2025-05-17
TXN-19923,North,Books,7,117.75,18,2025-05-16
TXN-19924,North,Home & Kitchen,14,377.71,29,2025-03-24
TXN-19925,East,Books,7,236.21,27,2025-03-05
TXN-19926,South,Electronics,9,69.82,4,2025-03-17
TXN-19927,North,Home & Kitchen,17,461.44,12,2025-04-06
TXN-19928,East,Books,5,484.99,12,2025-04-23
TXN-19929,South,Apparel,4,331.12,13,2025-05-13
TXN-19930,West,Books,18,301.74,22,2025-03-07
TXN-19931,South,Home & Kitchen,5,70.50,6,2025-04-12
TXN-19932,East,Home & Kitchen,-1,288.38,17,2025-04-07
TXN-19933,West,Apparel,14,342.04,14,2025-04-25
TXN-19934,West,Home & Kitchen,17,209.60,27,2025-05-02
TXN-19935,East,Home & Kitchen,9,270.38,15,2025-04-28
TXN-19936,West,Groceries,4,494.56,14,2025-04-29
TXN-19937,North,Home & Kitchen,11,134.65,28,2025-04-28
TXN-19938,North,Apparel,7,397.88,8,2025-03-11
TXN-10604,West,Groceries,20,8.83,26,2025-03-30
TXN-19940,East,Apparel,7,251.25,27,2025-05-05
TXN-19941,East,Groceries,14,101.15,24,2025-04-20
TXN-19942,South,Electronics,14,404.33,27,2025-04-06
TXN-19943,North,Home & Kitchen,20,295.80,29,2025-05-15
TXN-19944,West,Books,11,229.90,3,2025-05-17
TXN-19945,North,Books,18,392.13,12,2025-05-24
TXN-19946,North,Fitness,19,49.81,6,2025-04-19
TXN-19947,South,Books,3,26.84,16,2025-04-04
TXN-19948,South,Groceries,2,244.40,6,2025-03-31
TXN-19949,South,Books,13,485.91,25,2025-03-23
TXN-19950,West,Groceries,3,449.18,12,2025-03-18
TXN-19951,South,Groceries,1,474.53,15,2025-04-02
TXN-19952,West,Electronics,4,149.94,7,2025-05-25
TXN-19953,South,Books,20,496.08,8,2025-04-17
TXN-19954,East,Fitness,5,138.65,1,2025-03-07
TXN-19955,South,Apparel,19,415.07,10,2025-04-01
TXN-19956,South,Books,20,190.30,20,2025-05-10
TXN-19957,North,Apparel,19,477.32,1,2025-03-09
TXN-19958,South,Groceries,2,369.36,17,2025-04-14
TXN-19959,East,Groceries,7,397.27,15,2025-04-22
TXN-19960,East,Books,8,372.37,11,2025-04-25
TXN-19961,East,Electronics,20,62.74,16,2025-04-06
TXN-19962,East,Groceries,1,250.79,14,2025-05-13
TXN-19963,North,Books,12,104.25,19,2025-03-20
TXN-19964,South,Groceries,13,177.11,11,2025-03-14
TXN-19965,North,Books,3,471.47,27,2025-04-24
TXN-19966,South,Apparel,14,313.31,5,2025-04-28
TXN-19967,South,Electronics,4,158.51,10,2025-03-28
TXN-19968,South,Fitness,14,191.60,8,2025-03-20
TXN-19969,East,Home & Kitchen,1,37.84,0,2025-05-20
TXN-19970,South,Electronics,1,188.19,24,2025-03-23
TXN-19971,East,Books,3,382.76,12,2025-04-23
TXN-19972,West,Apparel,2,413.06,29,2025-04-23
TXN-19973,North,Electronics,7,378.98,11,2025-03-16
TXN-19974,North,Home & Kitchen,5,470.93,7,2025-04-24
TXN-19975,South,Home & Kitchen,8,457.23,12,2025-04-28
TXN-19976,South,Home & Kitchen,17,192.61,27,2025-03-24
TXN-19977,South,Apparel,8,485.70,20,2025-04-20
TXN-19978,East,Electronics,3,9.76,27,2025-04-29
TXN-19979,West,Groceries,15,246.00,1,2025-04-22
TXN-19980,West,Groceries,3,198.96,24,2025-05-17
TXN-19981,North,Apparel,3,56.11,11,2025-05-27
TXN-19982,East,Home & Kitchen,18,306.51,27,2025-05-24
TXN-19983,West,Fitness,16,193.68,28,2025-04-19
TXN-19984,South,Groceries,7,318.39,13,2025-04-02
TXN-19985,West,Books,9,254.22,6,2025-05-31
TXN-19986,East,Home & Kitchen,18,40.61,0,2025-04-29
TXN-19987,South,Apparel,14,7.38,21,2025-03-30
TXN-19988,North,Fitness,3,345.31,7,2025-04-24
TXN-19989,West,Groceries,16,500.98,0,2025-03-25
TXN-19990,East,Electronics,14,154.23,29,2025-03-22
TXN-19991,North,Fitness,1,297.93,28,2025-04-19
TXN-19992,South,Books,1,465.04,27,2025-05-10
TXN-19993,East,Electronics,20,399.41,19,2025-05-18
TXN-19994,South,Fitness,8,95.32,6,2025-05-21
TXN-19995,North,Home & Kitchen,1,267.83,15,2025-03-27
TXN-19996,North,Fitness,2,190.45,5,2025-05-20
TXN-19997,North,Groceries,10,199.95,1,2025-03-27
TXN-19998,South,Electronics,6,269.61,24,2025-04-27
TXN-19999,South,Fitness,8,227.26,5,2025-04-11
TXN-20000,West,Apparel,17,334.07,7,2025-04-11
